username,model,k,avg_ndcg_at_k,std_ndcg_at_k,avg_precision_at_k,std_precision_at_k,avg_mrr_at_k,std_mrr_at_k,avg_relevant_hits_at_k,avg_strong_hits_at_k,avg_test_relevant,avg_test_strong_relevant,valid_runs,score_count,avg_train_count,avg_candidate_count,avg_knn_neighbors,feature_set,feature_columns,n_features,feature_rows,bayesian_uncertainty_weight,clip_predictions,n_runs,random_state,svd_explained_variance
Vurnox,knn_all_available,5,0.8457799466472327,0.123016204314906,0.958,0.0996762435856886,1.0,0.0,4.79,3.77,106.18,45.76,100,661,496.0,4363.0,496.0,complete_numeric_only,"mean,popularity,watching",3,4859,15,False,100,42,0.1278304014210229
DaiShi57,knn_all_available,5,0.8127307273120908,0.1835164401518789,0.772,0.2050277143128793,0.97,0.1388989895317071,3.86,3.86,15.44,15.44,100,190,142.0,4717.0,142.0,complete_numeric_only,"mean,popularity,watching",3,4859,15,False,100,42,0.1278304014210229
IM_C4,knn_all_available,5,0.6049228436457543,0.1941398520133885,0.5539999999999999,0.192495572558294,0.9041666666666668,0.2282561495539673,2.77,2.77,41.06,26.91,100,228,171.0,4688.0,171.0,complete_numeric_only,"mean,popularity,watching",3,4859,15,False,100,42,0.1278304014210229
Vurnox,bayesian_ridge,5,0.6012160097168543,0.1930798213508501,0.624,0.1639906378209722,0.9091666666666668,0.2122427802195662,3.12,2.5,106.18,45.76,100,661,496.0,4363.0,,complete_numeric_only,"mean,popularity,watching",3,4859,15,False,100,42,0.1278304014210229
Irseus,knn_all_available,5,0.5636297942494417,0.1611919562952872,0.71,0.1592279352172079,0.955,0.1438117456323306,3.55,2.18,187.09,26.89,100,775,581.0,4278.0,581.0,complete_numeric_only,"mean,popularity,watching",3,4859,15,False,100,42,0.1278304014210229
Edison-great,knn_all_available,5,0.5583462016033333,0.2175083200877812,0.564,0.2190521362229512,0.9045,0.2170852599809809,2.82,2.29,90.2,39.17,100,459,344.0,4515.0,344.0,complete_numeric_only,"mean,popularity,watching",3,4859,15,False,100,42,0.1278304014210229
MeloniaShaby,knn_all_available,5,0.5224607377114885,0.1805373750208764,0.516,0.1612576832403355,0.9056666666666666,0.2300053676238937,2.58,2.24,45.98,25.59,100,220,165.0,4694.0,165.0,complete_numeric_only,"mean,popularity,watching",3,4859,15,False,100,42,0.1278304014210229
xF0x,knn_all_available,5,0.5199994410279924,0.2328579571049862,0.462,0.239013122500152,0.912,0.2727636339397171,2.31,2.09,20.45,12.71,100,135,101.0,4758.0,101.0,complete_numeric_only,"mean,popularity,watching",3,4859,15,False,100,42,0.1278304014210229
Vurnox,global_mean,5,0.4517402665199571,0.1732748230478807,0.574,0.2101562670149442,0.607,0.2118962010041709,2.87,2.25,106.18,45.76,100,661,496.0,4363.0,,complete_numeric_only,"mean,popularity,watching",3,4859,15,False,100,42,0.1278304014210229
TheRealist68,knn_all_available,5,0.4470979541494456,0.1917979129618182,0.442,0.1891928629571935,0.7023333333333334,0.3176444235272828,2.21,2.08,23.96,11.67,100,149,112.0,4747.0,112.0,complete_numeric_only,"mean,popularity,watching",3,4859,15,False,100,42,0.1278304014210229
GrumbleDango,knn_all_available,5,0.4393757489862211,0.2170936551002895,0.482,0.212906770510693,0.5915,0.2633047229055664,2.41,2.21,85.95,51.45,100,488,366.0,4493.0,366.0,complete_numeric_only,"mean,popularity,watching",3,4859,15,False,100,42,0.1278304014210229
Siipn,bayesian_ridge,5,0.424374161730889,0.1588005477413895,0.5760000000000001,0.099615422115415,0.81,0.2889374473564278,2.88,1.64,87.15,16.15,100,448,336.0,4523.0,,complete_numeric_only,"mean,popularity,watching",3,4859,15,False,100,42,0.1278304014210229
DanteNani2004,bayesian_ridge,5,0.3911156673340652,0.2136351974066528,0.324,0.1815310864660247,0.7561666666666667,0.3678482263388677,1.62,1.59,17.19,8.18,100,75,56.0,4803.0,,complete_numeric_only,"mean,popularity,watching",3,4859,15,False,100,42,0.1278304014210229
DaiShi57,bayesian_ridge,5,0.3872882068493675,0.2173579654410294,0.3379999999999999,0.1963196733427756,0.6848333333333333,0.3661236796788059,1.69,1.69,15.44,15.44,100,190,142.0,4717.0,,complete_numeric_only,"mean,popularity,watching",3,4859,15,False,100,42,0.1278304014210229
GrumbleDango,bayesian_ridge,5,0.3827785206773316,0.2078664681125162,0.422,0.1946662515562199,0.7191666666666667,0.3373193909230609,2.11,1.51,85.95,51.45,100,488,366.0,4493.0,,complete_numeric_only,"mean,popularity,watching",3,4859,15,False,100,42,0.1278304014210229
Edison-great,bayesian_ridge,5,0.3712486830701003,0.2058307329877322,0.428,0.1990279407824972,0.6934999999999999,0.3211921448905529,2.14,1.57,90.2,39.17,100,459,344.0,4515.0,,complete_numeric_only,"mean,popularity,watching",3,4859,15,False,100,42,0.1278304014210229
KSTTK,knn_all_available,5,0.3564126299902691,0.2103484506978495,0.32,0.192799681461659,0.69,0.3654709613211746,1.6,1.4,27.24,5.73,100,138,104.0,4755.0,104.0,complete_numeric_only,"mean,popularity,watching",3,4859,15,False,100,42,0.1278304014210229
dareggon,knn_all_available,5,0.3386170231015126,0.1959848123441757,0.414,0.2313858118800587,0.7928333333333333,0.3507587974758922,2.07,1.17,32.02,12.67,100,145,109.0,4750.0,109.0,complete_numeric_only,"mean,popularity,watching",3,4859,15,False,100,42,0.1278304014210229
HumanRat,knn_all_available,5,0.33283804787692,0.2033722664475383,0.314,0.1954120226236313,0.7931666666666666,0.3599717456801172,1.57,1.12,34.29,9.94,100,161,121.0,4738.0,121.0,complete_numeric_only,"mean,popularity,watching",3,4859,15,False,100,42,0.1278304014210229
pensa89,knn_all_available,5,0.3259261817260662,0.1980825603751342,0.32,0.1632993161855452,0.7195,0.3698594919304407,1.6,1.13,18.79,7.16,100,92,69.0,4790.0,69.0,complete_numeric_only,"mean,popularity,watching",3,4859,15,False,100,42,0.1278304014210229
LocNguyen,knn_all_available,5,0.2983968421494024,0.1643091497751554,0.396,0.1819756893520436,0.8058333333333333,0.3033795336111871,1.98,1.0,60.88,33.29,100,572,421.0,4438.0,421.0,complete_numeric_only,"mean,popularity,watching",3,4859,15,False,100,42,0.1278304014210229
Haileytokar,knn_all_available,5,0.29459139773908,0.1885801421578982,0.322,0.1726677196645088,0.5816666666666667,0.3657971017392741,1.61,1.3,41.49,16.4,100,198,148.0,4711.0,148.0,complete_numeric_only,"mean,popularity,watching",3,4859,15,False,100,42,0.1278304014210229
LocNguyen,global_mean,5,0.2882631261268447,0.1598286627637229,0.316,0.1561661896438495,0.465,0.3420944599502006,1.58,1.58,60.88,33.29,100,572,421.0,4438.0,,complete_numeric_only,"mean,popularity,watching",3,4859,15,False,100,42,0.1278304014210229
Siipn,global_mean,5,0.2831644558941165,0.1826654669471878,0.26,0.1740776559556978,0.5516666666666666,0.3652213633126868,1.3,1.3,87.15,16.15,100,448,336.0,4523.0,,complete_numeric_only,"mean,popularity,watching",3,4859,15,False,100,42,0.1278304014210229
Siipn,knn_all_available,5,0.2637790278289725,0.2493133294458887,0.342,0.284686607775049,0.5635,0.395099718904972,1.71,1.0,87.15,16.15,100,448,336.0,4523.0,336.0,complete_numeric_only,"mean,popularity,watching",3,4859,15,False,100,42,0.1278304014210229
MarnikBe,knn_all_available,5,0.2361373136680908,0.186336856203979,0.212,0.1552319867068952,0.5101666666666667,0.4198691408027371,1.06,1.05,32.63,17.87,100,163,122.0,4737.0,122.0,complete_numeric_only,"mean,popularity,watching",3,4859,15,False,100,42,0.1278304014210229
IM_C4,global_mean,5,0.2197587568108693,0.1858200124335857,0.204,0.1681269361722465,0.4475,0.3881043674065005,1.02,1.02,41.06,26.91,100,228,171.0,4688.0,,complete_numeric_only,"mean,popularity,watching",3,4859,15,False,100,42,0.1278304014210229
DanteNani2004,global_mean,5,0.2160002767868208,0.074613008738179,0.32,0.1137070487229922,0.41,0.3278334142132974,1.6,1.37,17.19,8.18,100,75,56.0,4803.0,,complete_numeric_only,"mean,popularity,watching",3,4859,15,False,100,42,0.1278304014210229
DaiShi57,global_mean,5,0.2073654745171096,0.1792497985171407,0.196,0.1530300030000059,0.43,0.4052683360964982,0.98,0.98,15.44,15.44,100,190,142.0,4717.0,,complete_numeric_only,"mean,popularity,watching",3,4859,15,False,100,42,0.1278304014210229
Edison-great,global_mean,5,0.1945481783760879,0.1637611616678642,0.196,0.1503665554905777,0.3883333333333333,0.3847580025661851,0.98,0.98,90.2,39.17,100,459,344.0,4515.0,,complete_numeric_only,"mean,popularity,watching",3,4859,15,False,100,42,0.1278304014210229
pensa89,global_mean,5,0.1926055705326615,0.1744519754585826,0.204,0.1681269361722465,0.4675,0.3903103530745395,1.02,0.71,18.79,7.16,100,92,69.0,4790.0,,complete_numeric_only,"mean,popularity,watching",3,4859,15,False,100,42,0.1278304014210229
TheRealist68,global_mean,5,0.1879204510121867,0.1785664018026431,0.166,0.1478601577931874,0.415,0.4085883557377087,0.83,0.83,23.96,11.67,100,149,112.0,4747.0,,complete_numeric_only,"mean,popularity,watching",3,4859,15,False,100,42,0.1278304014210229
alfalfy,knn_all_available,5,0.1666347077134939,0.1535903768332177,0.196,0.1503665554905777,0.3746666666666667,0.3745216178003286,0.98,0.77,35.49,19.37,100,161,121.0,4738.0,121.0,complete_numeric_only,"mean,popularity,watching",3,4859,15,False,100,42,0.1278304014210229
Moonshyla,global_mean,5,0.1593093163254639,0.1764179816182058,0.16,0.1477097891751992,0.445,0.4013550281058636,0.8,0.52,35.29,7.28,100,144,108.0,4751.0,,complete_numeric_only,"mean,popularity,watching",3,4859,15,False,100,42,0.1278304014210229
dareggon,global_mean,5,0.1549571474465382,0.1595227511721711,0.186,0.156360112715759,0.4225,0.4169620165342682,0.93,0.5,32.02,12.67,100,145,109.0,4750.0,,complete_numeric_only,"mean,popularity,watching",3,4859,15,False,100,42,0.1278304014210229
IM_C4,bayesian_ridge,5,0.1527126046912018,0.1346981063590865,0.158,0.1342242959235086,0.3026666666666666,0.2815573174468323,0.79,0.79,41.06,26.91,100,228,171.0,4688.0,,complete_numeric_only,"mean,popularity,watching",3,4859,15,False,100,42,0.1278304014210229
Kutu_Mastor,global_mean,5,0.1492074488340606,0.116863515104636,0.194,0.1542790335788379,0.2091666666666666,0.1448203151538382,0.97,0.97,41.19,21.31,100,237,178.0,4681.0,,complete_numeric_only,"mean,popularity,watching",3,4859,15,False,100,42,0.1278304014210229
TheRealist68,bayesian_ridge,5,0.143284399748677,0.141083333564529,0.162,0.1549062929514472,0.2533333333333333,0.2748124551796834,0.81,0.8,23.96,11.67,100,149,112.0,4747.0,,complete_numeric_only,"mean,popularity,watching",3,4859,15,False,100,42,0.1278304014210229
Captn_Cook,bayesian_ridge,5,0.1361070966856376,0.108412239167199,0.208,0.1474907975215245,0.2319999999999999,0.1580904569940658,1.04,0.78,16.53,8.52,100,79,59.0,4800.0,,complete_numeric_only,"mean,popularity,watching",3,4859,15,False,100,42,0.1278304014210229
Captn_Cook,global_mean,5,0.1346633420636228,0.1010428984435093,0.216,0.1548671636720915,0.2283333333333333,0.1399555003833078,1.08,0.8,16.53,8.52,100,79,59.0,4800.0,,complete_numeric_only,"mean,popularity,watching",3,4859,15,False,100,42,0.1278304014210229
Dadalt,knn_all_available,5,0.1276347313796492,0.1174255633585649,0.17,0.1540693796228625,0.3096666666666666,0.3230933887015814,0.85,0.67,14.55,8.34,100,68,51.0,4808.0,51.0,complete_numeric_only,"mean,popularity,watching",3,4859,15,False,100,42,0.1278304014210229
Irseus,global_mean,5,0.1253041367540779,0.1703493420263239,0.096,0.1286448403531791,0.3133333333333333,0.4337604732431807,0.48,0.48,187.09,26.89,100,775,581.0,4278.0,,complete_numeric_only,"mean,popularity,watching",3,4859,15,False,100,42,0.1278304014210229
DanteNani2004,knn_all_available,5,0.1150474052947642,0.1201600554442969,0.126,0.1291933012617492,0.2205,0.2299643143154734,0.63,0.63,17.19,8.18,100,75,56.0,4803.0,56.0,complete_numeric_only,"mean,popularity,watching",3,4859,15,False,100,42,0.1278304014210229
HumanRat,bayesian_ridge,5,0.1145600926086113,0.1324594832015043,0.18,0.1740776559556978,0.3258333333333333,0.3595527758941635,0.9,0.46,34.29,9.94,100,161,121.0,4738.0,,complete_numeric_only,"mean,popularity,watching",3,4859,15,False,100,42,0.1278304014210229
KSTTK,global_mean,5,0.1131340377804575,0.166698694815715,0.064,0.0937652344524301,0.32,0.4688261722621506,0.32,0.32,27.24,5.73,100,138,104.0,4755.0,,complete_numeric_only,"mean,popularity,watching",3,4859,15,False,100,42,0.1278304014210229
alfalfy,global_mean,5,0.1057841682792175,0.1105214550465444,0.134,0.142290072199239,0.1658333333333333,0.1591287833704816,0.67,0.67,35.49,19.37,100,161,121.0,4738.0,,complete_numeric_only,"mean,popularity,watching",3,4859,15,False,100,42,0.1278304014210229
LoyJoy,global_mean,5,0.1034803622129107,0.1362765549014959,0.088,0.0997775303139717,0.264,0.4008879034232775,0.44,0.44,27.61,15.48,100,231,173.0,4686.0,,complete_numeric_only,"mean,popularity,watching",3,4859,15,False,100,42,0.1278304014210229
yorkie_pro,global_mean,5,0.095644557166628,0.0721826611842992,0.13,0.0958744970882204,0.166,0.1334998959633385,0.65,0.65,32.46,18.08,100,187,140.0,4719.0,,complete_numeric_only,"mean,popularity,watching",3,4859,15,False,100,42,0.1278304014210229
GrumbleDango,global_mean,5,0.0949648574766125,0.1530497258601033,0.056,0.0902521719708425,0.28,0.451260859854213,0.28,0.28,85.95,51.45,100,488,366.0,4493.0,,complete_numeric_only,"mean,popularity,watching",3,4859,15,False,100,42,0.1278304014210229
AkiAki_Akira,global_mean,5,0.0933190347810253,0.1022180608512995,0.112,0.1249484742288645,0.1633333333333333,0.1674727979318971,0.56,0.56,37.86,21.92,100,234,176.0,4683.0,,complete_numeric_only,"mean,popularity,watching",3,4859,15,False,100,42,0.1278304014210229
Ebelha,bayesian_ridge,5,0.0895366551632853,0.1373233421637713,0.098,0.1222516034473762,0.2471666666666666,0.3571386395454028,0.49,0.34,48.0,17.9,100,191,143.0,4716.0,,complete_numeric_only,"mean,popularity,watching",3,4859,15,False,100,42,0.1278304014210229
Kutu_Mastor,bayesian_ridge,5,0.0881495291930311,0.1093086164063751,0.098,0.1222516034473762,0.1686666666666666,0.2122283038950891,0.49,0.49,41.19,21.31,100,237,178.0,4681.0,,complete_numeric_only,"mean,popularity,watching",3,4859,15,False,100,42,0.1278304014210229
xF0x,bayesian_ridge,5,0.0860465775745911,0.1349770185046221,0.088,0.1249484742288645,0.2268333333333333,0.3526944147110217,0.44,0.32,20.45,12.71,100,135,101.0,4758.0,,complete_numeric_only,"mean,popularity,watching",3,4859,15,False,100,42,0.1278304014210229
AkiAki_Akira,bayesian_ridge,5,0.085993823859933,0.1227092150729877,0.088,0.118304520606609,0.178,0.2772204509973578,0.44,0.44,37.86,21.92,100,234,176.0,4683.0,,complete_numeric_only,"mean,popularity,watching",3,4859,15,False,100,42,0.1278304014210229
Irseus,bayesian_ridge,5,0.079613405358074,0.0933595005961787,0.114,0.1341038343368241,0.1273333333333333,0.136813175965786,0.57,0.52,187.09,26.89,100,775,581.0,4278.0,,complete_numeric_only,"mean,popularity,watching",3,4859,15,False,100,42,0.1278304014210229
LoyJoy,bayesian_ridge,5,0.0766449930250126,0.101856935170913,0.08,0.0984731927834661,0.1689999999999999,0.2545657158843345,0.4,0.4,27.61,15.48,100,231,173.0,4686.0,,complete_numeric_only,"mean,popularity,watching",3,4859,15,False,100,42,0.1278304014210229
Kutu_Mastor,knn_all_available,5,0.0765043270914314,0.1125060693370558,0.07,0.0958744970882204,0.184,0.2976235843810063,0.35,0.35,41.19,21.31,100,237,178.0,4681.0,178.0,complete_numeric_only,"mean,popularity,watching",3,4859,15,False,100,42,0.1278304014210229
Opelo_Stradyon,global_mean,5,0.0746152451601955,0.1412036535380081,0.044,0.0832666399786453,0.22,0.4163331998932265,0.22,0.22,23.48,23.48,100,395,296.0,4563.0,,complete_numeric_only,"mean,popularity,watching",3,4859,15,False,100,42,0.1278304014210229
Haileytokar,bayesian_ridge,5,0.0729859432870772,0.121148105900928,0.078,0.1097103624839679,0.2083333333333333,0.3379104935977894,0.39,0.26,41.49,16.4,100,198,148.0,4711.0,,complete_numeric_only,"mean,popularity,watching",3,4859,15,False,100,42,0.1278304014210229
KSTTK,bayesian_ridge,5,0.0716073021080862,0.1049113723841145,0.104,0.1317481527672238,0.1841666666666666,0.2721900104627926,0.52,0.3,27.24,5.73,100,138,104.0,4755.0,,complete_numeric_only,"mean,popularity,watching",3,4859,15,False,100,42,0.1278304014210229
pensa89,bayesian_ridge,5,0.0633964392881421,0.0873939444017542,0.108,0.1315640182918221,0.1655,0.2184689994111377,0.54,0.28,18.79,7.16,100,92,69.0,4790.0,,complete_numeric_only,"mean,popularity,watching",3,4859,15,False,100,42,0.1278304014210229
MeloniaShaby,bayesian_ridge,5,0.0601608909150813,0.1101557010857885,0.062,0.1089713149170343,0.125,0.2359699518621347,0.31,0.31,45.98,25.59,100,220,165.0,4694.0,,complete_numeric_only,"mean,popularity,watching",3,4859,15,False,100,42,0.1278304014210229
Ebelha,global_mean,5,0.0598719355915089,0.0562380965536886,0.122,0.0980414260000394,0.158,0.1372014665528121,0.61,0.34,48.0,17.9,100,191,143.0,4716.0,,complete_numeric_only,"mean,popularity,watching",3,4859,15,False,100,42,0.1278304014210229
Moonshyla,bayesian_ridge,5,0.0552820659102059,0.0807963597824685,0.136,0.1235174710580072,0.199,0.2426335586250256,0.68,0.15,35.29,7.28,100,144,108.0,4751.0,,complete_numeric_only,"mean,popularity,watching",3,4859,15,False,100,42,0.1278304014210229
dareggon,bayesian_ridge,5,0.0551489388147926,0.0942773562951708,0.086,0.1180823201983867,0.152,0.2412704868222548,0.43,0.23,32.02,12.67,100,145,109.0,4750.0,,complete_numeric_only,"mean,popularity,watching",3,4859,15,False,100,42,0.1278304014210229
Opelo_Stradyon,knn_all_available,5,0.0490113881063887,0.1031715912525343,0.046,0.0936574458957597,0.1119999999999999,0.2601915896020916,0.23,0.23,23.48,23.48,100,395,296.0,4563.0,296.0,complete_numeric_only,"mean,popularity,watching",3,4859,15,False,100,42,0.1278304014210229
AkiAki_Akira,knn_all_available,5,0.0465419517571436,0.0653090871106956,0.068,0.0952190457139046,0.0745,0.1052882047553573,0.34,0.34,37.86,21.92,100,234,176.0,4683.0,176.0,complete_numeric_only,"mean,popularity,watching",3,4859,15,False,100,42,0.1278304014210229
Dadalt,global_mean,5,0.042395025659202,0.0738002669093554,0.05,0.0870388279778489,0.0833333333333333,0.1450647132964148,0.25,0.25,14.55,8.34,100,68,51.0,4808.0,,complete_numeric_only,"mean,popularity,watching",3,4859,15,False,100,42,0.1278304014210229
Dadalt,bayesian_ridge,5,0.0354389405483473,0.0726361680665635,0.04,0.0804030252207369,0.0728333333333333,0.1554230135189545,0.2,0.2,14.55,8.34,100,68,51.0,4808.0,,complete_numeric_only,"mean,popularity,watching",3,4859,15,False,100,42,0.1278304014210229
Moonshyla,knn_all_available,5,0.0318559369818162,0.0590921528745464,0.06,0.1005037815259212,0.1075,0.2036751969646424,0.3,0.14,35.29,7.28,100,144,108.0,4751.0,108.0,complete_numeric_only,"mean,popularity,watching",3,4859,15,False,100,42,0.1278304014210229
yorkie_pro,bayesian_ridge,5,0.0297301308277203,0.0603006397176367,0.052,0.0969014911644758,0.0661666666666666,0.1262747569930253,0.26,0.16,32.46,18.08,100,187,140.0,4719.0,,complete_numeric_only,"mean,popularity,watching",3,4859,15,False,100,42,0.1278304014210229
Dinterdos123,bayesian_ridge,5,0.0227640097952488,0.0623783728746426,0.046,0.0978764424149038,0.08,0.2014676787706296,0.23,0.07,19.83,9.35,100,83,62.0,4797.0,,complete_numeric_only,"mean,popularity,watching",3,4859,15,False,100,42,0.1278304014210229
LocNguyen,bayesian_ridge,5,0.017519219216642,0.0463997085795797,0.028,0.0697470176039554,0.0353333333333333,0.0904310664416702,0.14,0.11,60.88,33.29,100,572,421.0,4438.0,,complete_numeric_only,"mean,popularity,watching",3,4859,15,False,100,42,0.1278304014210229
LoyJoy,knn_all_available,5,0.0096162497487553,0.0389020039924749,0.012,0.0477366513151884,0.0181666666666666,0.0766547714384911,0.06,0.06,27.61,15.48,100,231,173.0,4686.0,173.0,complete_numeric_only,"mean,popularity,watching",3,4859,15,False,100,42,0.1278304014210229
yorkie_pro,knn_all_available,5,0.0070993482127681,0.0274580615729491,0.02,0.0603022689155527,0.0245,0.0789754468940898,0.1,0.02,32.46,18.08,100,187,140.0,4719.0,140.0,complete_numeric_only,"mean,popularity,watching",3,4859,15,False,100,42,0.1278304014210229
alfalfy,bayesian_ridge,5,0.0044685352999185,0.0256848352909577,0.006,0.034289321599553,0.0078333333333333,0.0457788932883601,0.03,0.03,35.49,19.37,100,161,121.0,4738.0,,complete_numeric_only,"mean,popularity,watching",3,4859,15,False,100,42,0.1278304014210229
Captn_Cook,knn_all_available,5,0.0,0.0,0.0,0.0,0.0,0.0,0.0,0.0,16.53,8.52,100,79,59.0,4800.0,59.0,complete_numeric_only,"mean,popularity,watching",3,4859,15,False,100,42,0.1278304014210229
Dinterdos123,global_mean,5,0.0,0.0,0.0,0.0,0.0,0.0,0.0,0.0,19.83,9.35,100,83,62.0,4797.0,,complete_numeric_only,"mean,popularity,watching",3,4859,15,False,100,42,0.1278304014210229
Dinterdos123,knn_all_available,5,0.0,0.0,0.0,0.0,0.0,0.0,0.0,0.0,19.83,9.35,100,83,62.0,4797.0,62.0,complete_numeric_only,"mean,popularity,watching",3,4859,15,False,100,42,0.1278304014210229
Ebelha,knn_all_available,5,0.0,0.0,0.0,0.0,0.0,0.0,0.0,0.0,48.0,17.9,100,191,143.0,4716.0,143.0,complete_numeric_only,"mean,popularity,watching",3,4859,15,False,100,42,0.1278304014210229
Haileytokar,global_mean,5,0.0,0.0,0.0,0.0,0.0,0.0,0.0,0.0,41.49,16.4,100,198,148.0,4711.0,,complete_numeric_only,"mean,popularity,watching",3,4859,15,False,100,42,0.1278304014210229
HumanRat,global_mean,5,0.0,0.0,0.0,0.0,0.0,0.0,0.0,0.0,34.29,9.94,100,161,121.0,4738.0,,complete_numeric_only,"mean,popularity,watching",3,4859,15,False,100,42,0.1278304014210229
MarnikBe,bayesian_ridge,5,0.0,0.0,0.0,0.0,0.0,0.0,0.0,0.0,32.63,17.87,100,163,122.0,4737.0,,complete_numeric_only,"mean,popularity,watching",3,4859,15,False,100,42,0.1278304014210229
MarnikBe,global_mean,5,0.0,0.0,0.0,0.0,0.0,0.0,0.0,0.0,32.63,17.87,100,163,122.0,4737.0,,complete_numeric_only,"mean,popularity,watching",3,4859,15,False,100,42,0.1278304014210229
MeloniaShaby,global_mean,5,0.0,0.0,0.0,0.0,0.0,0.0,0.0,0.0,45.98,25.59,100,220,165.0,4694.0,,complete_numeric_only,"mean,popularity,watching",3,4859,15,False,100,42,0.1278304014210229
Opelo_Stradyon,bayesian_ridge,5,0.0,0.0,0.0,0.0,0.0,0.0,0.0,0.0,23.48,23.48,100,395,296.0,4563.0,,complete_numeric_only,"mean,popularity,watching",3,4859,15,False,100,42,0.1278304014210229
xF0x,global_mean,5,0.0,0.0,0.0,0.0,0.0,0.0,0.0,0.0,20.45,12.71,100,135,101.0,4758.0,,complete_numeric_only,"mean,popularity,watching",3,4859,15,False,100,42,0.1278304014210229
Vurnox,knn_all_available,5,0.6661773182180079,0.2051736538302094,0.616,0.2196047873482329,0.877,0.2330539452876552,3.08,3.04,106.18,45.76,100,661,496.0,4516.0,496.0,genres_only,"Action,Adult Cast,Adventure,Anthropomorphic,Avant Garde,Award Winning,Boys Love,CGDCT,Childcare,Combat Sports,Comedy,Crossdressing,Delinquents,Detective,Drama,Ecchi,Educational,Erotica,Fantasy,Gag Humor,Girls Love,Gore,Gourmet,Harem,High Stakes Game,Historical,Horror,Idols (Female),Idols (Male),Isekai,Iyashikei,Josei,Kids,Love Polygon,Love Status Quo,Magical Sex Shift,Mahou Shoujo,Martial Arts,Mecha,Medical,Military,Music,Mystery,Mythology,Organized Crime,Otaku Culture,Parody,Performing Arts,Pets,Psychological,Racing,Reincarnation,Reverse Harem,Romance,Samurai,School,Sci-Fi,Seinen,Shoujo,Shounen,Showbiz,Slice of Life,Space,Sports,Strategy Game,Super Power,Supernatural,Survival,Suspense,Team Sports,Time Travel,Urban Fantasy,Vampire,Video Game,Villainess,Visual Arts,Workplace",77,5012,15,False,100,42,0.1278304014210229
DaiShi57,knn_all_available,5,0.5645071601629826,0.2368943872365977,0.498,0.23005489024416,0.8286666666666666,0.294621444798455,2.49,2.49,15.44,15.44,100,190,142.0,4870.0,142.0,genres_only,"Action,Adult Cast,Adventure,Anthropomorphic,Avant Garde,Award Winning,Boys Love,CGDCT,Childcare,Combat Sports,Comedy,Crossdressing,Delinquents,Detective,Drama,Ecchi,Educational,Erotica,Fantasy,Gag Humor,Girls Love,Gore,Gourmet,Harem,High Stakes Game,Historical,Horror,Idols (Female),Idols (Male),Isekai,Iyashikei,Josei,Kids,Love Polygon,Love Status Quo,Magical Sex Shift,Mahou Shoujo,Martial Arts,Mecha,Medical,Military,Music,Mystery,Mythology,Organized Crime,Otaku Culture,Parody,Performing Arts,Pets,Psychological,Racing,Reincarnation,Reverse Harem,Romance,Samurai,School,Sci-Fi,Seinen,Shoujo,Shounen,Showbiz,Slice of Life,Space,Sports,Strategy Game,Super Power,Supernatural,Survival,Suspense,Team Sports,Time Travel,Urban Fantasy,Vampire,Video Game,Villainess,Visual Arts,Workplace",77,5012,15,False,100,42,0.1278304014210229
Moonshyla,knn_all_available,5,0.5356152115677507,0.1717941525441388,0.638,0.1745296710035462,0.92,0.1842264745887353,3.19,2.2,35.29,7.28,100,144,108.0,4904.0,108.0,genres_only,"Action,Adult Cast,Adventure,Anthropomorphic,Avant Garde,Award Winning,Boys Love,CGDCT,Childcare,Combat Sports,Comedy,Crossdressing,Delinquents,Detective,Drama,Ecchi,Educational,Erotica,Fantasy,Gag Humor,Girls Love,Gore,Gourmet,Harem,High Stakes Game,Historical,Horror,Idols (Female),Idols (Male),Isekai,Iyashikei,Josei,Kids,Love Polygon,Love Status Quo,Magical Sex Shift,Mahou Shoujo,Martial Arts,Mecha,Medical,Military,Music,Mystery,Mythology,Organized Crime,Otaku Culture,Parody,Performing Arts,Pets,Psychological,Racing,Reincarnation,Reverse Harem,Romance,Samurai,School,Sci-Fi,Seinen,Shoujo,Shounen,Showbiz,Slice of Life,Space,Sports,Strategy Game,Super Power,Supernatural,Survival,Suspense,Team Sports,Time Travel,Urban Fantasy,Vampire,Video Game,Villainess,Visual Arts,Workplace",77,5012,15,False,100,42,0.1278304014210229
Siipn,knn_all_available,5,0.3970375471841753,0.1941554970386586,0.602,0.2352647337564535,0.7345,0.2757629453356669,3.01,1.67,87.15,16.15,100,448,336.0,4676.0,336.0,genres_only,"Action,Adult Cast,Adventure,Anthropomorphic,Avant Garde,Award Winning,Boys Love,CGDCT,Childcare,Combat Sports,Comedy,Crossdressing,Delinquents,Detective,Drama,Ecchi,Educational,Erotica,Fantasy,Gag Humor,Girls Love,Gore,Gourmet,Harem,High Stakes Game,Historical,Horror,Idols (Female),Idols (Male),Isekai,Iyashikei,Josei,Kids,Love Polygon,Love Status Quo,Magical Sex Shift,Mahou Shoujo,Martial Arts,Mecha,Medical,Military,Music,Mystery,Mythology,Organized Crime,Otaku Culture,Parody,Performing Arts,Pets,Psychological,Racing,Reincarnation,Reverse Harem,Romance,Samurai,School,Sci-Fi,Seinen,Shoujo,Shounen,Showbiz,Slice of Life,Space,Sports,Strategy Game,Super Power,Supernatural,Survival,Suspense,Team Sports,Time Travel,Urban Fantasy,Vampire,Video Game,Villainess,Visual Arts,Workplace",77,5012,15,False,100,42,0.1278304014210229
IM_C4,knn_all_available,5,0.3033015396235223,0.1947947238035613,0.288,0.1689420437351642,0.535,0.3510805829970888,1.44,1.44,41.06,26.91,100,228,171.0,4841.0,171.0,genres_only,"Action,Adult Cast,Adventure,Anthropomorphic,Avant Garde,Award Winning,Boys Love,CGDCT,Childcare,Combat Sports,Comedy,Crossdressing,Delinquents,Detective,Drama,Ecchi,Educational,Erotica,Fantasy,Gag Humor,Girls Love,Gore,Gourmet,Harem,High Stakes Game,Historical,Horror,Idols (Female),Idols (Male),Isekai,Iyashikei,Josei,Kids,Love Polygon,Love Status Quo,Magical Sex Shift,Mahou Shoujo,Martial Arts,Mecha,Medical,Military,Music,Mystery,Mythology,Organized Crime,Otaku Culture,Parody,Performing Arts,Pets,Psychological,Racing,Reincarnation,Reverse Harem,Romance,Samurai,School,Sci-Fi,Seinen,Shoujo,Shounen,Showbiz,Slice of Life,Space,Sports,Strategy Game,Super Power,Supernatural,Survival,Suspense,Team Sports,Time Travel,Urban Fantasy,Vampire,Video Game,Villainess,Visual Arts,Workplace",77,5012,15,False,100,42,0.1278304014210229
MeloniaShaby,knn_all_available,5,0.2981915384442902,0.1649647859586389,0.32,0.1556997888323046,0.4808333333333333,0.300732131330882,1.6,1.6,45.98,25.59,100,220,165.0,4847.0,165.0,genres_only,"Action,Adult Cast,Adventure,Anthropomorphic,Avant Garde,Award Winning,Boys Love,CGDCT,Childcare,Combat Sports,Comedy,Crossdressing,Delinquents,Detective,Drama,Ecchi,Educational,Erotica,Fantasy,Gag Humor,Girls Love,Gore,Gourmet,Harem,High Stakes Game,Historical,Horror,Idols (Female),Idols (Male),Isekai,Iyashikei,Josei,Kids,Love Polygon,Love Status Quo,Magical Sex Shift,Mahou Shoujo,Martial Arts,Mecha,Medical,Military,Music,Mystery,Mythology,Organized Crime,Otaku Culture,Parody,Performing Arts,Pets,Psychological,Racing,Reincarnation,Reverse Harem,Romance,Samurai,School,Sci-Fi,Seinen,Shoujo,Shounen,Showbiz,Slice of Life,Space,Sports,Strategy Game,Super Power,Supernatural,Survival,Suspense,Team Sports,Time Travel,Urban Fantasy,Vampire,Video Game,Villainess,Visual Arts,Workplace",77,5012,15,False,100,42,0.1278304014210229
DanteNani2004,bayesian_ridge,5,0.2912756535239177,0.2583238317587079,0.246,0.2199265258391464,0.637,0.4776637167114813,1.23,0.99,17.19,8.18,100,75,56.0,4956.0,,genres_only,"Action,Adult Cast,Adventure,Anthropomorphic,Avant Garde,Award Winning,Boys Love,CGDCT,Childcare,Combat Sports,Comedy,Crossdressing,Delinquents,Detective,Drama,Ecchi,Educational,Erotica,Fantasy,Gag Humor,Girls Love,Gore,Gourmet,Harem,High Stakes Game,Historical,Horror,Idols (Female),Idols (Male),Isekai,Iyashikei,Josei,Kids,Love Polygon,Love Status Quo,Magical Sex Shift,Mahou Shoujo,Martial Arts,Mecha,Medical,Military,Music,Mystery,Mythology,Organized Crime,Otaku Culture,Parody,Performing Arts,Pets,Psychological,Racing,Reincarnation,Reverse Harem,Romance,Samurai,School,Sci-Fi,Seinen,Shoujo,Shounen,Showbiz,Slice of Life,Space,Sports,Strategy Game,Super Power,Supernatural,Survival,Suspense,Team Sports,Time Travel,Urban Fantasy,Vampire,Video Game,Villainess,Visual Arts,Workplace",77,5012,15,False,100,42,0.1278304014210229
Edison-great,knn_all_available,5,0.2848566845131796,0.2039985176200131,0.3,0.1917489941764409,0.4616666666666666,0.350328529473995,1.5,1.49,90.2,39.17,100,459,344.0,4668.0,344.0,genres_only,"Action,Adult Cast,Adventure,Anthropomorphic,Avant Garde,Award Winning,Boys Love,CGDCT,Childcare,Combat Sports,Comedy,Crossdressing,Delinquents,Detective,Drama,Ecchi,Educational,Erotica,Fantasy,Gag Humor,Girls Love,Gore,Gourmet,Harem,High Stakes Game,Historical,Horror,Idols (Female),Idols (Male),Isekai,Iyashikei,Josei,Kids,Love Polygon,Love Status Quo,Magical Sex Shift,Mahou Shoujo,Martial Arts,Mecha,Medical,Military,Music,Mystery,Mythology,Organized Crime,Otaku Culture,Parody,Performing Arts,Pets,Psychological,Racing,Reincarnation,Reverse Harem,Romance,Samurai,School,Sci-Fi,Seinen,Shoujo,Shounen,Showbiz,Slice of Life,Space,Sports,Strategy Game,Super Power,Supernatural,Survival,Suspense,Team Sports,Time Travel,Urban Fantasy,Vampire,Video Game,Villainess,Visual Arts,Workplace",77,5012,15,False,100,42,0.1278304014210229
LocNguyen,knn_all_available,5,0.2743530737906481,0.1957657460925964,0.324,0.1676456098591624,0.62,0.394533351767079,1.62,1.07,61.24,33.74,100,572,429.0,4583.0,429.0,genres_only,"Action,Adult Cast,Adventure,Anthropomorphic,Avant Garde,Award Winning,Boys Love,CGDCT,Childcare,Combat Sports,Comedy,Crossdressing,Delinquents,Detective,Drama,Ecchi,Educational,Erotica,Fantasy,Gag Humor,Girls Love,Gore,Gourmet,Harem,High Stakes Game,Historical,Horror,Idols (Female),Idols (Male),Isekai,Iyashikei,Josei,Kids,Love Polygon,Love Status Quo,Magical Sex Shift,Mahou Shoujo,Martial Arts,Mecha,Medical,Military,Music,Mystery,Mythology,Organized Crime,Otaku Culture,Parody,Performing Arts,Pets,Psychological,Racing,Reincarnation,Reverse Harem,Romance,Samurai,School,Sci-Fi,Seinen,Shoujo,Shounen,Showbiz,Slice of Life,Space,Sports,Strategy Game,Super Power,Supernatural,Survival,Suspense,Team Sports,Time Travel,Urban Fantasy,Vampire,Video Game,Villainess,Visual Arts,Workplace",77,5012,15,False,100,42,0.1278304014210229
Opelo_Stradyon,knn_all_available,5,0.2275687317555596,0.1752083047283298,0.2,0.1530827992765465,0.5081666666666667,0.4333494881733589,1.0,1.0,23.48,23.48,100,395,296.0,4716.0,296.0,genres_only,"Action,Adult Cast,Adventure,Anthropomorphic,Avant Garde,Award Winning,Boys Love,CGDCT,Childcare,Combat Sports,Comedy,Crossdressing,Delinquents,Detective,Drama,Ecchi,Educational,Erotica,Fantasy,Gag Humor,Girls Love,Gore,Gourmet,Harem,High Stakes Game,Historical,Horror,Idols (Female),Idols (Male),Isekai,Iyashikei,Josei,Kids,Love Polygon,Love Status Quo,Magical Sex Shift,Mahou Shoujo,Martial Arts,Mecha,Medical,Military,Music,Mystery,Mythology,Organized Crime,Otaku Culture,Parody,Performing Arts,Pets,Psychological,Racing,Reincarnation,Reverse Harem,Romance,Samurai,School,Sci-Fi,Seinen,Shoujo,Shounen,Showbiz,Slice of Life,Space,Sports,Strategy Game,Super Power,Supernatural,Survival,Suspense,Team Sports,Time Travel,Urban Fantasy,Vampire,Video Game,Villainess,Visual Arts,Workplace",77,5012,15,False,100,42,0.1278304014210229
HumanRat,knn_all_available,5,0.1936140574748702,0.1461700555657924,0.212,0.1499360132883627,0.3476666666666667,0.2734923984892914,1.06,1.05,34.29,9.94,100,161,121.0,4891.0,121.0,genres_only,"Action,Adult Cast,Adventure,Anthropomorphic,Avant Garde,Award Winning,Boys Love,CGDCT,Childcare,Combat Sports,Comedy,Crossdressing,Delinquents,Detective,Drama,Ecchi,Educational,Erotica,Fantasy,Gag Humor,Girls Love,Gore,Gourmet,Harem,High Stakes Game,Historical,Horror,Idols (Female),Idols (Male),Isekai,Iyashikei,Josei,Kids,Love Polygon,Love Status Quo,Magical Sex Shift,Mahou Shoujo,Martial Arts,Mecha,Medical,Military,Music,Mystery,Mythology,Organized Crime,Otaku Culture,Parody,Performing Arts,Pets,Psychological,Racing,Reincarnation,Reverse Harem,Romance,Samurai,School,Sci-Fi,Seinen,Shoujo,Shounen,Showbiz,Slice of Life,Space,Sports,Strategy Game,Super Power,Supernatural,Survival,Suspense,Team Sports,Time Travel,Urban Fantasy,Vampire,Video Game,Villainess,Visual Arts,Workplace",77,5012,15,False,100,42,0.1278304014210229
GrumbleDango,knn_all_available,5,0.1360663934214433,0.1275061372335074,0.15,0.1283146385438796,0.255,0.2412963027563947,0.75,0.75,85.95,51.45,100,488,366.0,4646.0,366.0,genres_only,"Action,Adult Cast,Adventure,Anthropomorphic,Avant Garde,Award Winning,Boys Love,CGDCT,Childcare,Combat Sports,Comedy,Crossdressing,Delinquents,Detective,Drama,Ecchi,Educational,Erotica,Fantasy,Gag Humor,Girls Love,Gore,Gourmet,Harem,High Stakes Game,Historical,Horror,Idols (Female),Idols (Male),Isekai,Iyashikei,Josei,Kids,Love Polygon,Love Status Quo,Magical Sex Shift,Mahou Shoujo,Martial Arts,Mecha,Medical,Military,Music,Mystery,Mythology,Organized Crime,Otaku Culture,Parody,Performing Arts,Pets,Psychological,Racing,Reincarnation,Reverse Harem,Romance,Samurai,School,Sci-Fi,Seinen,Shoujo,Shounen,Showbiz,Slice of Life,Space,Sports,Strategy Game,Super Power,Supernatural,Survival,Suspense,Team Sports,Time Travel,Urban Fantasy,Vampire,Video Game,Villainess,Visual Arts,Workplace",77,5012,15,False,100,42,0.1278304014210229
LoyJoy,knn_all_available,5,0.1320083652192878,0.1403473935327741,0.122,0.1202522601060207,0.3111666666666666,0.3542752754840565,0.61,0.59,27.61,15.48,100,231,173.0,4839.0,173.0,genres_only,"Action,Adult Cast,Adventure,Anthropomorphic,Avant Garde,Award Winning,Boys Love,CGDCT,Childcare,Combat Sports,Comedy,Crossdressing,Delinquents,Detective,Drama,Ecchi,Educational,Erotica,Fantasy,Gag Humor,Girls Love,Gore,Gourmet,Harem,High Stakes Game,Historical,Horror,Idols (Female),Idols (Male),Isekai,Iyashikei,Josei,Kids,Love Polygon,Love Status Quo,Magical Sex Shift,Mahou Shoujo,Martial Arts,Mecha,Medical,Military,Music,Mystery,Mythology,Organized Crime,Otaku Culture,Parody,Performing Arts,Pets,Psychological,Racing,Reincarnation,Reverse Harem,Romance,Samurai,School,Sci-Fi,Seinen,Shoujo,Shounen,Showbiz,Slice of Life,Space,Sports,Strategy Game,Super Power,Supernatural,Survival,Suspense,Team Sports,Time Travel,Urban Fantasy,Vampire,Video Game,Villainess,Visual Arts,Workplace",77,5012,15,False,100,42,0.1278304014210229
MarnikBe,knn_all_available,5,0.1270242723766175,0.1587477596677087,0.094,0.118764685429005,0.335,0.4534101984746351,0.47,0.47,32.63,17.87,100,163,122.0,4890.0,122.0,genres_only,"Action,Adult Cast,Adventure,Anthropomorphic,Avant Garde,Award Winning,Boys Love,CGDCT,Childcare,Combat Sports,Comedy,Crossdressing,Delinquents,Detective,Drama,Ecchi,Educational,Erotica,Fantasy,Gag Humor,Girls Love,Gore,Gourmet,Harem,High Stakes Game,Historical,Horror,Idols (Female),Idols (Male),Isekai,Iyashikei,Josei,Kids,Love Polygon,Love Status Quo,Magical Sex Shift,Mahou Shoujo,Martial Arts,Mecha,Medical,Military,Music,Mystery,Mythology,Organized Crime,Otaku Culture,Parody,Performing Arts,Pets,Psychological,Racing,Reincarnation,Reverse Harem,Romance,Samurai,School,Sci-Fi,Seinen,Shoujo,Shounen,Showbiz,Slice of Life,Space,Sports,Strategy Game,Super Power,Supernatural,Survival,Suspense,Team Sports,Time Travel,Urban Fantasy,Vampire,Video Game,Villainess,Visual Arts,Workplace",77,5012,15,False,100,42,0.1278304014210229
TheRealist68,knn_all_available,5,0.1203397043452716,0.0615053548614098,0.178,0.0894201297022074,0.18,0.0816496580927726,0.89,0.89,23.96,11.67,100,149,112.0,4900.0,112.0,genres_only,"Action,Adult Cast,Adventure,Anthropomorphic,Avant Garde,Award Winning,Boys Love,CGDCT,Childcare,Combat Sports,Comedy,Crossdressing,Delinquents,Detective,Drama,Ecchi,Educational,Erotica,Fantasy,Gag Humor,Girls Love,Gore,Gourmet,Harem,High Stakes Game,Historical,Horror,Idols (Female),Idols (Male),Isekai,Iyashikei,Josei,Kids,Love Polygon,Love Status Quo,Magical Sex Shift,Mahou Shoujo,Martial Arts,Mecha,Medical,Military,Music,Mystery,Mythology,Organized Crime,Otaku Culture,Parody,Performing Arts,Pets,Psychological,Racing,Reincarnation,Reverse Harem,Romance,Samurai,School,Sci-Fi,Seinen,Shoujo,Shounen,Showbiz,Slice of Life,Space,Sports,Strategy Game,Super Power,Supernatural,Survival,Suspense,Team Sports,Time Travel,Urban Fantasy,Vampire,Video Game,Villainess,Visual Arts,Workplace",77,5012,15,False,100,42,0.1278304014210229
Ebelha,bayesian_ridge,5,0.1150266908484085,0.1768189213442527,0.13,0.1997473151233575,0.1766666666666666,0.2456924066756887,0.65,0.61,48.0,17.9,100,191,143.0,4869.0,,genres_only,"Action,Adult Cast,Adventure,Anthropomorphic,Avant Garde,Award Winning,Boys Love,CGDCT,Childcare,Combat Sports,Comedy,Crossdressing,Delinquents,Detective,Drama,Ecchi,Educational,Erotica,Fantasy,Gag Humor,Girls Love,Gore,Gourmet,Harem,High Stakes Game,Historical,Horror,Idols (Female),Idols (Male),Isekai,Iyashikei,Josei,Kids,Love Polygon,Love Status Quo,Magical Sex Shift,Mahou Shoujo,Martial Arts,Mecha,Medical,Military,Music,Mystery,Mythology,Organized Crime,Otaku Culture,Parody,Performing Arts,Pets,Psychological,Racing,Reincarnation,Reverse Harem,Romance,Samurai,School,Sci-Fi,Seinen,Shoujo,Shounen,Showbiz,Slice of Life,Space,Sports,Strategy Game,Super Power,Supernatural,Survival,Suspense,Team Sports,Time Travel,Urban Fantasy,Vampire,Video Game,Villainess,Visual Arts,Workplace",77,5012,15,False,100,42,0.1278304014210229
xF0x,knn_all_available,5,0.1099035671143716,0.1575785085876749,0.132,0.1757408560490373,0.1761666666666666,0.2220106947808639,0.66,0.62,20.45,12.71,100,135,101.0,4911.0,101.0,genres_only,"Action,Adult Cast,Adventure,Anthropomorphic,Avant Garde,Award Winning,Boys Love,CGDCT,Childcare,Combat Sports,Comedy,Crossdressing,Delinquents,Detective,Drama,Ecchi,Educational,Erotica,Fantasy,Gag Humor,Girls Love,Gore,Gourmet,Harem,High Stakes Game,Historical,Horror,Idols (Female),Idols (Male),Isekai,Iyashikei,Josei,Kids,Love Polygon,Love Status Quo,Magical Sex Shift,Mahou Shoujo,Martial Arts,Mecha,Medical,Military,Music,Mystery,Mythology,Organized Crime,Otaku Culture,Parody,Performing Arts,Pets,Psychological,Racing,Reincarnation,Reverse Harem,Romance,Samurai,School,Sci-Fi,Seinen,Shoujo,Shounen,Showbiz,Slice of Life,Space,Sports,Strategy Game,Super Power,Supernatural,Survival,Suspense,Team Sports,Time Travel,Urban Fantasy,Vampire,Video Game,Villainess,Visual Arts,Workplace",77,5012,15,False,100,42,0.1278304014210229
Captn_Cook,knn_all_available,5,0.1069567563630941,0.1988549501219269,0.09,0.1642245321798694,0.215,0.3988936720683365,0.45,0.44,16.53,8.52,100,79,59.0,4953.0,59.0,genres_only,"Action,Adult Cast,Adventure,Anthropomorphic,Avant Garde,Award Winning,Boys Love,CGDCT,Childcare,Combat Sports,Comedy,Crossdressing,Delinquents,Detective,Drama,Ecchi,Educational,Erotica,Fantasy,Gag Humor,Girls Love,Gore,Gourmet,Harem,High Stakes Game,Historical,Horror,Idols (Female),Idols (Male),Isekai,Iyashikei,Josei,Kids,Love Polygon,Love Status Quo,Magical Sex Shift,Mahou Shoujo,Martial Arts,Mecha,Medical,Military,Music,Mystery,Mythology,Organized Crime,Otaku Culture,Parody,Performing Arts,Pets,Psychological,Racing,Reincarnation,Reverse Harem,Romance,Samurai,School,Sci-Fi,Seinen,Shoujo,Shounen,Showbiz,Slice of Life,Space,Sports,Strategy Game,Super Power,Supernatural,Survival,Suspense,Team Sports,Time Travel,Urban Fantasy,Vampire,Video Game,Villainess,Visual Arts,Workplace",77,5012,15,False,100,42,0.1278304014210229
GrumbleDango,bayesian_ridge,5,0.0904314587066786,0.1088994820013117,0.128,0.140762713152814,0.2298333333333333,0.2722510291911179,0.64,0.4,85.95,51.45,100,488,366.0,4646.0,,genres_only,"Action,Adult Cast,Adventure,Anthropomorphic,Avant Garde,Award Winning,Boys Love,CGDCT,Childcare,Combat Sports,Comedy,Crossdressing,Delinquents,Detective,Drama,Ecchi,Educational,Erotica,Fantasy,Gag Humor,Girls Love,Gore,Gourmet,Harem,High Stakes Game,Historical,Horror,Idols (Female),Idols (Male),Isekai,Iyashikei,Josei,Kids,Love Polygon,Love Status Quo,Magical Sex Shift,Mahou Shoujo,Martial Arts,Mecha,Medical,Military,Music,Mystery,Mythology,Organized Crime,Otaku Culture,Parody,Performing Arts,Pets,Psychological,Racing,Reincarnation,Reverse Harem,Romance,Samurai,School,Sci-Fi,Seinen,Shoujo,Shounen,Showbiz,Slice of Life,Space,Sports,Strategy Game,Super Power,Supernatural,Survival,Suspense,Team Sports,Time Travel,Urban Fantasy,Vampire,Video Game,Villainess,Visual Arts,Workplace",77,5012,15,False,100,42,0.1278304014210229
AkiAki_Akira,knn_all_available,5,0.0881884403470268,0.1157558145989028,0.122,0.141835015835906,0.176,0.2397192521791269,0.61,0.47,37.86,21.92,100,234,176.0,4836.0,176.0,genres_only,"Action,Adult Cast,Adventure,Anthropomorphic,Avant Garde,Award Winning,Boys Love,CGDCT,Childcare,Combat Sports,Comedy,Crossdressing,Delinquents,Detective,Drama,Ecchi,Educational,Erotica,Fantasy,Gag Humor,Girls Love,Gore,Gourmet,Harem,High Stakes Game,Historical,Horror,Idols (Female),Idols (Male),Isekai,Iyashikei,Josei,Kids,Love Polygon,Love Status Quo,Magical Sex Shift,Mahou Shoujo,Martial Arts,Mecha,Medical,Military,Music,Mystery,Mythology,Organized Crime,Otaku Culture,Parody,Performing Arts,Pets,Psychological,Racing,Reincarnation,Reverse Harem,Romance,Samurai,School,Sci-Fi,Seinen,Shoujo,Shounen,Showbiz,Slice of Life,Space,Sports,Strategy Game,Super Power,Supernatural,Survival,Suspense,Team Sports,Time Travel,Urban Fantasy,Vampire,Video Game,Villainess,Visual Arts,Workplace",77,5012,15,False,100,42,0.1278304014210229
Captn_Cook,bayesian_ridge,5,0.0876443752222276,0.1492439413695631,0.09,0.1459901753993443,0.1805,0.321211013434339,0.45,0.4,16.53,8.52,100,79,59.0,4953.0,,genres_only,"Action,Adult Cast,Adventure,Anthropomorphic,Avant Garde,Award Winning,Boys Love,CGDCT,Childcare,Combat Sports,Comedy,Crossdressing,Delinquents,Detective,Drama,Ecchi,Educational,Erotica,Fantasy,Gag Humor,Girls Love,Gore,Gourmet,Harem,High Stakes Game,Historical,Horror,Idols (Female),Idols (Male),Isekai,Iyashikei,Josei,Kids,Love Polygon,Love Status Quo,Magical Sex Shift,Mahou Shoujo,Martial Arts,Mecha,Medical,Military,Music,Mystery,Mythology,Organized Crime,Otaku Culture,Parody,Performing Arts,Pets,Psychological,Racing,Reincarnation,Reverse Harem,Romance,Samurai,School,Sci-Fi,Seinen,Shoujo,Shounen,Showbiz,Slice of Life,Space,Sports,Strategy Game,Super Power,Supernatural,Survival,Suspense,Team Sports,Time Travel,Urban Fantasy,Vampire,Video Game,Villainess,Visual Arts,Workplace",77,5012,15,False,100,42,0.1278304014210229
DanteNani2004,knn_all_available,5,0.0754474324587661,0.1214109258285124,0.092,0.1346000435258909,0.124,0.1950757428655481,0.46,0.46,17.19,8.18,100,75,56.0,4956.0,56.0,genres_only,"Action,Adult Cast,Adventure,Anthropomorphic,Avant Garde,Award Winning,Boys Love,CGDCT,Childcare,Combat Sports,Comedy,Crossdressing,Delinquents,Detective,Drama,Ecchi,Educational,Erotica,Fantasy,Gag Humor,Girls Love,Gore,Gourmet,Harem,High Stakes Game,Historical,Horror,Idols (Female),Idols (Male),Isekai,Iyashikei,Josei,Kids,Love Polygon,Love Status Quo,Magical Sex Shift,Mahou Shoujo,Martial Arts,Mecha,Medical,Military,Music,Mystery,Mythology,Organized Crime,Otaku Culture,Parody,Performing Arts,Pets,Psychological,Racing,Reincarnation,Reverse Harem,Romance,Samurai,School,Sci-Fi,Seinen,Shoujo,Shounen,Showbiz,Slice of Life,Space,Sports,Strategy Game,Super Power,Supernatural,Survival,Suspense,Team Sports,Time Travel,Urban Fantasy,Vampire,Video Game,Villainess,Visual Arts,Workplace",77,5012,15,False,100,42,0.1278304014210229
DaiShi57,bayesian_ridge,5,0.0636668968626015,0.1154673545078807,0.062,0.1089713149170343,0.1386666666666666,0.2864394996869676,0.31,0.31,15.44,15.44,100,190,142.0,4870.0,,genres_only,"Action,Adult Cast,Adventure,Anthropomorphic,Avant Garde,Award Winning,Boys Love,CGDCT,Childcare,Combat Sports,Comedy,Crossdressing,Delinquents,Detective,Drama,Ecchi,Educational,Erotica,Fantasy,Gag Humor,Girls Love,Gore,Gourmet,Harem,High Stakes Game,Historical,Horror,Idols (Female),Idols (Male),Isekai,Iyashikei,Josei,Kids,Love Polygon,Love Status Quo,Magical Sex Shift,Mahou Shoujo,Martial Arts,Mecha,Medical,Military,Music,Mystery,Mythology,Organized Crime,Otaku Culture,Parody,Performing Arts,Pets,Psychological,Racing,Reincarnation,Reverse Harem,Romance,Samurai,School,Sci-Fi,Seinen,Shoujo,Shounen,Showbiz,Slice of Life,Space,Sports,Strategy Game,Super Power,Supernatural,Survival,Suspense,Team Sports,Time Travel,Urban Fantasy,Vampire,Video Game,Villainess,Visual Arts,Workplace",77,5012,15,False,100,42,0.1278304014210229
Haileytokar,knn_all_available,5,0.0590781690965651,0.0625562347863621,0.118,0.1104444647684065,0.1621666666666666,0.159119614213286,0.59,0.31,41.49,16.4,100,198,148.0,4864.0,148.0,genres_only,"Action,Adult Cast,Adventure,Anthropomorphic,Avant Garde,Award Winning,Boys Love,CGDCT,Childcare,Combat Sports,Comedy,Crossdressing,Delinquents,Detective,Drama,Ecchi,Educational,Erotica,Fantasy,Gag Humor,Girls Love,Gore,Gourmet,Harem,High Stakes Game,Historical,Horror,Idols (Female),Idols (Male),Isekai,Iyashikei,Josei,Kids,Love Polygon,Love Status Quo,Magical Sex Shift,Mahou Shoujo,Martial Arts,Mecha,Medical,Military,Music,Mystery,Mythology,Organized Crime,Otaku Culture,Parody,Performing Arts,Pets,Psychological,Racing,Reincarnation,Reverse Harem,Romance,Samurai,School,Sci-Fi,Seinen,Shoujo,Shounen,Showbiz,Slice of Life,Space,Sports,Strategy Game,Super Power,Supernatural,Survival,Suspense,Team Sports,Time Travel,Urban Fantasy,Vampire,Video Game,Villainess,Visual Arts,Workplace",77,5012,15,False,100,42,0.1278304014210229
LocNguyen,bayesian_ridge,5,0.04409082668557,0.0747583711529223,0.052,0.0881688004553616,0.0866666666666666,0.146948000758936,0.26,0.26,61.24,33.74,100,572,429.0,4583.0,,genres_only,"Action,Adult Cast,Adventure,Anthropomorphic,Avant Garde,Award Winning,Boys Love,CGDCT,Childcare,Combat Sports,Comedy,Crossdressing,Delinquents,Detective,Drama,Ecchi,Educational,Erotica,Fantasy,Gag Humor,Girls Love,Gore,Gourmet,Harem,High Stakes Game,Historical,Horror,Idols (Female),Idols (Male),Isekai,Iyashikei,Josei,Kids,Love Polygon,Love Status Quo,Magical Sex Shift,Mahou Shoujo,Martial Arts,Mecha,Medical,Military,Music,Mystery,Mythology,Organized Crime,Otaku Culture,Parody,Performing Arts,Pets,Psychological,Racing,Reincarnation,Reverse Harem,Romance,Samurai,School,Sci-Fi,Seinen,Shoujo,Shounen,Showbiz,Slice of Life,Space,Sports,Strategy Game,Super Power,Supernatural,Survival,Suspense,Team Sports,Time Travel,Urban Fantasy,Vampire,Video Game,Villainess,Visual Arts,Workplace",77,5012,15,False,100,42,0.1278304014210229
Irseus,bayesian_ridge,5,0.0433525893042394,0.0727909350342007,0.054,0.0892392086676947,0.0844999999999999,0.1411285084320523,0.27,0.26,187.09,26.89,100,775,581.0,4431.0,,genres_only,"Action,Adult Cast,Adventure,Anthropomorphic,Avant Garde,Award Winning,Boys Love,CGDCT,Childcare,Combat Sports,Comedy,Crossdressing,Delinquents,Detective,Drama,Ecchi,Educational,Erotica,Fantasy,Gag Humor,Girls Love,Gore,Gourmet,Harem,High Stakes Game,Historical,Horror,Idols (Female),Idols (Male),Isekai,Iyashikei,Josei,Kids,Love Polygon,Love Status Quo,Magical Sex Shift,Mahou Shoujo,Martial Arts,Mecha,Medical,Military,Music,Mystery,Mythology,Organized Crime,Otaku Culture,Parody,Performing Arts,Pets,Psychological,Racing,Reincarnation,Reverse Harem,Romance,Samurai,School,Sci-Fi,Seinen,Shoujo,Shounen,Showbiz,Slice of Life,Space,Sports,Strategy Game,Super Power,Supernatural,Survival,Suspense,Team Sports,Time Travel,Urban Fantasy,Vampire,Video Game,Villainess,Visual Arts,Workplace",77,5012,15,False,100,42,0.1278304014210229
MeloniaShaby,bayesian_ridge,5,0.0417129340318148,0.0725191667641199,0.08,0.0984731927834661,0.126,0.178821431537454,0.4,0.14,45.98,25.59,100,220,165.0,4847.0,,genres_only,"Action,Adult Cast,Adventure,Anthropomorphic,Avant Garde,Award Winning,Boys Love,CGDCT,Childcare,Combat Sports,Comedy,Crossdressing,Delinquents,Detective,Drama,Ecchi,Educational,Erotica,Fantasy,Gag Humor,Girls Love,Gore,Gourmet,Harem,High Stakes Game,Historical,Horror,Idols (Female),Idols (Male),Isekai,Iyashikei,Josei,Kids,Love Polygon,Love Status Quo,Magical Sex Shift,Mahou Shoujo,Martial Arts,Mecha,Medical,Military,Music,Mystery,Mythology,Organized Crime,Otaku Culture,Parody,Performing Arts,Pets,Psychological,Racing,Reincarnation,Reverse Harem,Romance,Samurai,School,Sci-Fi,Seinen,Shoujo,Shounen,Showbiz,Slice of Life,Space,Sports,Strategy Game,Super Power,Supernatural,Survival,Suspense,Team Sports,Time Travel,Urban Fantasy,Vampire,Video Game,Villainess,Visual Arts,Workplace",77,5012,15,False,100,42,0.1278304014210229
Dadalt,knn_all_available,5,0.0358668935496476,0.0633921815236324,0.078,0.1235665281080879,0.1036666666666666,0.1593086212750902,0.39,0.14,14.55,8.34,100,68,51.0,4961.0,51.0,genres_only,"Action,Adult Cast,Adventure,Anthropomorphic,Avant Garde,Award Winning,Boys Love,CGDCT,Childcare,Combat Sports,Comedy,Crossdressing,Delinquents,Detective,Drama,Ecchi,Educational,Erotica,Fantasy,Gag Humor,Girls Love,Gore,Gourmet,Harem,High Stakes Game,Historical,Horror,Idols (Female),Idols (Male),Isekai,Iyashikei,Josei,Kids,Love Polygon,Love Status Quo,Magical Sex Shift,Mahou Shoujo,Martial Arts,Mecha,Medical,Military,Music,Mystery,Mythology,Organized Crime,Otaku Culture,Parody,Performing Arts,Pets,Psychological,Racing,Reincarnation,Reverse Harem,Romance,Samurai,School,Sci-Fi,Seinen,Shoujo,Shounen,Showbiz,Slice of Life,Space,Sports,Strategy Game,Super Power,Supernatural,Survival,Suspense,Team Sports,Time Travel,Urban Fantasy,Vampire,Video Game,Villainess,Visual Arts,Workplace",77,5012,15,False,100,42,0.1278304014210229
Dinterdos123,bayesian_ridge,5,0.0354370153955212,0.1068940027366372,0.026,0.0786502294075394,0.0886666666666666,0.2748010197377982,0.13,0.13,19.83,9.35,100,83,62.0,4950.0,,genres_only,"Action,Adult Cast,Adventure,Anthropomorphic,Avant Garde,Award Winning,Boys Love,CGDCT,Childcare,Combat Sports,Comedy,Crossdressing,Delinquents,Detective,Drama,Ecchi,Educational,Erotica,Fantasy,Gag Humor,Girls Love,Gore,Gourmet,Harem,High Stakes Game,Historical,Horror,Idols (Female),Idols (Male),Isekai,Iyashikei,Josei,Kids,Love Polygon,Love Status Quo,Magical Sex Shift,Mahou Shoujo,Martial Arts,Mecha,Medical,Military,Music,Mystery,Mythology,Organized Crime,Otaku Culture,Parody,Performing Arts,Pets,Psychological,Racing,Reincarnation,Reverse Harem,Romance,Samurai,School,Sci-Fi,Seinen,Shoujo,Shounen,Showbiz,Slice of Life,Space,Sports,Strategy Game,Super Power,Supernatural,Survival,Suspense,Team Sports,Time Travel,Urban Fantasy,Vampire,Video Game,Villainess,Visual Arts,Workplace",77,5012,15,False,100,42,0.1278304014210229
Edison-great,bayesian_ridge,5,0.0353829228704697,0.0813126855820857,0.036,0.0822904439878481,0.075,0.171028774628253,0.18,0.18,90.2,39.17,100,459,344.0,4668.0,,genres_only,"Action,Adult Cast,Adventure,Anthropomorphic,Avant Garde,Award Winning,Boys Love,CGDCT,Childcare,Combat Sports,Comedy,Crossdressing,Delinquents,Detective,Drama,Ecchi,Educational,Erotica,Fantasy,Gag Humor,Girls Love,Gore,Gourmet,Harem,High Stakes Game,Historical,Horror,Idols (Female),Idols (Male),Isekai,Iyashikei,Josei,Kids,Love Polygon,Love Status Quo,Magical Sex Shift,Mahou Shoujo,Martial Arts,Mecha,Medical,Military,Music,Mystery,Mythology,Organized Crime,Otaku Culture,Parody,Performing Arts,Pets,Psychological,Racing,Reincarnation,Reverse Harem,Romance,Samurai,School,Sci-Fi,Seinen,Shoujo,Shounen,Showbiz,Slice of Life,Space,Sports,Strategy Game,Super Power,Supernatural,Survival,Suspense,Team Sports,Time Travel,Urban Fantasy,Vampire,Video Game,Villainess,Visual Arts,Workplace",77,5012,15,False,100,42,0.1278304014210229
Moonshyla,bayesian_ridge,5,0.0348915311476163,0.0482037653027112,0.114,0.1214558156348025,0.1798333333333333,0.195132908172486,0.57,0.01,35.29,7.28,100,144,108.0,4904.0,,genres_only,"Action,Adult Cast,Adventure,Anthropomorphic,Avant Garde,Award Winning,Boys Love,CGDCT,Childcare,Combat Sports,Comedy,Crossdressing,Delinquents,Detective,Drama,Ecchi,Educational,Erotica,Fantasy,Gag Humor,Girls Love,Gore,Gourmet,Harem,High Stakes Game,Historical,Horror,Idols (Female),Idols (Male),Isekai,Iyashikei,Josei,Kids,Love Polygon,Love Status Quo,Magical Sex Shift,Mahou Shoujo,Martial Arts,Mecha,Medical,Military,Music,Mystery,Mythology,Organized Crime,Otaku Culture,Parody,Performing Arts,Pets,Psychological,Racing,Reincarnation,Reverse Harem,Romance,Samurai,School,Sci-Fi,Seinen,Shoujo,Shounen,Showbiz,Slice of Life,Space,Sports,Strategy Game,Super Power,Supernatural,Survival,Suspense,Team Sports,Time Travel,Urban Fantasy,Vampire,Video Game,Villainess,Visual Arts,Workplace",77,5012,15,False,100,42,0.1278304014210229
HumanRat,bayesian_ridge,5,0.0315734326316612,0.0732201273177007,0.032,0.0736905898354941,0.07,0.1644294287438749,0.16,0.16,34.29,9.94,100,161,121.0,4891.0,,genres_only,"Action,Adult Cast,Adventure,Anthropomorphic,Avant Garde,Award Winning,Boys Love,CGDCT,Childcare,Combat Sports,Comedy,Crossdressing,Delinquents,Detective,Drama,Ecchi,Educational,Erotica,Fantasy,Gag Humor,Girls Love,Gore,Gourmet,Harem,High Stakes Game,Historical,Horror,Idols (Female),Idols (Male),Isekai,Iyashikei,Josei,Kids,Love Polygon,Love Status Quo,Magical Sex Shift,Mahou Shoujo,Martial Arts,Mecha,Medical,Military,Music,Mystery,Mythology,Organized Crime,Otaku Culture,Parody,Performing Arts,Pets,Psychological,Racing,Reincarnation,Reverse Harem,Romance,Samurai,School,Sci-Fi,Seinen,Shoujo,Shounen,Showbiz,Slice of Life,Space,Sports,Strategy Game,Super Power,Supernatural,Survival,Suspense,Team Sports,Time Travel,Urban Fantasy,Vampire,Video Game,Villainess,Visual Arts,Workplace",77,5012,15,False,100,42,0.1278304014210229
yorkie_pro,knn_all_available,5,0.0269306124628201,0.0989575070536439,0.044,0.1492878718679742,0.0691666666666666,0.2421769835430789,0.22,0.09,32.46,18.08,100,187,140.0,4872.0,140.0,genres_only,"Action,Adult Cast,Adventure,Anthropomorphic,Avant Garde,Award Winning,Boys Love,CGDCT,Childcare,Combat Sports,Comedy,Crossdressing,Delinquents,Detective,Drama,Ecchi,Educational,Erotica,Fantasy,Gag Humor,Girls Love,Gore,Gourmet,Harem,High Stakes Game,Historical,Horror,Idols (Female),Idols (Male),Isekai,Iyashikei,Josei,Kids,Love Polygon,Love Status Quo,Magical Sex Shift,Mahou Shoujo,Martial Arts,Mecha,Medical,Military,Music,Mystery,Mythology,Organized Crime,Otaku Culture,Parody,Performing Arts,Pets,Psychological,Racing,Reincarnation,Reverse Harem,Romance,Samurai,School,Sci-Fi,Seinen,Shoujo,Shounen,Showbiz,Slice of Life,Space,Sports,Strategy Game,Super Power,Supernatural,Survival,Suspense,Team Sports,Time Travel,Urban Fantasy,Vampire,Video Game,Villainess,Visual Arts,Workplace",77,5012,15,False,100,42,0.1278304014210229
Kutu_Mastor,knn_all_available,5,0.023929441726034,0.078623064634972,0.044,0.1085440840479949,0.0958333333333333,0.2513641234522591,0.22,0.07,41.19,21.31,100,237,178.0,4834.0,178.0,genres_only,"Action,Adult Cast,Adventure,Anthropomorphic,Avant Garde,Award Winning,Boys Love,CGDCT,Childcare,Combat Sports,Comedy,Crossdressing,Delinquents,Detective,Drama,Ecchi,Educational,Erotica,Fantasy,Gag Humor,Girls Love,Gore,Gourmet,Harem,High Stakes Game,Historical,Horror,Idols (Female),Idols (Male),Isekai,Iyashikei,Josei,Kids,Love Polygon,Love Status Quo,Magical Sex Shift,Mahou Shoujo,Martial Arts,Mecha,Medical,Military,Music,Mystery,Mythology,Organized Crime,Otaku Culture,Parody,Performing Arts,Pets,Psychological,Racing,Reincarnation,Reverse Harem,Romance,Samurai,School,Sci-Fi,Seinen,Shoujo,Shounen,Showbiz,Slice of Life,Space,Sports,Strategy Game,Super Power,Supernatural,Survival,Suspense,Team Sports,Time Travel,Urban Fantasy,Vampire,Video Game,Villainess,Visual Arts,Workplace",77,5012,15,False,100,42,0.1278304014210229
LoyJoy,bayesian_ridge,5,0.0215009516740433,0.062288005569813,0.022,0.062893207547044,0.0475,0.1407725796876621,0.11,0.11,27.61,15.48,100,231,173.0,4839.0,,genres_only,"Action,Adult Cast,Adventure,Anthropomorphic,Avant Garde,Award Winning,Boys Love,CGDCT,Childcare,Combat Sports,Comedy,Crossdressing,Delinquents,Detective,Drama,Ecchi,Educational,Erotica,Fantasy,Gag Humor,Girls Love,Gore,Gourmet,Harem,High Stakes Game,Historical,Horror,Idols (Female),Idols (Male),Isekai,Iyashikei,Josei,Kids,Love Polygon,Love Status Quo,Magical Sex Shift,Mahou Shoujo,Martial Arts,Mecha,Medical,Military,Music,Mystery,Mythology,Organized Crime,Otaku Culture,Parody,Performing Arts,Pets,Psychological,Racing,Reincarnation,Reverse Harem,Romance,Samurai,School,Sci-Fi,Seinen,Shoujo,Shounen,Showbiz,Slice of Life,Space,Sports,Strategy Game,Super Power,Supernatural,Survival,Suspense,Team Sports,Time Travel,Urban Fantasy,Vampire,Video Game,Villainess,Visual Arts,Workplace",77,5012,15,False,100,42,0.1278304014210229
KSTTK,knn_all_available,5,0.0173009165756069,0.0466939816178391,0.046,0.1058109616058733,0.055,0.1402558988838514,0.23,0.05,27.24,5.73,100,138,104.0,4908.0,104.0,genres_only,"Action,Adult Cast,Adventure,Anthropomorphic,Avant Garde,Award Winning,Boys Love,CGDCT,Childcare,Combat Sports,Comedy,Crossdressing,Delinquents,Detective,Drama,Ecchi,Educational,Erotica,Fantasy,Gag Humor,Girls Love,Gore,Gourmet,Harem,High Stakes Game,Historical,Horror,Idols (Female),Idols (Male),Isekai,Iyashikei,Josei,Kids,Love Polygon,Love Status Quo,Magical Sex Shift,Mahou Shoujo,Martial Arts,Mecha,Medical,Military,Music,Mystery,Mythology,Organized Crime,Otaku Culture,Parody,Performing Arts,Pets,Psychological,Racing,Reincarnation,Reverse Harem,Romance,Samurai,School,Sci-Fi,Seinen,Shoujo,Shounen,Showbiz,Slice of Life,Space,Sports,Strategy Game,Super Power,Supernatural,Survival,Suspense,Team Sports,Time Travel,Urban Fantasy,Vampire,Video Game,Villainess,Visual Arts,Workplace",77,5012,15,False,100,42,0.1278304014210229
Dinterdos123,knn_all_available,5,0.0122543551460217,0.0392196096930378,0.018,0.0575246982529322,0.0195,0.0627223318212174,0.09,0.09,19.83,9.35,100,83,62.0,4950.0,62.0,genres_only,"Action,Adult Cast,Adventure,Anthropomorphic,Avant Garde,Award Winning,Boys Love,CGDCT,Childcare,Combat Sports,Comedy,Crossdressing,Delinquents,Detective,Drama,Ecchi,Educational,Erotica,Fantasy,Gag Humor,Girls Love,Gore,Gourmet,Harem,High Stakes Game,Historical,Horror,Idols (Female),Idols (Male),Isekai,Iyashikei,Josei,Kids,Love Polygon,Love Status Quo,Magical Sex Shift,Mahou Shoujo,Martial Arts,Mecha,Medical,Military,Music,Mystery,Mythology,Organized Crime,Otaku Culture,Parody,Performing Arts,Pets,Psychological,Racing,Reincarnation,Reverse Harem,Romance,Samurai,School,Sci-Fi,Seinen,Shoujo,Shounen,Showbiz,Slice of Life,Space,Sports,Strategy Game,Super Power,Supernatural,Survival,Suspense,Team Sports,Time Travel,Urban Fantasy,Vampire,Video Game,Villainess,Visual Arts,Workplace",77,5012,15,False,100,42,0.1278304014210229
Vurnox,bayesian_ridge,5,0.0115740137534753,0.0470740157590469,0.014,0.0512864799952485,0.0289999999999999,0.1121822110891405,0.07,0.05,106.18,45.76,100,661,496.0,4516.0,,genres_only,"Action,Adult Cast,Adventure,Anthropomorphic,Avant Garde,Award Winning,Boys Love,CGDCT,Childcare,Combat Sports,Comedy,Crossdressing,Delinquents,Detective,Drama,Ecchi,Educational,Erotica,Fantasy,Gag Humor,Girls Love,Gore,Gourmet,Harem,High Stakes Game,Historical,Horror,Idols (Female),Idols (Male),Isekai,Iyashikei,Josei,Kids,Love Polygon,Love Status Quo,Magical Sex Shift,Mahou Shoujo,Martial Arts,Mecha,Medical,Military,Music,Mystery,Mythology,Organized Crime,Otaku Culture,Parody,Performing Arts,Pets,Psychological,Racing,Reincarnation,Reverse Harem,Romance,Samurai,School,Sci-Fi,Seinen,Shoujo,Shounen,Showbiz,Slice of Life,Space,Sports,Strategy Game,Super Power,Supernatural,Survival,Suspense,Team Sports,Time Travel,Urban Fantasy,Vampire,Video Game,Villainess,Visual Arts,Workplace",77,5012,15,False,100,42,0.1278304014210229
Haileytokar,bayesian_ridge,5,0.0115364307090639,0.040445900530342,0.02,0.0603022689155527,0.0343333333333333,0.1118365209017493,0.1,0.05,41.49,16.4,100,198,148.0,4864.0,,genres_only,"Action,Adult Cast,Adventure,Anthropomorphic,Avant Garde,Award Winning,Boys Love,CGDCT,Childcare,Combat Sports,Comedy,Crossdressing,Delinquents,Detective,Drama,Ecchi,Educational,Erotica,Fantasy,Gag Humor,Girls Love,Gore,Gourmet,Harem,High Stakes Game,Historical,Horror,Idols (Female),Idols (Male),Isekai,Iyashikei,Josei,Kids,Love Polygon,Love Status Quo,Magical Sex Shift,Mahou Shoujo,Martial Arts,Mecha,Medical,Military,Music,Mystery,Mythology,Organized Crime,Otaku Culture,Parody,Performing Arts,Pets,Psychological,Racing,Reincarnation,Reverse Harem,Romance,Samurai,School,Sci-Fi,Seinen,Shoujo,Shounen,Showbiz,Slice of Life,Space,Sports,Strategy Game,Super Power,Supernatural,Survival,Suspense,Team Sports,Time Travel,Urban Fantasy,Vampire,Video Game,Villainess,Visual Arts,Workplace",77,5012,15,False,100,42,0.1278304014210229
pensa89,knn_all_available,5,0.0114264567695638,0.0393795750009196,0.016,0.0545319848688581,0.0186666666666666,0.0657034797425569,0.08,0.08,18.79,7.16,100,92,69.0,4943.0,69.0,genres_only,"Action,Adult Cast,Adventure,Anthropomorphic,Avant Garde,Award Winning,Boys Love,CGDCT,Childcare,Combat Sports,Comedy,Crossdressing,Delinquents,Detective,Drama,Ecchi,Educational,Erotica,Fantasy,Gag Humor,Girls Love,Gore,Gourmet,Harem,High Stakes Game,Historical,Horror,Idols (Female),Idols (Male),Isekai,Iyashikei,Josei,Kids,Love Polygon,Love Status Quo,Magical Sex Shift,Mahou Shoujo,Martial Arts,Mecha,Medical,Military,Music,Mystery,Mythology,Organized Crime,Otaku Culture,Parody,Performing Arts,Pets,Psychological,Racing,Reincarnation,Reverse Harem,Romance,Samurai,School,Sci-Fi,Seinen,Shoujo,Shounen,Showbiz,Slice of Life,Space,Sports,Strategy Game,Super Power,Supernatural,Survival,Suspense,Team Sports,Time Travel,Urban Fantasy,Vampire,Video Game,Villainess,Visual Arts,Workplace",77,5012,15,False,100,42,0.1278304014210229
Siipn,bayesian_ridge,5,0.0103790815389716,0.0307674060609819,0.034,0.0901401826337873,0.0435,0.1139263303815617,0.17,0.01,87.15,16.15,100,448,336.0,4676.0,,genres_only,"Action,Adult Cast,Adventure,Anthropomorphic,Avant Garde,Award Winning,Boys Love,CGDCT,Childcare,Combat Sports,Comedy,Crossdressing,Delinquents,Detective,Drama,Ecchi,Educational,Erotica,Fantasy,Gag Humor,Girls Love,Gore,Gourmet,Harem,High Stakes Game,Historical,Horror,Idols (Female),Idols (Male),Isekai,Iyashikei,Josei,Kids,Love Polygon,Love Status Quo,Magical Sex Shift,Mahou Shoujo,Martial Arts,Mecha,Medical,Military,Music,Mystery,Mythology,Organized Crime,Otaku Culture,Parody,Performing Arts,Pets,Psychological,Racing,Reincarnation,Reverse Harem,Romance,Samurai,School,Sci-Fi,Seinen,Shoujo,Shounen,Showbiz,Slice of Life,Space,Sports,Strategy Game,Super Power,Supernatural,Survival,Suspense,Team Sports,Time Travel,Urban Fantasy,Vampire,Video Game,Villainess,Visual Arts,Workplace",77,5012,15,False,100,42,0.1278304014210229
MarnikBe,bayesian_ridge,5,0.0102637684661218,0.032327836210133,0.022,0.062893207547044,0.0386666666666666,0.1173233084177736,0.11,0.04,32.63,17.87,100,163,122.0,4890.0,,genres_only,"Action,Adult Cast,Adventure,Anthropomorphic,Avant Garde,Award Winning,Boys Love,CGDCT,Childcare,Combat Sports,Comedy,Crossdressing,Delinquents,Detective,Drama,Ecchi,Educational,Erotica,Fantasy,Gag Humor,Girls Love,Gore,Gourmet,Harem,High Stakes Game,Historical,Horror,Idols (Female),Idols (Male),Isekai,Iyashikei,Josei,Kids,Love Polygon,Love Status Quo,Magical Sex Shift,Mahou Shoujo,Martial Arts,Mecha,Medical,Military,Music,Mystery,Mythology,Organized Crime,Otaku Culture,Parody,Performing Arts,Pets,Psychological,Racing,Reincarnation,Reverse Harem,Romance,Samurai,School,Sci-Fi,Seinen,Shoujo,Shounen,Showbiz,Slice of Life,Space,Sports,Strategy Game,Super Power,Supernatural,Survival,Suspense,Team Sports,Time Travel,Urban Fantasy,Vampire,Video Game,Villainess,Visual Arts,Workplace",77,5012,15,False,100,42,0.1278304014210229
yorkie_pro,bayesian_ridge,5,0.0085687569527633,0.0303956087225945,0.02,0.0724743075339478,0.0633333333333333,0.2294041469247289,0.1,0.0,32.46,18.08,100,187,140.0,4872.0,,genres_only,"Action,Adult Cast,Adventure,Anthropomorphic,Avant Garde,Award Winning,Boys Love,CGDCT,Childcare,Combat Sports,Comedy,Crossdressing,Delinquents,Detective,Drama,Ecchi,Educational,Erotica,Fantasy,Gag Humor,Girls Love,Gore,Gourmet,Harem,High Stakes Game,Historical,Horror,Idols (Female),Idols (Male),Isekai,Iyashikei,Josei,Kids,Love Polygon,Love Status Quo,Magical Sex Shift,Mahou Shoujo,Martial Arts,Mecha,Medical,Military,Music,Mystery,Mythology,Organized Crime,Otaku Culture,Parody,Performing Arts,Pets,Psychological,Racing,Reincarnation,Reverse Harem,Romance,Samurai,School,Sci-Fi,Seinen,Shoujo,Shounen,Showbiz,Slice of Life,Space,Sports,Strategy Game,Super Power,Supernatural,Survival,Suspense,Team Sports,Time Travel,Urban Fantasy,Vampire,Video Game,Villainess,Visual Arts,Workplace",77,5012,15,False,100,42,0.1278304014210229
Irseus,knn_all_available,5,0.0077033923340273,0.0353047137951164,0.018,0.0641651908527646,0.0241666666666666,0.083160595380372,0.09,0.03,187.09,26.89,100,775,581.0,4431.0,581.0,genres_only,"Action,Adult Cast,Adventure,Anthropomorphic,Avant Garde,Award Winning,Boys Love,CGDCT,Childcare,Combat Sports,Comedy,Crossdressing,Delinquents,Detective,Drama,Ecchi,Educational,Erotica,Fantasy,Gag Humor,Girls Love,Gore,Gourmet,Harem,High Stakes Game,Historical,Horror,Idols (Female),Idols (Male),Isekai,Iyashikei,Josei,Kids,Love Polygon,Love Status Quo,Magical Sex Shift,Mahou Shoujo,Martial Arts,Mecha,Medical,Military,Music,Mystery,Mythology,Organized Crime,Otaku Culture,Parody,Performing Arts,Pets,Psychological,Racing,Reincarnation,Reverse Harem,Romance,Samurai,School,Sci-Fi,Seinen,Shoujo,Shounen,Showbiz,Slice of Life,Space,Sports,Strategy Game,Super Power,Supernatural,Survival,Suspense,Team Sports,Time Travel,Urban Fantasy,Vampire,Video Game,Villainess,Visual Arts,Workplace",77,5012,15,False,100,42,0.1278304014210229
Kutu_Mastor,bayesian_ridge,5,0.0063732804193228,0.0320376907422115,0.008,0.0393892771133864,0.012,0.063611827881807,0.04,0.04,41.19,21.31,100,237,178.0,4834.0,,genres_only,"Action,Adult Cast,Adventure,Anthropomorphic,Avant Garde,Award Winning,Boys Love,CGDCT,Childcare,Combat Sports,Comedy,Crossdressing,Delinquents,Detective,Drama,Ecchi,Educational,Erotica,Fantasy,Gag Humor,Girls Love,Gore,Gourmet,Harem,High Stakes Game,Historical,Horror,Idols (Female),Idols (Male),Isekai,Iyashikei,Josei,Kids,Love Polygon,Love Status Quo,Magical Sex Shift,Mahou Shoujo,Martial Arts,Mecha,Medical,Military,Music,Mystery,Mythology,Organized Crime,Otaku Culture,Parody,Performing Arts,Pets,Psychological,Racing,Reincarnation,Reverse Harem,Romance,Samurai,School,Sci-Fi,Seinen,Shoujo,Shounen,Showbiz,Slice of Life,Space,Sports,Strategy Game,Super Power,Supernatural,Survival,Suspense,Team Sports,Time Travel,Urban Fantasy,Vampire,Video Game,Villainess,Visual Arts,Workplace",77,5012,15,False,100,42,0.1278304014210229
KSTTK,bayesian_ridge,5,0.0060959959419861,0.0238036159765352,0.016,0.0545319848688581,0.02,0.0681649810860726,0.08,0.02,27.24,5.73,100,138,104.0,4908.0,,genres_only,"Action,Adult Cast,Adventure,Anthropomorphic,Avant Garde,Award Winning,Boys Love,CGDCT,Childcare,Combat Sports,Comedy,Crossdressing,Delinquents,Detective,Drama,Ecchi,Educational,Erotica,Fantasy,Gag Humor,Girls Love,Gore,Gourmet,Harem,High Stakes Game,Historical,Horror,Idols (Female),Idols (Male),Isekai,Iyashikei,Josei,Kids,Love Polygon,Love Status Quo,Magical Sex Shift,Mahou Shoujo,Martial Arts,Mecha,Medical,Military,Music,Mystery,Mythology,Organized Crime,Otaku Culture,Parody,Performing Arts,Pets,Psychological,Racing,Reincarnation,Reverse Harem,Romance,Samurai,School,Sci-Fi,Seinen,Shoujo,Shounen,Showbiz,Slice of Life,Space,Sports,Strategy Game,Super Power,Supernatural,Survival,Suspense,Team Sports,Time Travel,Urban Fantasy,Vampire,Video Game,Villainess,Visual Arts,Workplace",77,5012,15,False,100,42,0.1278304014210229
AkiAki_Akira,bayesian_ridge,5,0.0027727342735504,0.0195354972572253,0.004,0.0281410588272579,0.0045,0.0318574793400072,0.02,0.02,37.86,21.92,100,234,176.0,4836.0,,genres_only,"Action,Adult Cast,Adventure,Anthropomorphic,Avant Garde,Award Winning,Boys Love,CGDCT,Childcare,Combat Sports,Comedy,Crossdressing,Delinquents,Detective,Drama,Ecchi,Educational,Erotica,Fantasy,Gag Humor,Girls Love,Gore,Gourmet,Harem,High Stakes Game,Historical,Horror,Idols (Female),Idols (Male),Isekai,Iyashikei,Josei,Kids,Love Polygon,Love Status Quo,Magical Sex Shift,Mahou Shoujo,Martial Arts,Mecha,Medical,Military,Music,Mystery,Mythology,Organized Crime,Otaku Culture,Parody,Performing Arts,Pets,Psychological,Racing,Reincarnation,Reverse Harem,Romance,Samurai,School,Sci-Fi,Seinen,Shoujo,Shounen,Showbiz,Slice of Life,Space,Sports,Strategy Game,Super Power,Supernatural,Survival,Suspense,Team Sports,Time Travel,Urban Fantasy,Vampire,Video Game,Villainess,Visual Arts,Workplace",77,5012,15,False,100,42,0.1278304014210229
xF0x,bayesian_ridge,5,0.0021398626473452,0.0213986264734527,0.002,0.02,0.005,0.0499999999999999,0.01,0.01,20.45,12.71,100,135,101.0,4911.0,,genres_only,"Action,Adult Cast,Adventure,Anthropomorphic,Avant Garde,Award Winning,Boys Love,CGDCT,Childcare,Combat Sports,Comedy,Crossdressing,Delinquents,Detective,Drama,Ecchi,Educational,Erotica,Fantasy,Gag Humor,Girls Love,Gore,Gourmet,Harem,High Stakes Game,Historical,Horror,Idols (Female),Idols (Male),Isekai,Iyashikei,Josei,Kids,Love Polygon,Love Status Quo,Magical Sex Shift,Mahou Shoujo,Martial Arts,Mecha,Medical,Military,Music,Mystery,Mythology,Organized Crime,Otaku Culture,Parody,Performing Arts,Pets,Psychological,Racing,Reincarnation,Reverse Harem,Romance,Samurai,School,Sci-Fi,Seinen,Shoujo,Shounen,Showbiz,Slice of Life,Space,Sports,Strategy Game,Super Power,Supernatural,Survival,Suspense,Team Sports,Time Travel,Urban Fantasy,Vampire,Video Game,Villainess,Visual Arts,Workplace",77,5012,15,False,100,42,0.1278304014210229
IM_C4,bayesian_ridge,5,0.001460683498427,0.0146068349842706,0.002,0.02,0.0025,0.025,0.01,0.01,41.06,26.91,100,228,171.0,4841.0,,genres_only,"Action,Adult Cast,Adventure,Anthropomorphic,Avant Garde,Award Winning,Boys Love,CGDCT,Childcare,Combat Sports,Comedy,Crossdressing,Delinquents,Detective,Drama,Ecchi,Educational,Erotica,Fantasy,Gag Humor,Girls Love,Gore,Gourmet,Harem,High Stakes Game,Historical,Horror,Idols (Female),Idols (Male),Isekai,Iyashikei,Josei,Kids,Love Polygon,Love Status Quo,Magical Sex Shift,Mahou Shoujo,Martial Arts,Mecha,Medical,Military,Music,Mystery,Mythology,Organized Crime,Otaku Culture,Parody,Performing Arts,Pets,Psychological,Racing,Reincarnation,Reverse Harem,Romance,Samurai,School,Sci-Fi,Seinen,Shoujo,Shounen,Showbiz,Slice of Life,Space,Sports,Strategy Game,Super Power,Supernatural,Survival,Suspense,Team Sports,Time Travel,Urban Fantasy,Vampire,Video Game,Villainess,Visual Arts,Workplace",77,5012,15,False,100,42,0.1278304014210229
Dadalt,bayesian_ridge,5,0.0,0.0,0.0,0.0,0.0,0.0,0.0,0.0,14.55,8.34,100,68,51.0,4961.0,,genres_only,"Action,Adult Cast,Adventure,Anthropomorphic,Avant Garde,Award Winning,Boys Love,CGDCT,Childcare,Combat Sports,Comedy,Crossdressing,Delinquents,Detective,Drama,Ecchi,Educational,Erotica,Fantasy,Gag Humor,Girls Love,Gore,Gourmet,Harem,High Stakes Game,Historical,Horror,Idols (Female),Idols (Male),Isekai,Iyashikei,Josei,Kids,Love Polygon,Love Status Quo,Magical Sex Shift,Mahou Shoujo,Martial Arts,Mecha,Medical,Military,Music,Mystery,Mythology,Organized Crime,Otaku Culture,Parody,Performing Arts,Pets,Psychological,Racing,Reincarnation,Reverse Harem,Romance,Samurai,School,Sci-Fi,Seinen,Shoujo,Shounen,Showbiz,Slice of Life,Space,Sports,Strategy Game,Super Power,Supernatural,Survival,Suspense,Team Sports,Time Travel,Urban Fantasy,Vampire,Video Game,Villainess,Visual Arts,Workplace",77,5012,15,False,100,42,0.1278304014210229
Ebelha,knn_all_available,5,0.0,0.0,0.0,0.0,0.0,0.0,0.0,0.0,48.0,17.9,100,191,143.0,4869.0,143.0,genres_only,"Action,Adult Cast,Adventure,Anthropomorphic,Avant Garde,Award Winning,Boys Love,CGDCT,Childcare,Combat Sports,Comedy,Crossdressing,Delinquents,Detective,Drama,Ecchi,Educational,Erotica,Fantasy,Gag Humor,Girls Love,Gore,Gourmet,Harem,High Stakes Game,Historical,Horror,Idols (Female),Idols (Male),Isekai,Iyashikei,Josei,Kids,Love Polygon,Love Status Quo,Magical Sex Shift,Mahou Shoujo,Martial Arts,Mecha,Medical,Military,Music,Mystery,Mythology,Organized Crime,Otaku Culture,Parody,Performing Arts,Pets,Psychological,Racing,Reincarnation,Reverse Harem,Romance,Samurai,School,Sci-Fi,Seinen,Shoujo,Shounen,Showbiz,Slice of Life,Space,Sports,Strategy Game,Super Power,Supernatural,Survival,Suspense,Team Sports,Time Travel,Urban Fantasy,Vampire,Video Game,Villainess,Visual Arts,Workplace",77,5012,15,False,100,42,0.1278304014210229
Opelo_Stradyon,bayesian_ridge,5,0.0,0.0,0.0,0.0,0.0,0.0,0.0,0.0,23.48,23.48,100,395,296.0,4716.0,,genres_only,"Action,Adult Cast,Adventure,Anthropomorphic,Avant Garde,Award Winning,Boys Love,CGDCT,Childcare,Combat Sports,Comedy,Crossdressing,Delinquents,Detective,Drama,Ecchi,Educational,Erotica,Fantasy,Gag Humor,Girls Love,Gore,Gourmet,Harem,High Stakes Game,Historical,Horror,Idols (Female),Idols (Male),Isekai,Iyashikei,Josei,Kids,Love Polygon,Love Status Quo,Magical Sex Shift,Mahou Shoujo,Martial Arts,Mecha,Medical,Military,Music,Mystery,Mythology,Organized Crime,Otaku Culture,Parody,Performing Arts,Pets,Psychological,Racing,Reincarnation,Reverse Harem,Romance,Samurai,School,Sci-Fi,Seinen,Shoujo,Shounen,Showbiz,Slice of Life,Space,Sports,Strategy Game,Super Power,Supernatural,Survival,Suspense,Team Sports,Time Travel,Urban Fantasy,Vampire,Video Game,Villainess,Visual Arts,Workplace",77,5012,15,False,100,42,0.1278304014210229
TheRealist68,bayesian_ridge,5,0.0,0.0,0.0,0.0,0.0,0.0,0.0,0.0,23.96,11.67,100,149,112.0,4900.0,,genres_only,"Action,Adult Cast,Adventure,Anthropomorphic,Avant Garde,Award Winning,Boys Love,CGDCT,Childcare,Combat Sports,Comedy,Crossdressing,Delinquents,Detective,Drama,Ecchi,Educational,Erotica,Fantasy,Gag Humor,Girls Love,Gore,Gourmet,Harem,High Stakes Game,Historical,Horror,Idols (Female),Idols (Male),Isekai,Iyashikei,Josei,Kids,Love Polygon,Love Status Quo,Magical Sex Shift,Mahou Shoujo,Martial Arts,Mecha,Medical,Military,Music,Mystery,Mythology,Organized Crime,Otaku Culture,Parody,Performing Arts,Pets,Psychological,Racing,Reincarnation,Reverse Harem,Romance,Samurai,School,Sci-Fi,Seinen,Shoujo,Shounen,Showbiz,Slice of Life,Space,Sports,Strategy Game,Super Power,Supernatural,Survival,Suspense,Team Sports,Time Travel,Urban Fantasy,Vampire,Video Game,Villainess,Visual Arts,Workplace",77,5012,15,False,100,42,0.1278304014210229
alfalfy,bayesian_ridge,5,0.0,0.0,0.0,0.0,0.0,0.0,0.0,0.0,35.49,19.37,100,161,121.0,4891.0,,genres_only,"Action,Adult Cast,Adventure,Anthropomorphic,Avant Garde,Award Winning,Boys Love,CGDCT,Childcare,Combat Sports,Comedy,Crossdressing,Delinquents,Detective,Drama,Ecchi,Educational,Erotica,Fantasy,Gag Humor,Girls Love,Gore,Gourmet,Harem,High Stakes Game,Historical,Horror,Idols (Female),Idols (Male),Isekai,Iyashikei,Josei,Kids,Love Polygon,Love Status Quo,Magical Sex Shift,Mahou Shoujo,Martial Arts,Mecha,Medical,Military,Music,Mystery,Mythology,Organized Crime,Otaku Culture,Parody,Performing Arts,Pets,Psychological,Racing,Reincarnation,Reverse Harem,Romance,Samurai,School,Sci-Fi,Seinen,Shoujo,Shounen,Showbiz,Slice of Life,Space,Sports,Strategy Game,Super Power,Supernatural,Survival,Suspense,Team Sports,Time Travel,Urban Fantasy,Vampire,Video Game,Villainess,Visual Arts,Workplace",77,5012,15,False,100,42,0.1278304014210229
alfalfy,knn_all_available,5,0.0,0.0,0.0,0.0,0.0,0.0,0.0,0.0,35.49,19.37,100,161,121.0,4891.0,121.0,genres_only,"Action,Adult Cast,Adventure,Anthropomorphic,Avant Garde,Award Winning,Boys Love,CGDCT,Childcare,Combat Sports,Comedy,Crossdressing,Delinquents,Detective,Drama,Ecchi,Educational,Erotica,Fantasy,Gag Humor,Girls Love,Gore,Gourmet,Harem,High Stakes Game,Historical,Horror,Idols (Female),Idols (Male),Isekai,Iyashikei,Josei,Kids,Love Polygon,Love Status Quo,Magical Sex Shift,Mahou Shoujo,Martial Arts,Mecha,Medical,Military,Music,Mystery,Mythology,Organized Crime,Otaku Culture,Parody,Performing Arts,Pets,Psychological,Racing,Reincarnation,Reverse Harem,Romance,Samurai,School,Sci-Fi,Seinen,Shoujo,Shounen,Showbiz,Slice of Life,Space,Sports,Strategy Game,Super Power,Supernatural,Survival,Suspense,Team Sports,Time Travel,Urban Fantasy,Vampire,Video Game,Villainess,Visual Arts,Workplace",77,5012,15,False,100,42,0.1278304014210229
dareggon,bayesian_ridge,5,0.0,0.0,0.0,0.0,0.0,0.0,0.0,0.0,32.02,12.67,100,145,109.0,4903.0,,genres_only,"Action,Adult Cast,Adventure,Anthropomorphic,Avant Garde,Award Winning,Boys Love,CGDCT,Childcare,Combat Sports,Comedy,Crossdressing,Delinquents,Detective,Drama,Ecchi,Educational,Erotica,Fantasy,Gag Humor,Girls Love,Gore,Gourmet,Harem,High Stakes Game,Historical,Horror,Idols (Female),Idols (Male),Isekai,Iyashikei,Josei,Kids,Love Polygon,Love Status Quo,Magical Sex Shift,Mahou Shoujo,Martial Arts,Mecha,Medical,Military,Music,Mystery,Mythology,Organized Crime,Otaku Culture,Parody,Performing Arts,Pets,Psychological,Racing,Reincarnation,Reverse Harem,Romance,Samurai,School,Sci-Fi,Seinen,Shoujo,Shounen,Showbiz,Slice of Life,Space,Sports,Strategy Game,Super Power,Supernatural,Survival,Suspense,Team Sports,Time Travel,Urban Fantasy,Vampire,Video Game,Villainess,Visual Arts,Workplace",77,5012,15,False,100,42,0.1278304014210229
dareggon,knn_all_available,5,0.0,0.0,0.0,0.0,0.0,0.0,0.0,0.0,32.02,12.67,100,145,109.0,4903.0,109.0,genres_only,"Action,Adult Cast,Adventure,Anthropomorphic,Avant Garde,Award Winning,Boys Love,CGDCT,Childcare,Combat Sports,Comedy,Crossdressing,Delinquents,Detective,Drama,Ecchi,Educational,Erotica,Fantasy,Gag Humor,Girls Love,Gore,Gourmet,Harem,High Stakes Game,Historical,Horror,Idols (Female),Idols (Male),Isekai,Iyashikei,Josei,Kids,Love Polygon,Love Status Quo,Magical Sex Shift,Mahou Shoujo,Martial Arts,Mecha,Medical,Military,Music,Mystery,Mythology,Organized Crime,Otaku Culture,Parody,Performing Arts,Pets,Psychological,Racing,Reincarnation,Reverse Harem,Romance,Samurai,School,Sci-Fi,Seinen,Shoujo,Shounen,Showbiz,Slice of Life,Space,Sports,Strategy Game,Super Power,Supernatural,Survival,Suspense,Team Sports,Time Travel,Urban Fantasy,Vampire,Video Game,Villainess,Visual Arts,Workplace",77,5012,15,False,100,42,0.1278304014210229
pensa89,bayesian_ridge,5,0.0,0.0,0.0,0.0,0.0,0.0,0.0,0.0,18.79,7.16,100,92,69.0,4943.0,,genres_only,"Action,Adult Cast,Adventure,Anthropomorphic,Avant Garde,Award Winning,Boys Love,CGDCT,Childcare,Combat Sports,Comedy,Crossdressing,Delinquents,Detective,Drama,Ecchi,Educational,Erotica,Fantasy,Gag Humor,Girls Love,Gore,Gourmet,Harem,High Stakes Game,Historical,Horror,Idols (Female),Idols (Male),Isekai,Iyashikei,Josei,Kids,Love Polygon,Love Status Quo,Magical Sex Shift,Mahou Shoujo,Martial Arts,Mecha,Medical,Military,Music,Mystery,Mythology,Organized Crime,Otaku Culture,Parody,Performing Arts,Pets,Psychological,Racing,Reincarnation,Reverse Harem,Romance,Samurai,School,Sci-Fi,Seinen,Shoujo,Shounen,Showbiz,Slice of Life,Space,Sports,Strategy Game,Super Power,Supernatural,Survival,Suspense,Team Sports,Time Travel,Urban Fantasy,Vampire,Video Game,Villainess,Visual Arts,Workplace",77,5012,15,False,100,42,0.1278304014210229
Vurnox,knn_all_available,5,0.8457799466472327,0.123016204314906,0.958,0.0996762435856886,1.0,0.0,4.79,3.77,106.18,45.76,100,661,496.0,4363.0,496.0,complete_num_genres,"mean,popularity,watching,Action,Adult Cast,Adventure,Anthropomorphic,Avant Garde,Award Winning,Boys Love,CGDCT,Childcare,Combat Sports,Comedy,Crossdressing,Delinquents,Detective,Drama,Ecchi,Educational,Erotica,Fantasy,Gag Humor,Girls Love,Gore,Gourmet,Harem,High Stakes Game,Historical,Horror,Idols (Female),Idols (Male),Isekai,Iyashikei,Josei,Kids,Love Polygon,Love Status Quo,Magical Sex Shift,Mahou Shoujo,Martial Arts,Mecha,Medical,Military,Music,Mystery,Mythology,Organized Crime,Otaku Culture,Parody,Performing Arts,Pets,Psychological,Racing,Reincarnation,Reverse Harem,Romance,Samurai,School,Sci-Fi,Seinen,Shoujo,Shounen,Showbiz,Slice of Life,Space,Sports,Strategy Game,Super Power,Supernatural,Survival,Suspense,Team Sports,Time Travel,Urban Fantasy,Vampire,Video Game,Villainess,Visual Arts,Workplace",80,4859,15,False,100,42,0.1278304014210229
DaiShi57,knn_all_available,5,0.8127307273120908,0.1835164401518789,0.772,0.2050277143128793,0.97,0.1388989895317071,3.86,3.86,15.44,15.44,100,190,142.0,4717.0,142.0,complete_num_genres,"mean,popularity,watching,Action,Adult Cast,Adventure,Anthropomorphic,Avant Garde,Award Winning,Boys Love,CGDCT,Childcare,Combat Sports,Comedy,Crossdressing,Delinquents,Detective,Drama,Ecchi,Educational,Erotica,Fantasy,Gag Humor,Girls Love,Gore,Gourmet,Harem,High Stakes Game,Historical,Horror,Idols (Female),Idols (Male),Isekai,Iyashikei,Josei,Kids,Love Polygon,Love Status Quo,Magical Sex Shift,Mahou Shoujo,Martial Arts,Mecha,Medical,Military,Music,Mystery,Mythology,Organized Crime,Otaku Culture,Parody,Performing Arts,Pets,Psychological,Racing,Reincarnation,Reverse Harem,Romance,Samurai,School,Sci-Fi,Seinen,Shoujo,Shounen,Showbiz,Slice of Life,Space,Sports,Strategy Game,Super Power,Supernatural,Survival,Suspense,Team Sports,Time Travel,Urban Fantasy,Vampire,Video Game,Villainess,Visual Arts,Workplace",80,4859,15,False,100,42,0.1278304014210229
DanteNani2004,knn_all_available,5,0.6872611873475283,0.2007291273280559,0.65,0.2298440402278963,0.985,0.1113507516768068,3.25,2.86,17.19,8.18,100,75,56.0,4803.0,56.0,complete_num_genres,"mean,popularity,watching,Action,Adult Cast,Adventure,Anthropomorphic,Avant Garde,Award Winning,Boys Love,CGDCT,Childcare,Combat Sports,Comedy,Crossdressing,Delinquents,Detective,Drama,Ecchi,Educational,Erotica,Fantasy,Gag Humor,Girls Love,Gore,Gourmet,Harem,High Stakes Game,Historical,Horror,Idols (Female),Idols (Male),Isekai,Iyashikei,Josei,Kids,Love Polygon,Love Status Quo,Magical Sex Shift,Mahou Shoujo,Martial Arts,Mecha,Medical,Military,Music,Mystery,Mythology,Organized Crime,Otaku Culture,Parody,Performing Arts,Pets,Psychological,Racing,Reincarnation,Reverse Harem,Romance,Samurai,School,Sci-Fi,Seinen,Shoujo,Shounen,Showbiz,Slice of Life,Space,Sports,Strategy Game,Super Power,Supernatural,Survival,Suspense,Team Sports,Time Travel,Urban Fantasy,Vampire,Video Game,Villainess,Visual Arts,Workplace",80,4859,15,False,100,42,0.1278304014210229
Moonshyla,knn_all_available,5,0.6395849073360451,0.2047237945506524,0.6579999999999999,0.2331947640488481,0.985,0.1113507516768068,3.29,2.4,35.29,7.28,100,144,108.0,4751.0,108.0,complete_num_genres,"mean,popularity,watching,Action,Adult Cast,Adventure,Anthropomorphic,Avant Garde,Award Winning,Boys Love,CGDCT,Childcare,Combat Sports,Comedy,Crossdressing,Delinquents,Detective,Drama,Ecchi,Educational,Erotica,Fantasy,Gag Humor,Girls Love,Gore,Gourmet,Harem,High Stakes Game,Historical,Horror,Idols (Female),Idols (Male),Isekai,Iyashikei,Josei,Kids,Love Polygon,Love Status Quo,Magical Sex Shift,Mahou Shoujo,Martial Arts,Mecha,Medical,Military,Music,Mystery,Mythology,Organized Crime,Otaku Culture,Parody,Performing Arts,Pets,Psychological,Racing,Reincarnation,Reverse Harem,Romance,Samurai,School,Sci-Fi,Seinen,Shoujo,Shounen,Showbiz,Slice of Life,Space,Sports,Strategy Game,Super Power,Supernatural,Survival,Suspense,Team Sports,Time Travel,Urban Fantasy,Vampire,Video Game,Villainess,Visual Arts,Workplace",80,4859,15,False,100,42,0.1278304014210229
IM_C4,knn_all_available,5,0.6049228436457543,0.1941398520133885,0.5539999999999999,0.192495572558294,0.9041666666666668,0.2282561495539673,2.77,2.77,41.06,26.91,100,228,171.0,4688.0,171.0,complete_num_genres,"mean,popularity,watching,Action,Adult Cast,Adventure,Anthropomorphic,Avant Garde,Award Winning,Boys Love,CGDCT,Childcare,Combat Sports,Comedy,Crossdressing,Delinquents,Detective,Drama,Ecchi,Educational,Erotica,Fantasy,Gag Humor,Girls Love,Gore,Gourmet,Harem,High Stakes Game,Historical,Horror,Idols (Female),Idols (Male),Isekai,Iyashikei,Josei,Kids,Love Polygon,Love Status Quo,Magical Sex Shift,Mahou Shoujo,Martial Arts,Mecha,Medical,Military,Music,Mystery,Mythology,Organized Crime,Otaku Culture,Parody,Performing Arts,Pets,Psychological,Racing,Reincarnation,Reverse Harem,Romance,Samurai,School,Sci-Fi,Seinen,Shoujo,Shounen,Showbiz,Slice of Life,Space,Sports,Strategy Game,Super Power,Supernatural,Survival,Suspense,Team Sports,Time Travel,Urban Fantasy,Vampire,Video Game,Villainess,Visual Arts,Workplace",80,4859,15,False,100,42,0.1278304014210229
Vurnox,bayesian_ridge,5,0.6012160097168543,0.1930798213508501,0.624,0.1639906378209722,0.9091666666666668,0.2122427802195662,3.12,2.5,106.18,45.76,100,661,496.0,4363.0,,complete_num_genres,"mean,popularity,watching,Action,Adult Cast,Adventure,Anthropomorphic,Avant Garde,Award Winning,Boys Love,CGDCT,Childcare,Combat Sports,Comedy,Crossdressing,Delinquents,Detective,Drama,Ecchi,Educational,Erotica,Fantasy,Gag Humor,Girls Love,Gore,Gourmet,Harem,High Stakes Game,Historical,Horror,Idols (Female),Idols (Male),Isekai,Iyashikei,Josei,Kids,Love Polygon,Love Status Quo,Magical Sex Shift,Mahou Shoujo,Martial Arts,Mecha,Medical,Military,Music,Mystery,Mythology,Organized Crime,Otaku Culture,Parody,Performing Arts,Pets,Psychological,Racing,Reincarnation,Reverse Harem,Romance,Samurai,School,Sci-Fi,Seinen,Shoujo,Shounen,Showbiz,Slice of Life,Space,Sports,Strategy Game,Super Power,Supernatural,Survival,Suspense,Team Sports,Time Travel,Urban Fantasy,Vampire,Video Game,Villainess,Visual Arts,Workplace",80,4859,15,False,100,42,0.1278304014210229
Irseus,knn_all_available,5,0.5636297942494417,0.1611919562952872,0.71,0.1592279352172079,0.955,0.1438117456323306,3.55,2.18,187.09,26.89,100,775,581.0,4278.0,581.0,complete_num_genres,"mean,popularity,watching,Action,Adult Cast,Adventure,Anthropomorphic,Avant Garde,Award Winning,Boys Love,CGDCT,Childcare,Combat Sports,Comedy,Crossdressing,Delinquents,Detective,Drama,Ecchi,Educational,Erotica,Fantasy,Gag Humor,Girls Love,Gore,Gourmet,Harem,High Stakes Game,Historical,Horror,Idols (Female),Idols (Male),Isekai,Iyashikei,Josei,Kids,Love Polygon,Love Status Quo,Magical Sex Shift,Mahou Shoujo,Martial Arts,Mecha,Medical,Military,Music,Mystery,Mythology,Organized Crime,Otaku Culture,Parody,Performing Arts,Pets,Psychological,Racing,Reincarnation,Reverse Harem,Romance,Samurai,School,Sci-Fi,Seinen,Shoujo,Shounen,Showbiz,Slice of Life,Space,Sports,Strategy Game,Super Power,Supernatural,Survival,Suspense,Team Sports,Time Travel,Urban Fantasy,Vampire,Video Game,Villainess,Visual Arts,Workplace",80,4859,15,False,100,42,0.1278304014210229
Edison-great,knn_all_available,5,0.5583462016033333,0.2175083200877812,0.564,0.2190521362229512,0.9045,0.2170852599809809,2.82,2.29,90.2,39.17,100,459,344.0,4515.0,344.0,complete_num_genres,"mean,popularity,watching,Action,Adult Cast,Adventure,Anthropomorphic,Avant Garde,Award Winning,Boys Love,CGDCT,Childcare,Combat Sports,Comedy,Crossdressing,Delinquents,Detective,Drama,Ecchi,Educational,Erotica,Fantasy,Gag Humor,Girls Love,Gore,Gourmet,Harem,High Stakes Game,Historical,Horror,Idols (Female),Idols (Male),Isekai,Iyashikei,Josei,Kids,Love Polygon,Love Status Quo,Magical Sex Shift,Mahou Shoujo,Martial Arts,Mecha,Medical,Military,Music,Mystery,Mythology,Organized Crime,Otaku Culture,Parody,Performing Arts,Pets,Psychological,Racing,Reincarnation,Reverse Harem,Romance,Samurai,School,Sci-Fi,Seinen,Shoujo,Shounen,Showbiz,Slice of Life,Space,Sports,Strategy Game,Super Power,Supernatural,Survival,Suspense,Team Sports,Time Travel,Urban Fantasy,Vampire,Video Game,Villainess,Visual Arts,Workplace",80,4859,15,False,100,42,0.1278304014210229
MeloniaShaby,knn_all_available,5,0.5224607377114885,0.1805373750208764,0.516,0.1612576832403355,0.9056666666666666,0.2300053676238937,2.58,2.24,45.98,25.59,100,220,165.0,4694.0,165.0,complete_num_genres,"mean,popularity,watching,Action,Adult Cast,Adventure,Anthropomorphic,Avant Garde,Award Winning,Boys Love,CGDCT,Childcare,Combat Sports,Comedy,Crossdressing,Delinquents,Detective,Drama,Ecchi,Educational,Erotica,Fantasy,Gag Humor,Girls Love,Gore,Gourmet,Harem,High Stakes Game,Historical,Horror,Idols (Female),Idols (Male),Isekai,Iyashikei,Josei,Kids,Love Polygon,Love Status Quo,Magical Sex Shift,Mahou Shoujo,Martial Arts,Mecha,Medical,Military,Music,Mystery,Mythology,Organized Crime,Otaku Culture,Parody,Performing Arts,Pets,Psychological,Racing,Reincarnation,Reverse Harem,Romance,Samurai,School,Sci-Fi,Seinen,Shoujo,Shounen,Showbiz,Slice of Life,Space,Sports,Strategy Game,Super Power,Supernatural,Survival,Suspense,Team Sports,Time Travel,Urban Fantasy,Vampire,Video Game,Villainess,Visual Arts,Workplace",80,4859,15,False,100,42,0.1278304014210229
xF0x,knn_all_available,5,0.5199994410279924,0.2328579571049862,0.462,0.239013122500152,0.912,0.2727636339397171,2.31,2.09,20.45,12.71,100,135,101.0,4758.0,101.0,complete_num_genres,"mean,popularity,watching,Action,Adult Cast,Adventure,Anthropomorphic,Avant Garde,Award Winning,Boys Love,CGDCT,Childcare,Combat Sports,Comedy,Crossdressing,Delinquents,Detective,Drama,Ecchi,Educational,Erotica,Fantasy,Gag Humor,Girls Love,Gore,Gourmet,Harem,High Stakes Game,Historical,Horror,Idols (Female),Idols (Male),Isekai,Iyashikei,Josei,Kids,Love Polygon,Love Status Quo,Magical Sex Shift,Mahou Shoujo,Martial Arts,Mecha,Medical,Military,Music,Mystery,Mythology,Organized Crime,Otaku Culture,Parody,Performing Arts,Pets,Psychological,Racing,Reincarnation,Reverse Harem,Romance,Samurai,School,Sci-Fi,Seinen,Shoujo,Shounen,Showbiz,Slice of Life,Space,Sports,Strategy Game,Super Power,Supernatural,Survival,Suspense,Team Sports,Time Travel,Urban Fantasy,Vampire,Video Game,Villainess,Visual Arts,Workplace",80,4859,15,False,100,42,0.1278304014210229
Ebelha,knn_all_available,5,0.5194651038663349,0.1925504363528081,0.5539999999999999,0.1794604708732834,0.7578333333333334,0.2892427417176853,2.77,2.44,48.0,17.9,100,191,143.0,4716.0,143.0,complete_num_genres,"mean,popularity,watching,Action,Adult Cast,Adventure,Anthropomorphic,Avant Garde,Award Winning,Boys Love,CGDCT,Childcare,Combat Sports,Comedy,Crossdressing,Delinquents,Detective,Drama,Ecchi,Educational,Erotica,Fantasy,Gag Humor,Girls Love,Gore,Gourmet,Harem,High Stakes Game,Historical,Horror,Idols (Female),Idols (Male),Isekai,Iyashikei,Josei,Kids,Love Polygon,Love Status Quo,Magical Sex Shift,Mahou Shoujo,Martial Arts,Mecha,Medical,Military,Music,Mystery,Mythology,Organized Crime,Otaku Culture,Parody,Performing Arts,Pets,Psychological,Racing,Reincarnation,Reverse Harem,Romance,Samurai,School,Sci-Fi,Seinen,Shoujo,Shounen,Showbiz,Slice of Life,Space,Sports,Strategy Game,Super Power,Supernatural,Survival,Suspense,Team Sports,Time Travel,Urban Fantasy,Vampire,Video Game,Villainess,Visual Arts,Workplace",80,4859,15,False,100,42,0.1278304014210229
yorkie_pro,knn_all_available,5,0.4944057041645894,0.2184332888290922,0.436,0.2171998102571859,0.8883333333333333,0.2824406615073815,2.18,1.99,32.46,18.08,100,187,140.0,4719.0,140.0,complete_num_genres,"mean,popularity,watching,Action,Adult Cast,Adventure,Anthropomorphic,Avant Garde,Award Winning,Boys Love,CGDCT,Childcare,Combat Sports,Comedy,Crossdressing,Delinquents,Detective,Drama,Ecchi,Educational,Erotica,Fantasy,Gag Humor,Girls Love,Gore,Gourmet,Harem,High Stakes Game,Historical,Horror,Idols (Female),Idols (Male),Isekai,Iyashikei,Josei,Kids,Love Polygon,Love Status Quo,Magical Sex Shift,Mahou Shoujo,Martial Arts,Mecha,Medical,Military,Music,Mystery,Mythology,Organized Crime,Otaku Culture,Parody,Performing Arts,Pets,Psychological,Racing,Reincarnation,Reverse Harem,Romance,Samurai,School,Sci-Fi,Seinen,Shoujo,Shounen,Showbiz,Slice of Life,Space,Sports,Strategy Game,Super Power,Supernatural,Survival,Suspense,Team Sports,Time Travel,Urban Fantasy,Vampire,Video Game,Villainess,Visual Arts,Workplace",80,4859,15,False,100,42,0.1278304014210229
DanteNani2004,bayesian_ridge,5,0.4908101013778456,0.2214955271434804,0.4639999999999999,0.2027687143401356,0.8186666666666667,0.2984084231065208,2.32,2.04,17.19,8.18,100,75,56.0,4803.0,,complete_num_genres,"mean,popularity,watching,Action,Adult Cast,Adventure,Anthropomorphic,Avant Garde,Award Winning,Boys Love,CGDCT,Childcare,Combat Sports,Comedy,Crossdressing,Delinquents,Detective,Drama,Ecchi,Educational,Erotica,Fantasy,Gag Humor,Girls Love,Gore,Gourmet,Harem,High Stakes Game,Historical,Horror,Idols (Female),Idols (Male),Isekai,Iyashikei,Josei,Kids,Love Polygon,Love Status Quo,Magical Sex Shift,Mahou Shoujo,Martial Arts,Mecha,Medical,Military,Music,Mystery,Mythology,Organized Crime,Otaku Culture,Parody,Performing Arts,Pets,Psychological,Racing,Reincarnation,Reverse Harem,Romance,Samurai,School,Sci-Fi,Seinen,Shoujo,Shounen,Showbiz,Slice of Life,Space,Sports,Strategy Game,Super Power,Supernatural,Survival,Suspense,Team Sports,Time Travel,Urban Fantasy,Vampire,Video Game,Villainess,Visual Arts,Workplace",80,4859,15,False,100,42,0.1278304014210229
Captn_Cook,knn_all_available,5,0.473767627615289,0.1987628863593091,0.49,0.189363633939006,0.8316666666666667,0.2661664078690059,2.45,1.89,16.53,8.52,100,79,59.0,4800.0,59.0,complete_num_genres,"mean,popularity,watching,Action,Adult Cast,Adventure,Anthropomorphic,Avant Garde,Award Winning,Boys Love,CGDCT,Childcare,Combat Sports,Comedy,Crossdressing,Delinquents,Detective,Drama,Ecchi,Educational,Erotica,Fantasy,Gag Humor,Girls Love,Gore,Gourmet,Harem,High Stakes Game,Historical,Horror,Idols (Female),Idols (Male),Isekai,Iyashikei,Josei,Kids,Love Polygon,Love Status Quo,Magical Sex Shift,Mahou Shoujo,Martial Arts,Mecha,Medical,Military,Music,Mystery,Mythology,Organized Crime,Otaku Culture,Parody,Performing Arts,Pets,Psychological,Racing,Reincarnation,Reverse Harem,Romance,Samurai,School,Sci-Fi,Seinen,Shoujo,Shounen,Showbiz,Slice of Life,Space,Sports,Strategy Game,Super Power,Supernatural,Survival,Suspense,Team Sports,Time Travel,Urban Fantasy,Vampire,Video Game,Villainess,Visual Arts,Workplace",80,4859,15,False,100,42,0.1278304014210229
Vurnox,global_mean,5,0.4517402665199571,0.1732748230478807,0.574,0.2101562670149442,0.607,0.2118962010041709,2.87,2.25,106.18,45.76,100,661,496.0,4363.0,,complete_num_genres,"mean,popularity,watching,Action,Adult Cast,Adventure,Anthropomorphic,Avant Garde,Award Winning,Boys Love,CGDCT,Childcare,Combat Sports,Comedy,Crossdressing,Delinquents,Detective,Drama,Ecchi,Educational,Erotica,Fantasy,Gag Humor,Girls Love,Gore,Gourmet,Harem,High Stakes Game,Historical,Horror,Idols (Female),Idols (Male),Isekai,Iyashikei,Josei,Kids,Love Polygon,Love Status Quo,Magical Sex Shift,Mahou Shoujo,Martial Arts,Mecha,Medical,Military,Music,Mystery,Mythology,Organized Crime,Otaku Culture,Parody,Performing Arts,Pets,Psychological,Racing,Reincarnation,Reverse Harem,Romance,Samurai,School,Sci-Fi,Seinen,Shoujo,Shounen,Showbiz,Slice of Life,Space,Sports,Strategy Game,Super Power,Supernatural,Survival,Suspense,Team Sports,Time Travel,Urban Fantasy,Vampire,Video Game,Villainess,Visual Arts,Workplace",80,4859,15,False,100,42,0.1278304014210229
TheRealist68,knn_all_available,5,0.4470979541494456,0.1917979129618182,0.442,0.1891928629571935,0.7023333333333334,0.3176444235272828,2.21,2.08,23.96,11.67,100,149,112.0,4747.0,112.0,complete_num_genres,"mean,popularity,watching,Action,Adult Cast,Adventure,Anthropomorphic,Avant Garde,Award Winning,Boys Love,CGDCT,Childcare,Combat Sports,Comedy,Crossdressing,Delinquents,Detective,Drama,Ecchi,Educational,Erotica,Fantasy,Gag Humor,Girls Love,Gore,Gourmet,Harem,High Stakes Game,Historical,Horror,Idols (Female),Idols (Male),Isekai,Iyashikei,Josei,Kids,Love Polygon,Love Status Quo,Magical Sex Shift,Mahou Shoujo,Martial Arts,Mecha,Medical,Military,Music,Mystery,Mythology,Organized Crime,Otaku Culture,Parody,Performing Arts,Pets,Psychological,Racing,Reincarnation,Reverse Harem,Romance,Samurai,School,Sci-Fi,Seinen,Shoujo,Shounen,Showbiz,Slice of Life,Space,Sports,Strategy Game,Super Power,Supernatural,Survival,Suspense,Team Sports,Time Travel,Urban Fantasy,Vampire,Video Game,Villainess,Visual Arts,Workplace",80,4859,15,False,100,42,0.1278304014210229
GrumbleDango,knn_all_available,5,0.4393757489862211,0.2170936551002895,0.482,0.212906770510693,0.5915,0.2633047229055664,2.41,2.21,85.95,51.45,100,488,366.0,4493.0,366.0,complete_num_genres,"mean,popularity,watching,Action,Adult Cast,Adventure,Anthropomorphic,Avant Garde,Award Winning,Boys Love,CGDCT,Childcare,Combat Sports,Comedy,Crossdressing,Delinquents,Detective,Drama,Ecchi,Educational,Erotica,Fantasy,Gag Humor,Girls Love,Gore,Gourmet,Harem,High Stakes Game,Historical,Horror,Idols (Female),Idols (Male),Isekai,Iyashikei,Josei,Kids,Love Polygon,Love Status Quo,Magical Sex Shift,Mahou Shoujo,Martial Arts,Mecha,Medical,Military,Music,Mystery,Mythology,Organized Crime,Otaku Culture,Parody,Performing Arts,Pets,Psychological,Racing,Reincarnation,Reverse Harem,Romance,Samurai,School,Sci-Fi,Seinen,Shoujo,Shounen,Showbiz,Slice of Life,Space,Sports,Strategy Game,Super Power,Supernatural,Survival,Suspense,Team Sports,Time Travel,Urban Fantasy,Vampire,Video Game,Villainess,Visual Arts,Workplace",80,4859,15,False,100,42,0.1278304014210229
Siipn,bayesian_ridge,5,0.424374161730889,0.1588005477413895,0.5760000000000001,0.099615422115415,0.81,0.2889374473564278,2.88,1.64,87.15,16.15,100,448,336.0,4523.0,,complete_num_genres,"mean,popularity,watching,Action,Adult Cast,Adventure,Anthropomorphic,Avant Garde,Award Winning,Boys Love,CGDCT,Childcare,Combat Sports,Comedy,Crossdressing,Delinquents,Detective,Drama,Ecchi,Educational,Erotica,Fantasy,Gag Humor,Girls Love,Gore,Gourmet,Harem,High Stakes Game,Historical,Horror,Idols (Female),Idols (Male),Isekai,Iyashikei,Josei,Kids,Love Polygon,Love Status Quo,Magical Sex Shift,Mahou Shoujo,Martial Arts,Mecha,Medical,Military,Music,Mystery,Mythology,Organized Crime,Otaku Culture,Parody,Performing Arts,Pets,Psychological,Racing,Reincarnation,Reverse Harem,Romance,Samurai,School,Sci-Fi,Seinen,Shoujo,Shounen,Showbiz,Slice of Life,Space,Sports,Strategy Game,Super Power,Supernatural,Survival,Suspense,Team Sports,Time Travel,Urban Fantasy,Vampire,Video Game,Villainess,Visual Arts,Workplace",80,4859,15,False,100,42,0.1278304014210229
Opelo_Stradyon,knn_all_available,5,0.406435610125373,0.1871103576829742,0.416,0.1649732148445971,0.596,0.2852738066860412,2.08,2.08,23.48,23.48,100,395,296.0,4563.0,296.0,complete_num_genres,"mean,popularity,watching,Action,Adult Cast,Adventure,Anthropomorphic,Avant Garde,Award Winning,Boys Love,CGDCT,Childcare,Combat Sports,Comedy,Crossdressing,Delinquents,Detective,Drama,Ecchi,Educational,Erotica,Fantasy,Gag Humor,Girls Love,Gore,Gourmet,Harem,High Stakes Game,Historical,Horror,Idols (Female),Idols (Male),Isekai,Iyashikei,Josei,Kids,Love Polygon,Love Status Quo,Magical Sex Shift,Mahou Shoujo,Martial Arts,Mecha,Medical,Military,Music,Mystery,Mythology,Organized Crime,Otaku Culture,Parody,Performing Arts,Pets,Psychological,Racing,Reincarnation,Reverse Harem,Romance,Samurai,School,Sci-Fi,Seinen,Shoujo,Shounen,Showbiz,Slice of Life,Space,Sports,Strategy Game,Super Power,Supernatural,Survival,Suspense,Team Sports,Time Travel,Urban Fantasy,Vampire,Video Game,Villainess,Visual Arts,Workplace",80,4859,15,False,100,42,0.1278304014210229
DaiShi57,bayesian_ridge,5,0.3872882068493675,0.2173579654410294,0.3379999999999999,0.1963196733427756,0.6848333333333333,0.3661236796788059,1.69,1.69,15.44,15.44,100,190,142.0,4717.0,,complete_num_genres,"mean,popularity,watching,Action,Adult Cast,Adventure,Anthropomorphic,Avant Garde,Award Winning,Boys Love,CGDCT,Childcare,Combat Sports,Comedy,Crossdressing,Delinquents,Detective,Drama,Ecchi,Educational,Erotica,Fantasy,Gag Humor,Girls Love,Gore,Gourmet,Harem,High Stakes Game,Historical,Horror,Idols (Female),Idols (Male),Isekai,Iyashikei,Josei,Kids,Love Polygon,Love Status Quo,Magical Sex Shift,Mahou Shoujo,Martial Arts,Mecha,Medical,Military,Music,Mystery,Mythology,Organized Crime,Otaku Culture,Parody,Performing Arts,Pets,Psychological,Racing,Reincarnation,Reverse Harem,Romance,Samurai,School,Sci-Fi,Seinen,Shoujo,Shounen,Showbiz,Slice of Life,Space,Sports,Strategy Game,Super Power,Supernatural,Survival,Suspense,Team Sports,Time Travel,Urban Fantasy,Vampire,Video Game,Villainess,Visual Arts,Workplace",80,4859,15,False,100,42,0.1278304014210229
GrumbleDango,bayesian_ridge,5,0.3827785206773316,0.2078664681125162,0.422,0.1946662515562199,0.7191666666666667,0.3373193909230609,2.11,1.51,85.95,51.45,100,488,366.0,4493.0,,complete_num_genres,"mean,popularity,watching,Action,Adult Cast,Adventure,Anthropomorphic,Avant Garde,Award Winning,Boys Love,CGDCT,Childcare,Combat Sports,Comedy,Crossdressing,Delinquents,Detective,Drama,Ecchi,Educational,Erotica,Fantasy,Gag Humor,Girls Love,Gore,Gourmet,Harem,High Stakes Game,Historical,Horror,Idols (Female),Idols (Male),Isekai,Iyashikei,Josei,Kids,Love Polygon,Love Status Quo,Magical Sex Shift,Mahou Shoujo,Martial Arts,Mecha,Medical,Military,Music,Mystery,Mythology,Organized Crime,Otaku Culture,Parody,Performing Arts,Pets,Psychological,Racing,Reincarnation,Reverse Harem,Romance,Samurai,School,Sci-Fi,Seinen,Shoujo,Shounen,Showbiz,Slice of Life,Space,Sports,Strategy Game,Super Power,Supernatural,Survival,Suspense,Team Sports,Time Travel,Urban Fantasy,Vampire,Video Game,Villainess,Visual Arts,Workplace",80,4859,15,False,100,42,0.1278304014210229
Dinterdos123,knn_all_available,5,0.3739713054716918,0.1396453230031654,0.412,0.1387389089206227,0.5711666666666667,0.2929000377240765,2.06,1.95,19.83,9.35,100,83,62.0,4797.0,62.0,complete_num_genres,"mean,popularity,watching,Action,Adult Cast,Adventure,Anthropomorphic,Avant Garde,Award Winning,Boys Love,CGDCT,Childcare,Combat Sports,Comedy,Crossdressing,Delinquents,Detective,Drama,Ecchi,Educational,Erotica,Fantasy,Gag Humor,Girls Love,Gore,Gourmet,Harem,High Stakes Game,Historical,Horror,Idols (Female),Idols (Male),Isekai,Iyashikei,Josei,Kids,Love Polygon,Love Status Quo,Magical Sex Shift,Mahou Shoujo,Martial Arts,Mecha,Medical,Military,Music,Mystery,Mythology,Organized Crime,Otaku Culture,Parody,Performing Arts,Pets,Psychological,Racing,Reincarnation,Reverse Harem,Romance,Samurai,School,Sci-Fi,Seinen,Shoujo,Shounen,Showbiz,Slice of Life,Space,Sports,Strategy Game,Super Power,Supernatural,Survival,Suspense,Team Sports,Time Travel,Urban Fantasy,Vampire,Video Game,Villainess,Visual Arts,Workplace",80,4859,15,False,100,42,0.1278304014210229
Edison-great,bayesian_ridge,5,0.3712486830701003,0.2058307329877322,0.428,0.1990279407824972,0.6934999999999999,0.3211921448905529,2.14,1.57,90.2,39.17,100,459,344.0,4515.0,,complete_num_genres,"mean,popularity,watching,Action,Adult Cast,Adventure,Anthropomorphic,Avant Garde,Award Winning,Boys Love,CGDCT,Childcare,Combat Sports,Comedy,Crossdressing,Delinquents,Detective,Drama,Ecchi,Educational,Erotica,Fantasy,Gag Humor,Girls Love,Gore,Gourmet,Harem,High Stakes Game,Historical,Horror,Idols (Female),Idols (Male),Isekai,Iyashikei,Josei,Kids,Love Polygon,Love Status Quo,Magical Sex Shift,Mahou Shoujo,Martial Arts,Mecha,Medical,Military,Music,Mystery,Mythology,Organized Crime,Otaku Culture,Parody,Performing Arts,Pets,Psychological,Racing,Reincarnation,Reverse Harem,Romance,Samurai,School,Sci-Fi,Seinen,Shoujo,Shounen,Showbiz,Slice of Life,Space,Sports,Strategy Game,Super Power,Supernatural,Survival,Suspense,Team Sports,Time Travel,Urban Fantasy,Vampire,Video Game,Villainess,Visual Arts,Workplace",80,4859,15,False,100,42,0.1278304014210229
Moonshyla,bayesian_ridge,5,0.3574137546078607,0.1905250079274272,0.442,0.1759132017372617,0.754,0.303931588970957,2.21,1.18,35.29,7.28,100,144,108.0,4751.0,,complete_num_genres,"mean,popularity,watching,Action,Adult Cast,Adventure,Anthropomorphic,Avant Garde,Award Winning,Boys Love,CGDCT,Childcare,Combat Sports,Comedy,Crossdressing,Delinquents,Detective,Drama,Ecchi,Educational,Erotica,Fantasy,Gag Humor,Girls Love,Gore,Gourmet,Harem,High Stakes Game,Historical,Horror,Idols (Female),Idols (Male),Isekai,Iyashikei,Josei,Kids,Love Polygon,Love Status Quo,Magical Sex Shift,Mahou Shoujo,Martial Arts,Mecha,Medical,Military,Music,Mystery,Mythology,Organized Crime,Otaku Culture,Parody,Performing Arts,Pets,Psychological,Racing,Reincarnation,Reverse Harem,Romance,Samurai,School,Sci-Fi,Seinen,Shoujo,Shounen,Showbiz,Slice of Life,Space,Sports,Strategy Game,Super Power,Supernatural,Survival,Suspense,Team Sports,Time Travel,Urban Fantasy,Vampire,Video Game,Villainess,Visual Arts,Workplace",80,4859,15,False,100,42,0.1278304014210229
KSTTK,knn_all_available,5,0.3564126299902691,0.2103484506978495,0.32,0.192799681461659,0.69,0.3654709613211746,1.6,1.4,27.24,5.73,100,138,104.0,4755.0,104.0,complete_num_genres,"mean,popularity,watching,Action,Adult Cast,Adventure,Anthropomorphic,Avant Garde,Award Winning,Boys Love,CGDCT,Childcare,Combat Sports,Comedy,Crossdressing,Delinquents,Detective,Drama,Ecchi,Educational,Erotica,Fantasy,Gag Humor,Girls Love,Gore,Gourmet,Harem,High Stakes Game,Historical,Horror,Idols (Female),Idols (Male),Isekai,Iyashikei,Josei,Kids,Love Polygon,Love Status Quo,Magical Sex Shift,Mahou Shoujo,Martial Arts,Mecha,Medical,Military,Music,Mystery,Mythology,Organized Crime,Otaku Culture,Parody,Performing Arts,Pets,Psychological,Racing,Reincarnation,Reverse Harem,Romance,Samurai,School,Sci-Fi,Seinen,Shoujo,Shounen,Showbiz,Slice of Life,Space,Sports,Strategy Game,Super Power,Supernatural,Survival,Suspense,Team Sports,Time Travel,Urban Fantasy,Vampire,Video Game,Villainess,Visual Arts,Workplace",80,4859,15,False,100,42,0.1278304014210229
LoyJoy,knn_all_available,5,0.3426019549877594,0.1608055434939998,0.44,0.1775250729197189,0.5535,0.2579629146212016,2.2,1.73,27.61,15.48,100,231,173.0,4686.0,173.0,complete_num_genres,"mean,popularity,watching,Action,Adult Cast,Adventure,Anthropomorphic,Avant Garde,Award Winning,Boys Love,CGDCT,Childcare,Combat Sports,Comedy,Crossdressing,Delinquents,Detective,Drama,Ecchi,Educational,Erotica,Fantasy,Gag Humor,Girls Love,Gore,Gourmet,Harem,High Stakes Game,Historical,Horror,Idols (Female),Idols (Male),Isekai,Iyashikei,Josei,Kids,Love Polygon,Love Status Quo,Magical Sex Shift,Mahou Shoujo,Martial Arts,Mecha,Medical,Military,Music,Mystery,Mythology,Organized Crime,Otaku Culture,Parody,Performing Arts,Pets,Psychological,Racing,Reincarnation,Reverse Harem,Romance,Samurai,School,Sci-Fi,Seinen,Shoujo,Shounen,Showbiz,Slice of Life,Space,Sports,Strategy Game,Super Power,Supernatural,Survival,Suspense,Team Sports,Time Travel,Urban Fantasy,Vampire,Video Game,Villainess,Visual Arts,Workplace",80,4859,15,False,100,42,0.1278304014210229
dareggon,knn_all_available,5,0.3386170231015126,0.1959848123441757,0.414,0.2313858118800587,0.7928333333333333,0.3507587974758922,2.07,1.17,32.02,12.67,100,145,109.0,4750.0,109.0,complete_num_genres,"mean,popularity,watching,Action,Adult Cast,Adventure,Anthropomorphic,Avant Garde,Award Winning,Boys Love,CGDCT,Childcare,Combat Sports,Comedy,Crossdressing,Delinquents,Detective,Drama,Ecchi,Educational,Erotica,Fantasy,Gag Humor,Girls Love,Gore,Gourmet,Harem,High Stakes Game,Historical,Horror,Idols (Female),Idols (Male),Isekai,Iyashikei,Josei,Kids,Love Polygon,Love Status Quo,Magical Sex Shift,Mahou Shoujo,Martial Arts,Mecha,Medical,Military,Music,Mystery,Mythology,Organized Crime,Otaku Culture,Parody,Performing Arts,Pets,Psychological,Racing,Reincarnation,Reverse Harem,Romance,Samurai,School,Sci-Fi,Seinen,Shoujo,Shounen,Showbiz,Slice of Life,Space,Sports,Strategy Game,Super Power,Supernatural,Survival,Suspense,Team Sports,Time Travel,Urban Fantasy,Vampire,Video Game,Villainess,Visual Arts,Workplace",80,4859,15,False,100,42,0.1278304014210229
HumanRat,knn_all_available,5,0.33283804787692,0.2033722664475383,0.314,0.1954120226236313,0.7931666666666666,0.3599717456801172,1.57,1.12,34.29,9.94,100,161,121.0,4738.0,121.0,complete_num_genres,"mean,popularity,watching,Action,Adult Cast,Adventure,Anthropomorphic,Avant Garde,Award Winning,Boys Love,CGDCT,Childcare,Combat Sports,Comedy,Crossdressing,Delinquents,Detective,Drama,Ecchi,Educational,Erotica,Fantasy,Gag Humor,Girls Love,Gore,Gourmet,Harem,High Stakes Game,Historical,Horror,Idols (Female),Idols (Male),Isekai,Iyashikei,Josei,Kids,Love Polygon,Love Status Quo,Magical Sex Shift,Mahou Shoujo,Martial Arts,Mecha,Medical,Military,Music,Mystery,Mythology,Organized Crime,Otaku Culture,Parody,Performing Arts,Pets,Psychological,Racing,Reincarnation,Reverse Harem,Romance,Samurai,School,Sci-Fi,Seinen,Shoujo,Shounen,Showbiz,Slice of Life,Space,Sports,Strategy Game,Super Power,Supernatural,Survival,Suspense,Team Sports,Time Travel,Urban Fantasy,Vampire,Video Game,Villainess,Visual Arts,Workplace",80,4859,15,False,100,42,0.1278304014210229
pensa89,knn_all_available,5,0.3259261817260662,0.1980825603751342,0.32,0.1632993161855452,0.7195,0.3698594919304407,1.6,1.13,18.79,7.16,100,92,69.0,4790.0,69.0,complete_num_genres,"mean,popularity,watching,Action,Adult Cast,Adventure,Anthropomorphic,Avant Garde,Award Winning,Boys Love,CGDCT,Childcare,Combat Sports,Comedy,Crossdressing,Delinquents,Detective,Drama,Ecchi,Educational,Erotica,Fantasy,Gag Humor,Girls Love,Gore,Gourmet,Harem,High Stakes Game,Historical,Horror,Idols (Female),Idols (Male),Isekai,Iyashikei,Josei,Kids,Love Polygon,Love Status Quo,Magical Sex Shift,Mahou Shoujo,Martial Arts,Mecha,Medical,Military,Music,Mystery,Mythology,Organized Crime,Otaku Culture,Parody,Performing Arts,Pets,Psychological,Racing,Reincarnation,Reverse Harem,Romance,Samurai,School,Sci-Fi,Seinen,Shoujo,Shounen,Showbiz,Slice of Life,Space,Sports,Strategy Game,Super Power,Supernatural,Survival,Suspense,Team Sports,Time Travel,Urban Fantasy,Vampire,Video Game,Villainess,Visual Arts,Workplace",80,4859,15,False,100,42,0.1278304014210229
yorkie_pro,bayesian_ridge,5,0.2999479228804469,0.1898237489379644,0.312,0.1892462454426544,0.5001666666666666,0.3297236795045786,1.56,1.5,32.46,18.08,100,187,140.0,4719.0,,complete_num_genres,"mean,popularity,watching,Action,Adult Cast,Adventure,Anthropomorphic,Avant Garde,Award Winning,Boys Love,CGDCT,Childcare,Combat Sports,Comedy,Crossdressing,Delinquents,Detective,Drama,Ecchi,Educational,Erotica,Fantasy,Gag Humor,Girls Love,Gore,Gourmet,Harem,High Stakes Game,Historical,Horror,Idols (Female),Idols (Male),Isekai,Iyashikei,Josei,Kids,Love Polygon,Love Status Quo,Magical Sex Shift,Mahou Shoujo,Martial Arts,Mecha,Medical,Military,Music,Mystery,Mythology,Organized Crime,Otaku Culture,Parody,Performing Arts,Pets,Psychological,Racing,Reincarnation,Reverse Harem,Romance,Samurai,School,Sci-Fi,Seinen,Shoujo,Shounen,Showbiz,Slice of Life,Space,Sports,Strategy Game,Super Power,Supernatural,Survival,Suspense,Team Sports,Time Travel,Urban Fantasy,Vampire,Video Game,Villainess,Visual Arts,Workplace",80,4859,15,False,100,42,0.1278304014210229
LocNguyen,knn_all_available,5,0.2983968421494024,0.1643091497751554,0.396,0.1819756893520436,0.8058333333333333,0.3033795336111871,1.98,1.0,60.88,33.29,100,572,421.0,4438.0,421.0,complete_num_genres,"mean,popularity,watching,Action,Adult Cast,Adventure,Anthropomorphic,Avant Garde,Award Winning,Boys Love,CGDCT,Childcare,Combat Sports,Comedy,Crossdressing,Delinquents,Detective,Drama,Ecchi,Educational,Erotica,Fantasy,Gag Humor,Girls Love,Gore,Gourmet,Harem,High Stakes Game,Historical,Horror,Idols (Female),Idols (Male),Isekai,Iyashikei,Josei,Kids,Love Polygon,Love Status Quo,Magical Sex Shift,Mahou Shoujo,Martial Arts,Mecha,Medical,Military,Music,Mystery,Mythology,Organized Crime,Otaku Culture,Parody,Performing Arts,Pets,Psychological,Racing,Reincarnation,Reverse Harem,Romance,Samurai,School,Sci-Fi,Seinen,Shoujo,Shounen,Showbiz,Slice of Life,Space,Sports,Strategy Game,Super Power,Supernatural,Survival,Suspense,Team Sports,Time Travel,Urban Fantasy,Vampire,Video Game,Villainess,Visual Arts,Workplace",80,4859,15,False,100,42,0.1278304014210229
Haileytokar,knn_all_available,5,0.29459139773908,0.1885801421578982,0.322,0.1726677196645088,0.5816666666666667,0.3657971017392741,1.61,1.3,41.49,16.4,100,198,148.0,4711.0,148.0,complete_num_genres,"mean,popularity,watching,Action,Adult Cast,Adventure,Anthropomorphic,Avant Garde,Award Winning,Boys Love,CGDCT,Childcare,Combat Sports,Comedy,Crossdressing,Delinquents,Detective,Drama,Ecchi,Educational,Erotica,Fantasy,Gag Humor,Girls Love,Gore,Gourmet,Harem,High Stakes Game,Historical,Horror,Idols (Female),Idols (Male),Isekai,Iyashikei,Josei,Kids,Love Polygon,Love Status Quo,Magical Sex Shift,Mahou Shoujo,Martial Arts,Mecha,Medical,Military,Music,Mystery,Mythology,Organized Crime,Otaku Culture,Parody,Performing Arts,Pets,Psychological,Racing,Reincarnation,Reverse Harem,Romance,Samurai,School,Sci-Fi,Seinen,Shoujo,Shounen,Showbiz,Slice of Life,Space,Sports,Strategy Game,Super Power,Supernatural,Survival,Suspense,Team Sports,Time Travel,Urban Fantasy,Vampire,Video Game,Villainess,Visual Arts,Workplace",80,4859,15,False,100,42,0.1278304014210229
Ebelha,bayesian_ridge,5,0.2922517624350417,0.1975365774937957,0.33,0.2017599333541491,0.5333333333333333,0.3516435676266504,1.65,1.39,48.0,17.9,100,191,143.0,4716.0,,complete_num_genres,"mean,popularity,watching,Action,Adult Cast,Adventure,Anthropomorphic,Avant Garde,Award Winning,Boys Love,CGDCT,Childcare,Combat Sports,Comedy,Crossdressing,Delinquents,Detective,Drama,Ecchi,Educational,Erotica,Fantasy,Gag Humor,Girls Love,Gore,Gourmet,Harem,High Stakes Game,Historical,Horror,Idols (Female),Idols (Male),Isekai,Iyashikei,Josei,Kids,Love Polygon,Love Status Quo,Magical Sex Shift,Mahou Shoujo,Martial Arts,Mecha,Medical,Military,Music,Mystery,Mythology,Organized Crime,Otaku Culture,Parody,Performing Arts,Pets,Psychological,Racing,Reincarnation,Reverse Harem,Romance,Samurai,School,Sci-Fi,Seinen,Shoujo,Shounen,Showbiz,Slice of Life,Space,Sports,Strategy Game,Super Power,Supernatural,Survival,Suspense,Team Sports,Time Travel,Urban Fantasy,Vampire,Video Game,Villainess,Visual Arts,Workplace",80,4859,15,False,100,42,0.1278304014210229
LocNguyen,global_mean,5,0.2882631261268447,0.1598286627637229,0.316,0.1561661896438495,0.465,0.3420944599502006,1.58,1.58,60.88,33.29,100,572,421.0,4438.0,,complete_num_genres,"mean,popularity,watching,Action,Adult Cast,Adventure,Anthropomorphic,Avant Garde,Award Winning,Boys Love,CGDCT,Childcare,Combat Sports,Comedy,Crossdressing,Delinquents,Detective,Drama,Ecchi,Educational,Erotica,Fantasy,Gag Humor,Girls Love,Gore,Gourmet,Harem,High Stakes Game,Historical,Horror,Idols (Female),Idols (Male),Isekai,Iyashikei,Josei,Kids,Love Polygon,Love Status Quo,Magical Sex Shift,Mahou Shoujo,Martial Arts,Mecha,Medical,Military,Music,Mystery,Mythology,Organized Crime,Otaku Culture,Parody,Performing Arts,Pets,Psychological,Racing,Reincarnation,Reverse Harem,Romance,Samurai,School,Sci-Fi,Seinen,Shoujo,Shounen,Showbiz,Slice of Life,Space,Sports,Strategy Game,Super Power,Supernatural,Survival,Suspense,Team Sports,Time Travel,Urban Fantasy,Vampire,Video Game,Villainess,Visual Arts,Workplace",80,4859,15,False,100,42,0.1278304014210229
Siipn,global_mean,5,0.2831644558941165,0.1826654669471878,0.26,0.1740776559556978,0.5516666666666666,0.3652213633126868,1.3,1.3,87.15,16.15,100,448,336.0,4523.0,,complete_num_genres,"mean,popularity,watching,Action,Adult Cast,Adventure,Anthropomorphic,Avant Garde,Award Winning,Boys Love,CGDCT,Childcare,Combat Sports,Comedy,Crossdressing,Delinquents,Detective,Drama,Ecchi,Educational,Erotica,Fantasy,Gag Humor,Girls Love,Gore,Gourmet,Harem,High Stakes Game,Historical,Horror,Idols (Female),Idols (Male),Isekai,Iyashikei,Josei,Kids,Love Polygon,Love Status Quo,Magical Sex Shift,Mahou Shoujo,Martial Arts,Mecha,Medical,Military,Music,Mystery,Mythology,Organized Crime,Otaku Culture,Parody,Performing Arts,Pets,Psychological,Racing,Reincarnation,Reverse Harem,Romance,Samurai,School,Sci-Fi,Seinen,Shoujo,Shounen,Showbiz,Slice of Life,Space,Sports,Strategy Game,Super Power,Supernatural,Survival,Suspense,Team Sports,Time Travel,Urban Fantasy,Vampire,Video Game,Villainess,Visual Arts,Workplace",80,4859,15,False,100,42,0.1278304014210229
Siipn,knn_all_available,5,0.2637790278289725,0.2493133294458887,0.342,0.284686607775049,0.5635,0.395099718904972,1.71,1.0,87.15,16.15,100,448,336.0,4523.0,336.0,complete_num_genres,"mean,popularity,watching,Action,Adult Cast,Adventure,Anthropomorphic,Avant Garde,Award Winning,Boys Love,CGDCT,Childcare,Combat Sports,Comedy,Crossdressing,Delinquents,Detective,Drama,Ecchi,Educational,Erotica,Fantasy,Gag Humor,Girls Love,Gore,Gourmet,Harem,High Stakes Game,Historical,Horror,Idols (Female),Idols (Male),Isekai,Iyashikei,Josei,Kids,Love Polygon,Love Status Quo,Magical Sex Shift,Mahou Shoujo,Martial Arts,Mecha,Medical,Military,Music,Mystery,Mythology,Organized Crime,Otaku Culture,Parody,Performing Arts,Pets,Psychological,Racing,Reincarnation,Reverse Harem,Romance,Samurai,School,Sci-Fi,Seinen,Shoujo,Shounen,Showbiz,Slice of Life,Space,Sports,Strategy Game,Super Power,Supernatural,Survival,Suspense,Team Sports,Time Travel,Urban Fantasy,Vampire,Video Game,Villainess,Visual Arts,Workplace",80,4859,15,False,100,42,0.1278304014210229
MarnikBe,knn_all_available,5,0.2361373136680908,0.186336856203979,0.212,0.1552319867068952,0.5101666666666667,0.4198691408027371,1.06,1.05,32.63,17.87,100,163,122.0,4737.0,122.0,complete_num_genres,"mean,popularity,watching,Action,Adult Cast,Adventure,Anthropomorphic,Avant Garde,Award Winning,Boys Love,CGDCT,Childcare,Combat Sports,Comedy,Crossdressing,Delinquents,Detective,Drama,Ecchi,Educational,Erotica,Fantasy,Gag Humor,Girls Love,Gore,Gourmet,Harem,High Stakes Game,Historical,Horror,Idols (Female),Idols (Male),Isekai,Iyashikei,Josei,Kids,Love Polygon,Love Status Quo,Magical Sex Shift,Mahou Shoujo,Martial Arts,Mecha,Medical,Military,Music,Mystery,Mythology,Organized Crime,Otaku Culture,Parody,Performing Arts,Pets,Psychological,Racing,Reincarnation,Reverse Harem,Romance,Samurai,School,Sci-Fi,Seinen,Shoujo,Shounen,Showbiz,Slice of Life,Space,Sports,Strategy Game,Super Power,Supernatural,Survival,Suspense,Team Sports,Time Travel,Urban Fantasy,Vampire,Video Game,Villainess,Visual Arts,Workplace",80,4859,15,False,100,42,0.1278304014210229
IM_C4,global_mean,5,0.2197587568108693,0.1858200124335857,0.204,0.1681269361722465,0.4475,0.3881043674065005,1.02,1.02,41.06,26.91,100,228,171.0,4688.0,,complete_num_genres,"mean,popularity,watching,Action,Adult Cast,Adventure,Anthropomorphic,Avant Garde,Award Winning,Boys Love,CGDCT,Childcare,Combat Sports,Comedy,Crossdressing,Delinquents,Detective,Drama,Ecchi,Educational,Erotica,Fantasy,Gag Humor,Girls Love,Gore,Gourmet,Harem,High Stakes Game,Historical,Horror,Idols (Female),Idols (Male),Isekai,Iyashikei,Josei,Kids,Love Polygon,Love Status Quo,Magical Sex Shift,Mahou Shoujo,Martial Arts,Mecha,Medical,Military,Music,Mystery,Mythology,Organized Crime,Otaku Culture,Parody,Performing Arts,Pets,Psychological,Racing,Reincarnation,Reverse Harem,Romance,Samurai,School,Sci-Fi,Seinen,Shoujo,Shounen,Showbiz,Slice of Life,Space,Sports,Strategy Game,Super Power,Supernatural,Survival,Suspense,Team Sports,Time Travel,Urban Fantasy,Vampire,Video Game,Villainess,Visual Arts,Workplace",80,4859,15,False,100,42,0.1278304014210229
DanteNani2004,global_mean,5,0.2160002767868208,0.074613008738179,0.32,0.1137070487229922,0.41,0.3278334142132974,1.6,1.37,17.19,8.18,100,75,56.0,4803.0,,complete_num_genres,"mean,popularity,watching,Action,Adult Cast,Adventure,Anthropomorphic,Avant Garde,Award Winning,Boys Love,CGDCT,Childcare,Combat Sports,Comedy,Crossdressing,Delinquents,Detective,Drama,Ecchi,Educational,Erotica,Fantasy,Gag Humor,Girls Love,Gore,Gourmet,Harem,High Stakes Game,Historical,Horror,Idols (Female),Idols (Male),Isekai,Iyashikei,Josei,Kids,Love Polygon,Love Status Quo,Magical Sex Shift,Mahou Shoujo,Martial Arts,Mecha,Medical,Military,Music,Mystery,Mythology,Organized Crime,Otaku Culture,Parody,Performing Arts,Pets,Psychological,Racing,Reincarnation,Reverse Harem,Romance,Samurai,School,Sci-Fi,Seinen,Shoujo,Shounen,Showbiz,Slice of Life,Space,Sports,Strategy Game,Super Power,Supernatural,Survival,Suspense,Team Sports,Time Travel,Urban Fantasy,Vampire,Video Game,Villainess,Visual Arts,Workplace",80,4859,15,False,100,42,0.1278304014210229
DaiShi57,global_mean,5,0.2073654745171096,0.1792497985171407,0.196,0.1530300030000059,0.43,0.4052683360964982,0.98,0.98,15.44,15.44,100,190,142.0,4717.0,,complete_num_genres,"mean,popularity,watching,Action,Adult Cast,Adventure,Anthropomorphic,Avant Garde,Award Winning,Boys Love,CGDCT,Childcare,Combat Sports,Comedy,Crossdressing,Delinquents,Detective,Drama,Ecchi,Educational,Erotica,Fantasy,Gag Humor,Girls Love,Gore,Gourmet,Harem,High Stakes Game,Historical,Horror,Idols (Female),Idols (Male),Isekai,Iyashikei,Josei,Kids,Love Polygon,Love Status Quo,Magical Sex Shift,Mahou Shoujo,Martial Arts,Mecha,Medical,Military,Music,Mystery,Mythology,Organized Crime,Otaku Culture,Parody,Performing Arts,Pets,Psychological,Racing,Reincarnation,Reverse Harem,Romance,Samurai,School,Sci-Fi,Seinen,Shoujo,Shounen,Showbiz,Slice of Life,Space,Sports,Strategy Game,Super Power,Supernatural,Survival,Suspense,Team Sports,Time Travel,Urban Fantasy,Vampire,Video Game,Villainess,Visual Arts,Workplace",80,4859,15,False,100,42,0.1278304014210229
LoyJoy,bayesian_ridge,5,0.2030340578240931,0.1475645786200263,0.252,0.1672595515232466,0.5063333333333333,0.3619127078188994,1.26,0.81,27.61,15.48,100,231,173.0,4686.0,,complete_num_genres,"mean,popularity,watching,Action,Adult Cast,Adventure,Anthropomorphic,Avant Garde,Award Winning,Boys Love,CGDCT,Childcare,Combat Sports,Comedy,Crossdressing,Delinquents,Detective,Drama,Ecchi,Educational,Erotica,Fantasy,Gag Humor,Girls Love,Gore,Gourmet,Harem,High Stakes Game,Historical,Horror,Idols (Female),Idols (Male),Isekai,Iyashikei,Josei,Kids,Love Polygon,Love Status Quo,Magical Sex Shift,Mahou Shoujo,Martial Arts,Mecha,Medical,Military,Music,Mystery,Mythology,Organized Crime,Otaku Culture,Parody,Performing Arts,Pets,Psychological,Racing,Reincarnation,Reverse Harem,Romance,Samurai,School,Sci-Fi,Seinen,Shoujo,Shounen,Showbiz,Slice of Life,Space,Sports,Strategy Game,Super Power,Supernatural,Survival,Suspense,Team Sports,Time Travel,Urban Fantasy,Vampire,Video Game,Villainess,Visual Arts,Workplace",80,4859,15,False,100,42,0.1278304014210229
Edison-great,global_mean,5,0.1945481783760879,0.1637611616678642,0.196,0.1503665554905777,0.3883333333333333,0.3847580025661851,0.98,0.98,90.2,39.17,100,459,344.0,4515.0,,complete_num_genres,"mean,popularity,watching,Action,Adult Cast,Adventure,Anthropomorphic,Avant Garde,Award Winning,Boys Love,CGDCT,Childcare,Combat Sports,Comedy,Crossdressing,Delinquents,Detective,Drama,Ecchi,Educational,Erotica,Fantasy,Gag Humor,Girls Love,Gore,Gourmet,Harem,High Stakes Game,Historical,Horror,Idols (Female),Idols (Male),Isekai,Iyashikei,Josei,Kids,Love Polygon,Love Status Quo,Magical Sex Shift,Mahou Shoujo,Martial Arts,Mecha,Medical,Military,Music,Mystery,Mythology,Organized Crime,Otaku Culture,Parody,Performing Arts,Pets,Psychological,Racing,Reincarnation,Reverse Harem,Romance,Samurai,School,Sci-Fi,Seinen,Shoujo,Shounen,Showbiz,Slice of Life,Space,Sports,Strategy Game,Super Power,Supernatural,Survival,Suspense,Team Sports,Time Travel,Urban Fantasy,Vampire,Video Game,Villainess,Visual Arts,Workplace",80,4859,15,False,100,42,0.1278304014210229
pensa89,global_mean,5,0.1926055705326615,0.1744519754585826,0.204,0.1681269361722465,0.4675,0.3903103530745395,1.02,0.71,18.79,7.16,100,92,69.0,4790.0,,complete_num_genres,"mean,popularity,watching,Action,Adult Cast,Adventure,Anthropomorphic,Avant Garde,Award Winning,Boys Love,CGDCT,Childcare,Combat Sports,Comedy,Crossdressing,Delinquents,Detective,Drama,Ecchi,Educational,Erotica,Fantasy,Gag Humor,Girls Love,Gore,Gourmet,Harem,High Stakes Game,Historical,Horror,Idols (Female),Idols (Male),Isekai,Iyashikei,Josei,Kids,Love Polygon,Love Status Quo,Magical Sex Shift,Mahou Shoujo,Martial Arts,Mecha,Medical,Military,Music,Mystery,Mythology,Organized Crime,Otaku Culture,Parody,Performing Arts,Pets,Psychological,Racing,Reincarnation,Reverse Harem,Romance,Samurai,School,Sci-Fi,Seinen,Shoujo,Shounen,Showbiz,Slice of Life,Space,Sports,Strategy Game,Super Power,Supernatural,Survival,Suspense,Team Sports,Time Travel,Urban Fantasy,Vampire,Video Game,Villainess,Visual Arts,Workplace",80,4859,15,False,100,42,0.1278304014210229
TheRealist68,global_mean,5,0.1879204510121867,0.1785664018026431,0.166,0.1478601577931874,0.415,0.4085883557377087,0.83,0.83,23.96,11.67,100,149,112.0,4747.0,,complete_num_genres,"mean,popularity,watching,Action,Adult Cast,Adventure,Anthropomorphic,Avant Garde,Award Winning,Boys Love,CGDCT,Childcare,Combat Sports,Comedy,Crossdressing,Delinquents,Detective,Drama,Ecchi,Educational,Erotica,Fantasy,Gag Humor,Girls Love,Gore,Gourmet,Harem,High Stakes Game,Historical,Horror,Idols (Female),Idols (Male),Isekai,Iyashikei,Josei,Kids,Love Polygon,Love Status Quo,Magical Sex Shift,Mahou Shoujo,Martial Arts,Mecha,Medical,Military,Music,Mystery,Mythology,Organized Crime,Otaku Culture,Parody,Performing Arts,Pets,Psychological,Racing,Reincarnation,Reverse Harem,Romance,Samurai,School,Sci-Fi,Seinen,Shoujo,Shounen,Showbiz,Slice of Life,Space,Sports,Strategy Game,Super Power,Supernatural,Survival,Suspense,Team Sports,Time Travel,Urban Fantasy,Vampire,Video Game,Villainess,Visual Arts,Workplace",80,4859,15,False,100,42,0.1278304014210229
alfalfy,knn_all_available,5,0.1666347077134939,0.1535903768332177,0.196,0.1503665554905777,0.3746666666666667,0.3745216178003286,0.98,0.77,35.49,19.37,100,161,121.0,4738.0,121.0,complete_num_genres,"mean,popularity,watching,Action,Adult Cast,Adventure,Anthropomorphic,Avant Garde,Award Winning,Boys Love,CGDCT,Childcare,Combat Sports,Comedy,Crossdressing,Delinquents,Detective,Drama,Ecchi,Educational,Erotica,Fantasy,Gag Humor,Girls Love,Gore,Gourmet,Harem,High Stakes Game,Historical,Horror,Idols (Female),Idols (Male),Isekai,Iyashikei,Josei,Kids,Love Polygon,Love Status Quo,Magical Sex Shift,Mahou Shoujo,Martial Arts,Mecha,Medical,Military,Music,Mystery,Mythology,Organized Crime,Otaku Culture,Parody,Performing Arts,Pets,Psychological,Racing,Reincarnation,Reverse Harem,Romance,Samurai,School,Sci-Fi,Seinen,Shoujo,Shounen,Showbiz,Slice of Life,Space,Sports,Strategy Game,Super Power,Supernatural,Survival,Suspense,Team Sports,Time Travel,Urban Fantasy,Vampire,Video Game,Villainess,Visual Arts,Workplace",80,4859,15,False,100,42,0.1278304014210229
Moonshyla,global_mean,5,0.1593093163254639,0.1764179816182058,0.16,0.1477097891751992,0.445,0.4013550281058636,0.8,0.52,35.29,7.28,100,144,108.0,4751.0,,complete_num_genres,"mean,popularity,watching,Action,Adult Cast,Adventure,Anthropomorphic,Avant Garde,Award Winning,Boys Love,CGDCT,Childcare,Combat Sports,Comedy,Crossdressing,Delinquents,Detective,Drama,Ecchi,Educational,Erotica,Fantasy,Gag Humor,Girls Love,Gore,Gourmet,Harem,High Stakes Game,Historical,Horror,Idols (Female),Idols (Male),Isekai,Iyashikei,Josei,Kids,Love Polygon,Love Status Quo,Magical Sex Shift,Mahou Shoujo,Martial Arts,Mecha,Medical,Military,Music,Mystery,Mythology,Organized Crime,Otaku Culture,Parody,Performing Arts,Pets,Psychological,Racing,Reincarnation,Reverse Harem,Romance,Samurai,School,Sci-Fi,Seinen,Shoujo,Shounen,Showbiz,Slice of Life,Space,Sports,Strategy Game,Super Power,Supernatural,Survival,Suspense,Team Sports,Time Travel,Urban Fantasy,Vampire,Video Game,Villainess,Visual Arts,Workplace",80,4859,15,False,100,42,0.1278304014210229
dareggon,global_mean,5,0.1549571474465382,0.1595227511721711,0.186,0.156360112715759,0.4225,0.4169620165342682,0.93,0.5,32.02,12.67,100,145,109.0,4750.0,,complete_num_genres,"mean,popularity,watching,Action,Adult Cast,Adventure,Anthropomorphic,Avant Garde,Award Winning,Boys Love,CGDCT,Childcare,Combat Sports,Comedy,Crossdressing,Delinquents,Detective,Drama,Ecchi,Educational,Erotica,Fantasy,Gag Humor,Girls Love,Gore,Gourmet,Harem,High Stakes Game,Historical,Horror,Idols (Female),Idols (Male),Isekai,Iyashikei,Josei,Kids,Love Polygon,Love Status Quo,Magical Sex Shift,Mahou Shoujo,Martial Arts,Mecha,Medical,Military,Music,Mystery,Mythology,Organized Crime,Otaku Culture,Parody,Performing Arts,Pets,Psychological,Racing,Reincarnation,Reverse Harem,Romance,Samurai,School,Sci-Fi,Seinen,Shoujo,Shounen,Showbiz,Slice of Life,Space,Sports,Strategy Game,Super Power,Supernatural,Survival,Suspense,Team Sports,Time Travel,Urban Fantasy,Vampire,Video Game,Villainess,Visual Arts,Workplace",80,4859,15,False,100,42,0.1278304014210229
IM_C4,bayesian_ridge,5,0.1527126046912018,0.1346981063590865,0.158,0.1342242959235086,0.3026666666666666,0.2815573174468323,0.79,0.79,41.06,26.91,100,228,171.0,4688.0,,complete_num_genres,"mean,popularity,watching,Action,Adult Cast,Adventure,Anthropomorphic,Avant Garde,Award Winning,Boys Love,CGDCT,Childcare,Combat Sports,Comedy,Crossdressing,Delinquents,Detective,Drama,Ecchi,Educational,Erotica,Fantasy,Gag Humor,Girls Love,Gore,Gourmet,Harem,High Stakes Game,Historical,Horror,Idols (Female),Idols (Male),Isekai,Iyashikei,Josei,Kids,Love Polygon,Love Status Quo,Magical Sex Shift,Mahou Shoujo,Martial Arts,Mecha,Medical,Military,Music,Mystery,Mythology,Organized Crime,Otaku Culture,Parody,Performing Arts,Pets,Psychological,Racing,Reincarnation,Reverse Harem,Romance,Samurai,School,Sci-Fi,Seinen,Shoujo,Shounen,Showbiz,Slice of Life,Space,Sports,Strategy Game,Super Power,Supernatural,Survival,Suspense,Team Sports,Time Travel,Urban Fantasy,Vampire,Video Game,Villainess,Visual Arts,Workplace",80,4859,15,False,100,42,0.1278304014210229
Kutu_Mastor,global_mean,5,0.1492074488340606,0.116863515104636,0.194,0.1542790335788379,0.2091666666666666,0.1448203151538382,0.97,0.97,41.19,21.31,100,237,178.0,4681.0,,complete_num_genres,"mean,popularity,watching,Action,Adult Cast,Adventure,Anthropomorphic,Avant Garde,Award Winning,Boys Love,CGDCT,Childcare,Combat Sports,Comedy,Crossdressing,Delinquents,Detective,Drama,Ecchi,Educational,Erotica,Fantasy,Gag Humor,Girls Love,Gore,Gourmet,Harem,High Stakes Game,Historical,Horror,Idols (Female),Idols (Male),Isekai,Iyashikei,Josei,Kids,Love Polygon,Love Status Quo,Magical Sex Shift,Mahou Shoujo,Martial Arts,Mecha,Medical,Military,Music,Mystery,Mythology,Organized Crime,Otaku Culture,Parody,Performing Arts,Pets,Psychological,Racing,Reincarnation,Reverse Harem,Romance,Samurai,School,Sci-Fi,Seinen,Shoujo,Shounen,Showbiz,Slice of Life,Space,Sports,Strategy Game,Super Power,Supernatural,Survival,Suspense,Team Sports,Time Travel,Urban Fantasy,Vampire,Video Game,Villainess,Visual Arts,Workplace",80,4859,15,False,100,42,0.1278304014210229
Dadalt,bayesian_ridge,5,0.1458077891163354,0.1447849468724075,0.158,0.1401153925602866,0.287,0.2775815468497773,0.79,0.74,14.55,8.34,100,68,51.0,4808.0,,complete_num_genres,"mean,popularity,watching,Action,Adult Cast,Adventure,Anthropomorphic,Avant Garde,Award Winning,Boys Love,CGDCT,Childcare,Combat Sports,Comedy,Crossdressing,Delinquents,Detective,Drama,Ecchi,Educational,Erotica,Fantasy,Gag Humor,Girls Love,Gore,Gourmet,Harem,High Stakes Game,Historical,Horror,Idols (Female),Idols (Male),Isekai,Iyashikei,Josei,Kids,Love Polygon,Love Status Quo,Magical Sex Shift,Mahou Shoujo,Martial Arts,Mecha,Medical,Military,Music,Mystery,Mythology,Organized Crime,Otaku Culture,Parody,Performing Arts,Pets,Psychological,Racing,Reincarnation,Reverse Harem,Romance,Samurai,School,Sci-Fi,Seinen,Shoujo,Shounen,Showbiz,Slice of Life,Space,Sports,Strategy Game,Super Power,Supernatural,Survival,Suspense,Team Sports,Time Travel,Urban Fantasy,Vampire,Video Game,Villainess,Visual Arts,Workplace",80,4859,15,False,100,42,0.1278304014210229
TheRealist68,bayesian_ridge,5,0.143284399748677,0.141083333564529,0.162,0.1549062929514472,0.2533333333333333,0.2748124551796834,0.81,0.8,23.96,11.67,100,149,112.0,4747.0,,complete_num_genres,"mean,popularity,watching,Action,Adult Cast,Adventure,Anthropomorphic,Avant Garde,Award Winning,Boys Love,CGDCT,Childcare,Combat Sports,Comedy,Crossdressing,Delinquents,Detective,Drama,Ecchi,Educational,Erotica,Fantasy,Gag Humor,Girls Love,Gore,Gourmet,Harem,High Stakes Game,Historical,Horror,Idols (Female),Idols (Male),Isekai,Iyashikei,Josei,Kids,Love Polygon,Love Status Quo,Magical Sex Shift,Mahou Shoujo,Martial Arts,Mecha,Medical,Military,Music,Mystery,Mythology,Organized Crime,Otaku Culture,Parody,Performing Arts,Pets,Psychological,Racing,Reincarnation,Reverse Harem,Romance,Samurai,School,Sci-Fi,Seinen,Shoujo,Shounen,Showbiz,Slice of Life,Space,Sports,Strategy Game,Super Power,Supernatural,Survival,Suspense,Team Sports,Time Travel,Urban Fantasy,Vampire,Video Game,Villainess,Visual Arts,Workplace",80,4859,15,False,100,42,0.1278304014210229
Kutu_Mastor,knn_all_available,5,0.1417936218541088,0.1165620752016063,0.204,0.139204086785474,0.2915,0.2706820478786338,1.02,0.75,41.19,21.31,100,237,178.0,4681.0,178.0,complete_num_genres,"mean,popularity,watching,Action,Adult Cast,Adventure,Anthropomorphic,Avant Garde,Award Winning,Boys Love,CGDCT,Childcare,Combat Sports,Comedy,Crossdressing,Delinquents,Detective,Drama,Ecchi,Educational,Erotica,Fantasy,Gag Humor,Girls Love,Gore,Gourmet,Harem,High Stakes Game,Historical,Horror,Idols (Female),Idols (Male),Isekai,Iyashikei,Josei,Kids,Love Polygon,Love Status Quo,Magical Sex Shift,Mahou Shoujo,Martial Arts,Mecha,Medical,Military,Music,Mystery,Mythology,Organized Crime,Otaku Culture,Parody,Performing Arts,Pets,Psychological,Racing,Reincarnation,Reverse Harem,Romance,Samurai,School,Sci-Fi,Seinen,Shoujo,Shounen,Showbiz,Slice of Life,Space,Sports,Strategy Game,Super Power,Supernatural,Survival,Suspense,Team Sports,Time Travel,Urban Fantasy,Vampire,Video Game,Villainess,Visual Arts,Workplace",80,4859,15,False,100,42,0.1278304014210229
Captn_Cook,bayesian_ridge,5,0.1417047891487942,0.1206107419756819,0.186,0.1370836211657658,0.2685,0.2049047162974605,0.93,0.79,16.53,8.52,100,79,59.0,4800.0,,complete_num_genres,"mean,popularity,watching,Action,Adult Cast,Adventure,Anthropomorphic,Avant Garde,Award Winning,Boys Love,CGDCT,Childcare,Combat Sports,Comedy,Crossdressing,Delinquents,Detective,Drama,Ecchi,Educational,Erotica,Fantasy,Gag Humor,Girls Love,Gore,Gourmet,Harem,High Stakes Game,Historical,Horror,Idols (Female),Idols (Male),Isekai,Iyashikei,Josei,Kids,Love Polygon,Love Status Quo,Magical Sex Shift,Mahou Shoujo,Martial Arts,Mecha,Medical,Military,Music,Mystery,Mythology,Organized Crime,Otaku Culture,Parody,Performing Arts,Pets,Psychological,Racing,Reincarnation,Reverse Harem,Romance,Samurai,School,Sci-Fi,Seinen,Shoujo,Shounen,Showbiz,Slice of Life,Space,Sports,Strategy Game,Super Power,Supernatural,Survival,Suspense,Team Sports,Time Travel,Urban Fantasy,Vampire,Video Game,Villainess,Visual Arts,Workplace",80,4859,15,False,100,42,0.1278304014210229
Captn_Cook,global_mean,5,0.1346633420636228,0.1010428984435093,0.216,0.1548671636720915,0.2283333333333333,0.1399555003833078,1.08,0.8,16.53,8.52,100,79,59.0,4800.0,,complete_num_genres,"mean,popularity,watching,Action,Adult Cast,Adventure,Anthropomorphic,Avant Garde,Award Winning,Boys Love,CGDCT,Childcare,Combat Sports,Comedy,Crossdressing,Delinquents,Detective,Drama,Ecchi,Educational,Erotica,Fantasy,Gag Humor,Girls Love,Gore,Gourmet,Harem,High Stakes Game,Historical,Horror,Idols (Female),Idols (Male),Isekai,Iyashikei,Josei,Kids,Love Polygon,Love Status Quo,Magical Sex Shift,Mahou Shoujo,Martial Arts,Mecha,Medical,Military,Music,Mystery,Mythology,Organized Crime,Otaku Culture,Parody,Performing Arts,Pets,Psychological,Racing,Reincarnation,Reverse Harem,Romance,Samurai,School,Sci-Fi,Seinen,Shoujo,Shounen,Showbiz,Slice of Life,Space,Sports,Strategy Game,Super Power,Supernatural,Survival,Suspense,Team Sports,Time Travel,Urban Fantasy,Vampire,Video Game,Villainess,Visual Arts,Workplace",80,4859,15,False,100,42,0.1278304014210229
Irseus,global_mean,5,0.1253041367540779,0.1703493420263239,0.096,0.1286448403531791,0.3133333333333333,0.4337604732431807,0.48,0.48,187.09,26.89,100,775,581.0,4278.0,,complete_num_genres,"mean,popularity,watching,Action,Adult Cast,Adventure,Anthropomorphic,Avant Garde,Award Winning,Boys Love,CGDCT,Childcare,Combat Sports,Comedy,Crossdressing,Delinquents,Detective,Drama,Ecchi,Educational,Erotica,Fantasy,Gag Humor,Girls Love,Gore,Gourmet,Harem,High Stakes Game,Historical,Horror,Idols (Female),Idols (Male),Isekai,Iyashikei,Josei,Kids,Love Polygon,Love Status Quo,Magical Sex Shift,Mahou Shoujo,Martial Arts,Mecha,Medical,Military,Music,Mystery,Mythology,Organized Crime,Otaku Culture,Parody,Performing Arts,Pets,Psychological,Racing,Reincarnation,Reverse Harem,Romance,Samurai,School,Sci-Fi,Seinen,Shoujo,Shounen,Showbiz,Slice of Life,Space,Sports,Strategy Game,Super Power,Supernatural,Survival,Suspense,Team Sports,Time Travel,Urban Fantasy,Vampire,Video Game,Villainess,Visual Arts,Workplace",80,4859,15,False,100,42,0.1278304014210229
Dinterdos123,bayesian_ridge,5,0.118517345864831,0.1590559334798835,0.12,0.1449486150678957,0.2293333333333333,0.3294736134394709,0.6,0.6,19.83,9.35,100,83,62.0,4797.0,,complete_num_genres,"mean,popularity,watching,Action,Adult Cast,Adventure,Anthropomorphic,Avant Garde,Award Winning,Boys Love,CGDCT,Childcare,Combat Sports,Comedy,Crossdressing,Delinquents,Detective,Drama,Ecchi,Educational,Erotica,Fantasy,Gag Humor,Girls Love,Gore,Gourmet,Harem,High Stakes Game,Historical,Horror,Idols (Female),Idols (Male),Isekai,Iyashikei,Josei,Kids,Love Polygon,Love Status Quo,Magical Sex Shift,Mahou Shoujo,Martial Arts,Mecha,Medical,Military,Music,Mystery,Mythology,Organized Crime,Otaku Culture,Parody,Performing Arts,Pets,Psychological,Racing,Reincarnation,Reverse Harem,Romance,Samurai,School,Sci-Fi,Seinen,Shoujo,Shounen,Showbiz,Slice of Life,Space,Sports,Strategy Game,Super Power,Supernatural,Survival,Suspense,Team Sports,Time Travel,Urban Fantasy,Vampire,Video Game,Villainess,Visual Arts,Workplace",80,4859,15,False,100,42,0.1278304014210229
Opelo_Stradyon,bayesian_ridge,5,0.1152744674290904,0.1336036873457743,0.112,0.1249484742288644,0.251,0.3266228583282126,0.56,0.56,23.48,23.48,100,395,296.0,4563.0,,complete_num_genres,"mean,popularity,watching,Action,Adult Cast,Adventure,Anthropomorphic,Avant Garde,Award Winning,Boys Love,CGDCT,Childcare,Combat Sports,Comedy,Crossdressing,Delinquents,Detective,Drama,Ecchi,Educational,Erotica,Fantasy,Gag Humor,Girls Love,Gore,Gourmet,Harem,High Stakes Game,Historical,Horror,Idols (Female),Idols (Male),Isekai,Iyashikei,Josei,Kids,Love Polygon,Love Status Quo,Magical Sex Shift,Mahou Shoujo,Martial Arts,Mecha,Medical,Military,Music,Mystery,Mythology,Organized Crime,Otaku Culture,Parody,Performing Arts,Pets,Psychological,Racing,Reincarnation,Reverse Harem,Romance,Samurai,School,Sci-Fi,Seinen,Shoujo,Shounen,Showbiz,Slice of Life,Space,Sports,Strategy Game,Super Power,Supernatural,Survival,Suspense,Team Sports,Time Travel,Urban Fantasy,Vampire,Video Game,Villainess,Visual Arts,Workplace",80,4859,15,False,100,42,0.1278304014210229
HumanRat,bayesian_ridge,5,0.1145600926086113,0.1324594832015043,0.18,0.1740776559556978,0.3258333333333333,0.3595527758941635,0.9,0.46,34.29,9.94,100,161,121.0,4738.0,,complete_num_genres,"mean,popularity,watching,Action,Adult Cast,Adventure,Anthropomorphic,Avant Garde,Award Winning,Boys Love,CGDCT,Childcare,Combat Sports,Comedy,Crossdressing,Delinquents,Detective,Drama,Ecchi,Educational,Erotica,Fantasy,Gag Humor,Girls Love,Gore,Gourmet,Harem,High Stakes Game,Historical,Horror,Idols (Female),Idols (Male),Isekai,Iyashikei,Josei,Kids,Love Polygon,Love Status Quo,Magical Sex Shift,Mahou Shoujo,Martial Arts,Mecha,Medical,Military,Music,Mystery,Mythology,Organized Crime,Otaku Culture,Parody,Performing Arts,Pets,Psychological,Racing,Reincarnation,Reverse Harem,Romance,Samurai,School,Sci-Fi,Seinen,Shoujo,Shounen,Showbiz,Slice of Life,Space,Sports,Strategy Game,Super Power,Supernatural,Survival,Suspense,Team Sports,Time Travel,Urban Fantasy,Vampire,Video Game,Villainess,Visual Arts,Workplace",80,4859,15,False,100,42,0.1278304014210229
KSTTK,global_mean,5,0.1131340377804575,0.166698694815715,0.064,0.0937652344524301,0.32,0.4688261722621506,0.32,0.32,27.24,5.73,100,138,104.0,4755.0,,complete_num_genres,"mean,popularity,watching,Action,Adult Cast,Adventure,Anthropomorphic,Avant Garde,Award Winning,Boys Love,CGDCT,Childcare,Combat Sports,Comedy,Crossdressing,Delinquents,Detective,Drama,Ecchi,Educational,Erotica,Fantasy,Gag Humor,Girls Love,Gore,Gourmet,Harem,High Stakes Game,Historical,Horror,Idols (Female),Idols (Male),Isekai,Iyashikei,Josei,Kids,Love Polygon,Love Status Quo,Magical Sex Shift,Mahou Shoujo,Martial Arts,Mecha,Medical,Military,Music,Mystery,Mythology,Organized Crime,Otaku Culture,Parody,Performing Arts,Pets,Psychological,Racing,Reincarnation,Reverse Harem,Romance,Samurai,School,Sci-Fi,Seinen,Shoujo,Shounen,Showbiz,Slice of Life,Space,Sports,Strategy Game,Super Power,Supernatural,Survival,Suspense,Team Sports,Time Travel,Urban Fantasy,Vampire,Video Game,Villainess,Visual Arts,Workplace",80,4859,15,False,100,42,0.1278304014210229
alfalfy,global_mean,5,0.1057841682792175,0.1105214550465444,0.134,0.142290072199239,0.1658333333333333,0.1591287833704816,0.67,0.67,35.49,19.37,100,161,121.0,4738.0,,complete_num_genres,"mean,popularity,watching,Action,Adult Cast,Adventure,Anthropomorphic,Avant Garde,Award Winning,Boys Love,CGDCT,Childcare,Combat Sports,Comedy,Crossdressing,Delinquents,Detective,Drama,Ecchi,Educational,Erotica,Fantasy,Gag Humor,Girls Love,Gore,Gourmet,Harem,High Stakes Game,Historical,Horror,Idols (Female),Idols (Male),Isekai,Iyashikei,Josei,Kids,Love Polygon,Love Status Quo,Magical Sex Shift,Mahou Shoujo,Martial Arts,Mecha,Medical,Military,Music,Mystery,Mythology,Organized Crime,Otaku Culture,Parody,Performing Arts,Pets,Psychological,Racing,Reincarnation,Reverse Harem,Romance,Samurai,School,Sci-Fi,Seinen,Shoujo,Shounen,Showbiz,Slice of Life,Space,Sports,Strategy Game,Super Power,Supernatural,Survival,Suspense,Team Sports,Time Travel,Urban Fantasy,Vampire,Video Game,Villainess,Visual Arts,Workplace",80,4859,15,False,100,42,0.1278304014210229
LoyJoy,global_mean,5,0.1034803622129107,0.1362765549014959,0.088,0.0997775303139717,0.264,0.4008879034232775,0.44,0.44,27.61,15.48,100,231,173.0,4686.0,,complete_num_genres,"mean,popularity,watching,Action,Adult Cast,Adventure,Anthropomorphic,Avant Garde,Award Winning,Boys Love,CGDCT,Childcare,Combat Sports,Comedy,Crossdressing,Delinquents,Detective,Drama,Ecchi,Educational,Erotica,Fantasy,Gag Humor,Girls Love,Gore,Gourmet,Harem,High Stakes Game,Historical,Horror,Idols (Female),Idols (Male),Isekai,Iyashikei,Josei,Kids,Love Polygon,Love Status Quo,Magical Sex Shift,Mahou Shoujo,Martial Arts,Mecha,Medical,Military,Music,Mystery,Mythology,Organized Crime,Otaku Culture,Parody,Performing Arts,Pets,Psychological,Racing,Reincarnation,Reverse Harem,Romance,Samurai,School,Sci-Fi,Seinen,Shoujo,Shounen,Showbiz,Slice of Life,Space,Sports,Strategy Game,Super Power,Supernatural,Survival,Suspense,Team Sports,Time Travel,Urban Fantasy,Vampire,Video Game,Villainess,Visual Arts,Workplace",80,4859,15,False,100,42,0.1278304014210229
yorkie_pro,global_mean,5,0.095644557166628,0.0721826611842992,0.13,0.0958744970882204,0.166,0.1334998959633385,0.65,0.65,32.46,18.08,100,187,140.0,4719.0,,complete_num_genres,"mean,popularity,watching,Action,Adult Cast,Adventure,Anthropomorphic,Avant Garde,Award Winning,Boys Love,CGDCT,Childcare,Combat Sports,Comedy,Crossdressing,Delinquents,Detective,Drama,Ecchi,Educational,Erotica,Fantasy,Gag Humor,Girls Love,Gore,Gourmet,Harem,High Stakes Game,Historical,Horror,Idols (Female),Idols (Male),Isekai,Iyashikei,Josei,Kids,Love Polygon,Love Status Quo,Magical Sex Shift,Mahou Shoujo,Martial Arts,Mecha,Medical,Military,Music,Mystery,Mythology,Organized Crime,Otaku Culture,Parody,Performing Arts,Pets,Psychological,Racing,Reincarnation,Reverse Harem,Romance,Samurai,School,Sci-Fi,Seinen,Shoujo,Shounen,Showbiz,Slice of Life,Space,Sports,Strategy Game,Super Power,Supernatural,Survival,Suspense,Team Sports,Time Travel,Urban Fantasy,Vampire,Video Game,Villainess,Visual Arts,Workplace",80,4859,15,False,100,42,0.1278304014210229
GrumbleDango,global_mean,5,0.0949648574766125,0.1530497258601033,0.056,0.0902521719708425,0.28,0.451260859854213,0.28,0.28,85.95,51.45,100,488,366.0,4493.0,,complete_num_genres,"mean,popularity,watching,Action,Adult Cast,Adventure,Anthropomorphic,Avant Garde,Award Winning,Boys Love,CGDCT,Childcare,Combat Sports,Comedy,Crossdressing,Delinquents,Detective,Drama,Ecchi,Educational,Erotica,Fantasy,Gag Humor,Girls Love,Gore,Gourmet,Harem,High Stakes Game,Historical,Horror,Idols (Female),Idols (Male),Isekai,Iyashikei,Josei,Kids,Love Polygon,Love Status Quo,Magical Sex Shift,Mahou Shoujo,Martial Arts,Mecha,Medical,Military,Music,Mystery,Mythology,Organized Crime,Otaku Culture,Parody,Performing Arts,Pets,Psychological,Racing,Reincarnation,Reverse Harem,Romance,Samurai,School,Sci-Fi,Seinen,Shoujo,Shounen,Showbiz,Slice of Life,Space,Sports,Strategy Game,Super Power,Supernatural,Survival,Suspense,Team Sports,Time Travel,Urban Fantasy,Vampire,Video Game,Villainess,Visual Arts,Workplace",80,4859,15,False,100,42,0.1278304014210229
AkiAki_Akira,global_mean,5,0.0933190347810253,0.1022180608512995,0.112,0.1249484742288645,0.1633333333333333,0.1674727979318971,0.56,0.56,37.86,21.92,100,234,176.0,4683.0,,complete_num_genres,"mean,popularity,watching,Action,Adult Cast,Adventure,Anthropomorphic,Avant Garde,Award Winning,Boys Love,CGDCT,Childcare,Combat Sports,Comedy,Crossdressing,Delinquents,Detective,Drama,Ecchi,Educational,Erotica,Fantasy,Gag Humor,Girls Love,Gore,Gourmet,Harem,High Stakes Game,Historical,Horror,Idols (Female),Idols (Male),Isekai,Iyashikei,Josei,Kids,Love Polygon,Love Status Quo,Magical Sex Shift,Mahou Shoujo,Martial Arts,Mecha,Medical,Military,Music,Mystery,Mythology,Organized Crime,Otaku Culture,Parody,Performing Arts,Pets,Psychological,Racing,Reincarnation,Reverse Harem,Romance,Samurai,School,Sci-Fi,Seinen,Shoujo,Shounen,Showbiz,Slice of Life,Space,Sports,Strategy Game,Super Power,Supernatural,Survival,Suspense,Team Sports,Time Travel,Urban Fantasy,Vampire,Video Game,Villainess,Visual Arts,Workplace",80,4859,15,False,100,42,0.1278304014210229
xF0x,bayesian_ridge,5,0.0860465775745911,0.1349770185046221,0.088,0.1249484742288645,0.2268333333333333,0.3526944147110217,0.44,0.32,20.45,12.71,100,135,101.0,4758.0,,complete_num_genres,"mean,popularity,watching,Action,Adult Cast,Adventure,Anthropomorphic,Avant Garde,Award Winning,Boys Love,CGDCT,Childcare,Combat Sports,Comedy,Crossdressing,Delinquents,Detective,Drama,Ecchi,Educational,Erotica,Fantasy,Gag Humor,Girls Love,Gore,Gourmet,Harem,High Stakes Game,Historical,Horror,Idols (Female),Idols (Male),Isekai,Iyashikei,Josei,Kids,Love Polygon,Love Status Quo,Magical Sex Shift,Mahou Shoujo,Martial Arts,Mecha,Medical,Military,Music,Mystery,Mythology,Organized Crime,Otaku Culture,Parody,Performing Arts,Pets,Psychological,Racing,Reincarnation,Reverse Harem,Romance,Samurai,School,Sci-Fi,Seinen,Shoujo,Shounen,Showbiz,Slice of Life,Space,Sports,Strategy Game,Super Power,Supernatural,Survival,Suspense,Team Sports,Time Travel,Urban Fantasy,Vampire,Video Game,Villainess,Visual Arts,Workplace",80,4859,15,False,100,42,0.1278304014210229
AkiAki_Akira,bayesian_ridge,5,0.085993823859933,0.1227092150729877,0.088,0.118304520606609,0.178,0.2772204509973578,0.44,0.44,37.86,21.92,100,234,176.0,4683.0,,complete_num_genres,"mean,popularity,watching,Action,Adult Cast,Adventure,Anthropomorphic,Avant Garde,Award Winning,Boys Love,CGDCT,Childcare,Combat Sports,Comedy,Crossdressing,Delinquents,Detective,Drama,Ecchi,Educational,Erotica,Fantasy,Gag Humor,Girls Love,Gore,Gourmet,Harem,High Stakes Game,Historical,Horror,Idols (Female),Idols (Male),Isekai,Iyashikei,Josei,Kids,Love Polygon,Love Status Quo,Magical Sex Shift,Mahou Shoujo,Martial Arts,Mecha,Medical,Military,Music,Mystery,Mythology,Organized Crime,Otaku Culture,Parody,Performing Arts,Pets,Psychological,Racing,Reincarnation,Reverse Harem,Romance,Samurai,School,Sci-Fi,Seinen,Shoujo,Shounen,Showbiz,Slice of Life,Space,Sports,Strategy Game,Super Power,Supernatural,Survival,Suspense,Team Sports,Time Travel,Urban Fantasy,Vampire,Video Game,Villainess,Visual Arts,Workplace",80,4859,15,False,100,42,0.1278304014210229
Irseus,bayesian_ridge,5,0.079613405358074,0.0933595005961787,0.114,0.1341038343368241,0.1273333333333333,0.136813175965786,0.57,0.52,187.09,26.89,100,775,581.0,4278.0,,complete_num_genres,"mean,popularity,watching,Action,Adult Cast,Adventure,Anthropomorphic,Avant Garde,Award Winning,Boys Love,CGDCT,Childcare,Combat Sports,Comedy,Crossdressing,Delinquents,Detective,Drama,Ecchi,Educational,Erotica,Fantasy,Gag Humor,Girls Love,Gore,Gourmet,Harem,High Stakes Game,Historical,Horror,Idols (Female),Idols (Male),Isekai,Iyashikei,Josei,Kids,Love Polygon,Love Status Quo,Magical Sex Shift,Mahou Shoujo,Martial Arts,Mecha,Medical,Military,Music,Mystery,Mythology,Organized Crime,Otaku Culture,Parody,Performing Arts,Pets,Psychological,Racing,Reincarnation,Reverse Harem,Romance,Samurai,School,Sci-Fi,Seinen,Shoujo,Shounen,Showbiz,Slice of Life,Space,Sports,Strategy Game,Super Power,Supernatural,Survival,Suspense,Team Sports,Time Travel,Urban Fantasy,Vampire,Video Game,Villainess,Visual Arts,Workplace",80,4859,15,False,100,42,0.1278304014210229
Opelo_Stradyon,global_mean,5,0.0746152451601955,0.1412036535380081,0.044,0.0832666399786453,0.22,0.4163331998932265,0.22,0.22,23.48,23.48,100,395,296.0,4563.0,,complete_num_genres,"mean,popularity,watching,Action,Adult Cast,Adventure,Anthropomorphic,Avant Garde,Award Winning,Boys Love,CGDCT,Childcare,Combat Sports,Comedy,Crossdressing,Delinquents,Detective,Drama,Ecchi,Educational,Erotica,Fantasy,Gag Humor,Girls Love,Gore,Gourmet,Harem,High Stakes Game,Historical,Horror,Idols (Female),Idols (Male),Isekai,Iyashikei,Josei,Kids,Love Polygon,Love Status Quo,Magical Sex Shift,Mahou Shoujo,Martial Arts,Mecha,Medical,Military,Music,Mystery,Mythology,Organized Crime,Otaku Culture,Parody,Performing Arts,Pets,Psychological,Racing,Reincarnation,Reverse Harem,Romance,Samurai,School,Sci-Fi,Seinen,Shoujo,Shounen,Showbiz,Slice of Life,Space,Sports,Strategy Game,Super Power,Supernatural,Survival,Suspense,Team Sports,Time Travel,Urban Fantasy,Vampire,Video Game,Villainess,Visual Arts,Workplace",80,4859,15,False,100,42,0.1278304014210229
Haileytokar,bayesian_ridge,5,0.0729859432870772,0.121148105900928,0.078,0.1097103624839679,0.2083333333333333,0.3379104935977894,0.39,0.26,41.49,16.4,100,198,148.0,4711.0,,complete_num_genres,"mean,popularity,watching,Action,Adult Cast,Adventure,Anthropomorphic,Avant Garde,Award Winning,Boys Love,CGDCT,Childcare,Combat Sports,Comedy,Crossdressing,Delinquents,Detective,Drama,Ecchi,Educational,Erotica,Fantasy,Gag Humor,Girls Love,Gore,Gourmet,Harem,High Stakes Game,Historical,Horror,Idols (Female),Idols (Male),Isekai,Iyashikei,Josei,Kids,Love Polygon,Love Status Quo,Magical Sex Shift,Mahou Shoujo,Martial Arts,Mecha,Medical,Military,Music,Mystery,Mythology,Organized Crime,Otaku Culture,Parody,Performing Arts,Pets,Psychological,Racing,Reincarnation,Reverse Harem,Romance,Samurai,School,Sci-Fi,Seinen,Shoujo,Shounen,Showbiz,Slice of Life,Space,Sports,Strategy Game,Super Power,Supernatural,Survival,Suspense,Team Sports,Time Travel,Urban Fantasy,Vampire,Video Game,Villainess,Visual Arts,Workplace",80,4859,15,False,100,42,0.1278304014210229
KSTTK,bayesian_ridge,5,0.0716073021080862,0.1049113723841145,0.104,0.1317481527672238,0.1841666666666666,0.2721900104627926,0.52,0.3,27.24,5.73,100,138,104.0,4755.0,,complete_num_genres,"mean,popularity,watching,Action,Adult Cast,Adventure,Anthropomorphic,Avant Garde,Award Winning,Boys Love,CGDCT,Childcare,Combat Sports,Comedy,Crossdressing,Delinquents,Detective,Drama,Ecchi,Educational,Erotica,Fantasy,Gag Humor,Girls Love,Gore,Gourmet,Harem,High Stakes Game,Historical,Horror,Idols (Female),Idols (Male),Isekai,Iyashikei,Josei,Kids,Love Polygon,Love Status Quo,Magical Sex Shift,Mahou Shoujo,Martial Arts,Mecha,Medical,Military,Music,Mystery,Mythology,Organized Crime,Otaku Culture,Parody,Performing Arts,Pets,Psychological,Racing,Reincarnation,Reverse Harem,Romance,Samurai,School,Sci-Fi,Seinen,Shoujo,Shounen,Showbiz,Slice of Life,Space,Sports,Strategy Game,Super Power,Supernatural,Survival,Suspense,Team Sports,Time Travel,Urban Fantasy,Vampire,Video Game,Villainess,Visual Arts,Workplace",80,4859,15,False,100,42,0.1278304014210229
pensa89,bayesian_ridge,5,0.0633964392881421,0.0873939444017542,0.108,0.1315640182918221,0.1655,0.2184689994111377,0.54,0.28,18.79,7.16,100,92,69.0,4790.0,,complete_num_genres,"mean,popularity,watching,Action,Adult Cast,Adventure,Anthropomorphic,Avant Garde,Award Winning,Boys Love,CGDCT,Childcare,Combat Sports,Comedy,Crossdressing,Delinquents,Detective,Drama,Ecchi,Educational,Erotica,Fantasy,Gag Humor,Girls Love,Gore,Gourmet,Harem,High Stakes Game,Historical,Horror,Idols (Female),Idols (Male),Isekai,Iyashikei,Josei,Kids,Love Polygon,Love Status Quo,Magical Sex Shift,Mahou Shoujo,Martial Arts,Mecha,Medical,Military,Music,Mystery,Mythology,Organized Crime,Otaku Culture,Parody,Performing Arts,Pets,Psychological,Racing,Reincarnation,Reverse Harem,Romance,Samurai,School,Sci-Fi,Seinen,Shoujo,Shounen,Showbiz,Slice of Life,Space,Sports,Strategy Game,Super Power,Supernatural,Survival,Suspense,Team Sports,Time Travel,Urban Fantasy,Vampire,Video Game,Villainess,Visual Arts,Workplace",80,4859,15,False,100,42,0.1278304014210229
Dadalt,knn_all_available,5,0.0617704442993718,0.0925946385822863,0.076,0.1092860208051988,0.155,0.2384892122866448,0.38,0.3,14.55,8.34,100,68,51.0,4808.0,51.0,complete_num_genres,"mean,popularity,watching,Action,Adult Cast,Adventure,Anthropomorphic,Avant Garde,Award Winning,Boys Love,CGDCT,Childcare,Combat Sports,Comedy,Crossdressing,Delinquents,Detective,Drama,Ecchi,Educational,Erotica,Fantasy,Gag Humor,Girls Love,Gore,Gourmet,Harem,High Stakes Game,Historical,Horror,Idols (Female),Idols (Male),Isekai,Iyashikei,Josei,Kids,Love Polygon,Love Status Quo,Magical Sex Shift,Mahou Shoujo,Martial Arts,Mecha,Medical,Military,Music,Mystery,Mythology,Organized Crime,Otaku Culture,Parody,Performing Arts,Pets,Psychological,Racing,Reincarnation,Reverse Harem,Romance,Samurai,School,Sci-Fi,Seinen,Shoujo,Shounen,Showbiz,Slice of Life,Space,Sports,Strategy Game,Super Power,Supernatural,Survival,Suspense,Team Sports,Time Travel,Urban Fantasy,Vampire,Video Game,Villainess,Visual Arts,Workplace",80,4859,15,False,100,42,0.1278304014210229
MeloniaShaby,bayesian_ridge,5,0.0601608909150813,0.1101557010857885,0.062,0.1089713149170343,0.125,0.2359699518621347,0.31,0.31,45.98,25.59,100,220,165.0,4694.0,,complete_num_genres,"mean,popularity,watching,Action,Adult Cast,Adventure,Anthropomorphic,Avant Garde,Award Winning,Boys Love,CGDCT,Childcare,Combat Sports,Comedy,Crossdressing,Delinquents,Detective,Drama,Ecchi,Educational,Erotica,Fantasy,Gag Humor,Girls Love,Gore,Gourmet,Harem,High Stakes Game,Historical,Horror,Idols (Female),Idols (Male),Isekai,Iyashikei,Josei,Kids,Love Polygon,Love Status Quo,Magical Sex Shift,Mahou Shoujo,Martial Arts,Mecha,Medical,Military,Music,Mystery,Mythology,Organized Crime,Otaku Culture,Parody,Performing Arts,Pets,Psychological,Racing,Reincarnation,Reverse Harem,Romance,Samurai,School,Sci-Fi,Seinen,Shoujo,Shounen,Showbiz,Slice of Life,Space,Sports,Strategy Game,Super Power,Supernatural,Survival,Suspense,Team Sports,Time Travel,Urban Fantasy,Vampire,Video Game,Villainess,Visual Arts,Workplace",80,4859,15,False,100,42,0.1278304014210229
Ebelha,global_mean,5,0.0598719355915089,0.0562380965536886,0.122,0.0980414260000394,0.158,0.1372014665528121,0.61,0.34,48.0,17.9,100,191,143.0,4716.0,,complete_num_genres,"mean,popularity,watching,Action,Adult Cast,Adventure,Anthropomorphic,Avant Garde,Award Winning,Boys Love,CGDCT,Childcare,Combat Sports,Comedy,Crossdressing,Delinquents,Detective,Drama,Ecchi,Educational,Erotica,Fantasy,Gag Humor,Girls Love,Gore,Gourmet,Harem,High Stakes Game,Historical,Horror,Idols (Female),Idols (Male),Isekai,Iyashikei,Josei,Kids,Love Polygon,Love Status Quo,Magical Sex Shift,Mahou Shoujo,Martial Arts,Mecha,Medical,Military,Music,Mystery,Mythology,Organized Crime,Otaku Culture,Parody,Performing Arts,Pets,Psychological,Racing,Reincarnation,Reverse Harem,Romance,Samurai,School,Sci-Fi,Seinen,Shoujo,Shounen,Showbiz,Slice of Life,Space,Sports,Strategy Game,Super Power,Supernatural,Survival,Suspense,Team Sports,Time Travel,Urban Fantasy,Vampire,Video Game,Villainess,Visual Arts,Workplace",80,4859,15,False,100,42,0.1278304014210229
dareggon,bayesian_ridge,5,0.0551489388147926,0.0942773562951708,0.086,0.1180823201983867,0.152,0.2412704868222548,0.43,0.23,32.02,12.67,100,145,109.0,4750.0,,complete_num_genres,"mean,popularity,watching,Action,Adult Cast,Adventure,Anthropomorphic,Avant Garde,Award Winning,Boys Love,CGDCT,Childcare,Combat Sports,Comedy,Crossdressing,Delinquents,Detective,Drama,Ecchi,Educational,Erotica,Fantasy,Gag Humor,Girls Love,Gore,Gourmet,Harem,High Stakes Game,Historical,Horror,Idols (Female),Idols (Male),Isekai,Iyashikei,Josei,Kids,Love Polygon,Love Status Quo,Magical Sex Shift,Mahou Shoujo,Martial Arts,Mecha,Medical,Military,Music,Mystery,Mythology,Organized Crime,Otaku Culture,Parody,Performing Arts,Pets,Psychological,Racing,Reincarnation,Reverse Harem,Romance,Samurai,School,Sci-Fi,Seinen,Shoujo,Shounen,Showbiz,Slice of Life,Space,Sports,Strategy Game,Super Power,Supernatural,Survival,Suspense,Team Sports,Time Travel,Urban Fantasy,Vampire,Video Game,Villainess,Visual Arts,Workplace",80,4859,15,False,100,42,0.1278304014210229
AkiAki_Akira,knn_all_available,5,0.0465419517571436,0.0653090871106956,0.068,0.0952190457139046,0.0745,0.1052882047553573,0.34,0.34,37.86,21.92,100,234,176.0,4683.0,176.0,complete_num_genres,"mean,popularity,watching,Action,Adult Cast,Adventure,Anthropomorphic,Avant Garde,Award Winning,Boys Love,CGDCT,Childcare,Combat Sports,Comedy,Crossdressing,Delinquents,Detective,Drama,Ecchi,Educational,Erotica,Fantasy,Gag Humor,Girls Love,Gore,Gourmet,Harem,High Stakes Game,Historical,Horror,Idols (Female),Idols (Male),Isekai,Iyashikei,Josei,Kids,Love Polygon,Love Status Quo,Magical Sex Shift,Mahou Shoujo,Martial Arts,Mecha,Medical,Military,Music,Mystery,Mythology,Organized Crime,Otaku Culture,Parody,Performing Arts,Pets,Psychological,Racing,Reincarnation,Reverse Harem,Romance,Samurai,School,Sci-Fi,Seinen,Shoujo,Shounen,Showbiz,Slice of Life,Space,Sports,Strategy Game,Super Power,Supernatural,Survival,Suspense,Team Sports,Time Travel,Urban Fantasy,Vampire,Video Game,Villainess,Visual Arts,Workplace",80,4859,15,False,100,42,0.1278304014210229
Dadalt,global_mean,5,0.042395025659202,0.0738002669093554,0.05,0.0870388279778489,0.0833333333333333,0.1450647132964148,0.25,0.25,14.55,8.34,100,68,51.0,4808.0,,complete_num_genres,"mean,popularity,watching,Action,Adult Cast,Adventure,Anthropomorphic,Avant Garde,Award Winning,Boys Love,CGDCT,Childcare,Combat Sports,Comedy,Crossdressing,Delinquents,Detective,Drama,Ecchi,Educational,Erotica,Fantasy,Gag Humor,Girls Love,Gore,Gourmet,Harem,High Stakes Game,Historical,Horror,Idols (Female),Idols (Male),Isekai,Iyashikei,Josei,Kids,Love Polygon,Love Status Quo,Magical Sex Shift,Mahou Shoujo,Martial Arts,Mecha,Medical,Military,Music,Mystery,Mythology,Organized Crime,Otaku Culture,Parody,Performing Arts,Pets,Psychological,Racing,Reincarnation,Reverse Harem,Romance,Samurai,School,Sci-Fi,Seinen,Shoujo,Shounen,Showbiz,Slice of Life,Space,Sports,Strategy Game,Super Power,Supernatural,Survival,Suspense,Team Sports,Time Travel,Urban Fantasy,Vampire,Video Game,Villainess,Visual Arts,Workplace",80,4859,15,False,100,42,0.1278304014210229
Kutu_Mastor,bayesian_ridge,5,0.0219710935464339,0.0544504854949017,0.032,0.0789834402794904,0.0333333333333333,0.0810287391340662,0.16,0.16,41.19,21.31,100,237,178.0,4681.0,,complete_num_genres,"mean,popularity,watching,Action,Adult Cast,Adventure,Anthropomorphic,Avant Garde,Award Winning,Boys Love,CGDCT,Childcare,Combat Sports,Comedy,Crossdressing,Delinquents,Detective,Drama,Ecchi,Educational,Erotica,Fantasy,Gag Humor,Girls Love,Gore,Gourmet,Harem,High Stakes Game,Historical,Horror,Idols (Female),Idols (Male),Isekai,Iyashikei,Josei,Kids,Love Polygon,Love Status Quo,Magical Sex Shift,Mahou Shoujo,Martial Arts,Mecha,Medical,Military,Music,Mystery,Mythology,Organized Crime,Otaku Culture,Parody,Performing Arts,Pets,Psychological,Racing,Reincarnation,Reverse Harem,Romance,Samurai,School,Sci-Fi,Seinen,Shoujo,Shounen,Showbiz,Slice of Life,Space,Sports,Strategy Game,Super Power,Supernatural,Survival,Suspense,Team Sports,Time Travel,Urban Fantasy,Vampire,Video Game,Villainess,Visual Arts,Workplace",80,4859,15,False,100,42,0.1278304014210229
LocNguyen,bayesian_ridge,5,0.017519219216642,0.0463997085795797,0.028,0.0697470176039554,0.0353333333333333,0.0904310664416702,0.14,0.11,60.88,33.29,100,572,421.0,4438.0,,complete_num_genres,"mean,popularity,watching,Action,Adult Cast,Adventure,Anthropomorphic,Avant Garde,Award Winning,Boys Love,CGDCT,Childcare,Combat Sports,Comedy,Crossdressing,Delinquents,Detective,Drama,Ecchi,Educational,Erotica,Fantasy,Gag Humor,Girls Love,Gore,Gourmet,Harem,High Stakes Game,Historical,Horror,Idols (Female),Idols (Male),Isekai,Iyashikei,Josei,Kids,Love Polygon,Love Status Quo,Magical Sex Shift,Mahou Shoujo,Martial Arts,Mecha,Medical,Military,Music,Mystery,Mythology,Organized Crime,Otaku Culture,Parody,Performing Arts,Pets,Psychological,Racing,Reincarnation,Reverse Harem,Romance,Samurai,School,Sci-Fi,Seinen,Shoujo,Shounen,Showbiz,Slice of Life,Space,Sports,Strategy Game,Super Power,Supernatural,Survival,Suspense,Team Sports,Time Travel,Urban Fantasy,Vampire,Video Game,Villainess,Visual Arts,Workplace",80,4859,15,False,100,42,0.1278304014210229
alfalfy,bayesian_ridge,5,0.0044685352999185,0.0256848352909577,0.006,0.034289321599553,0.0078333333333333,0.0457788932883601,0.03,0.03,35.49,19.37,100,161,121.0,4738.0,,complete_num_genres,"mean,popularity,watching,Action,Adult Cast,Adventure,Anthropomorphic,Avant Garde,Award Winning,Boys Love,CGDCT,Childcare,Combat Sports,Comedy,Crossdressing,Delinquents,Detective,Drama,Ecchi,Educational,Erotica,Fantasy,Gag Humor,Girls Love,Gore,Gourmet,Harem,High Stakes Game,Historical,Horror,Idols (Female),Idols (Male),Isekai,Iyashikei,Josei,Kids,Love Polygon,Love Status Quo,Magical Sex Shift,Mahou Shoujo,Martial Arts,Mecha,Medical,Military,Music,Mystery,Mythology,Organized Crime,Otaku Culture,Parody,Performing Arts,Pets,Psychological,Racing,Reincarnation,Reverse Harem,Romance,Samurai,School,Sci-Fi,Seinen,Shoujo,Shounen,Showbiz,Slice of Life,Space,Sports,Strategy Game,Super Power,Supernatural,Survival,Suspense,Team Sports,Time Travel,Urban Fantasy,Vampire,Video Game,Villainess,Visual Arts,Workplace",80,4859,15,False,100,42,0.1278304014210229
Dinterdos123,global_mean,5,0.0,0.0,0.0,0.0,0.0,0.0,0.0,0.0,19.83,9.35,100,83,62.0,4797.0,,complete_num_genres,"mean,popularity,watching,Action,Adult Cast,Adventure,Anthropomorphic,Avant Garde,Award Winning,Boys Love,CGDCT,Childcare,Combat Sports,Comedy,Crossdressing,Delinquents,Detective,Drama,Ecchi,Educational,Erotica,Fantasy,Gag Humor,Girls Love,Gore,Gourmet,Harem,High Stakes Game,Historical,Horror,Idols (Female),Idols (Male),Isekai,Iyashikei,Josei,Kids,Love Polygon,Love Status Quo,Magical Sex Shift,Mahou Shoujo,Martial Arts,Mecha,Medical,Military,Music,Mystery,Mythology,Organized Crime,Otaku Culture,Parody,Performing Arts,Pets,Psychological,Racing,Reincarnation,Reverse Harem,Romance,Samurai,School,Sci-Fi,Seinen,Shoujo,Shounen,Showbiz,Slice of Life,Space,Sports,Strategy Game,Super Power,Supernatural,Survival,Suspense,Team Sports,Time Travel,Urban Fantasy,Vampire,Video Game,Villainess,Visual Arts,Workplace",80,4859,15,False,100,42,0.1278304014210229
Haileytokar,global_mean,5,0.0,0.0,0.0,0.0,0.0,0.0,0.0,0.0,41.49,16.4,100,198,148.0,4711.0,,complete_num_genres,"mean,popularity,watching,Action,Adult Cast,Adventure,Anthropomorphic,Avant Garde,Award Winning,Boys Love,CGDCT,Childcare,Combat Sports,Comedy,Crossdressing,Delinquents,Detective,Drama,Ecchi,Educational,Erotica,Fantasy,Gag Humor,Girls Love,Gore,Gourmet,Harem,High Stakes Game,Historical,Horror,Idols (Female),Idols (Male),Isekai,Iyashikei,Josei,Kids,Love Polygon,Love Status Quo,Magical Sex Shift,Mahou Shoujo,Martial Arts,Mecha,Medical,Military,Music,Mystery,Mythology,Organized Crime,Otaku Culture,Parody,Performing Arts,Pets,Psychological,Racing,Reincarnation,Reverse Harem,Romance,Samurai,School,Sci-Fi,Seinen,Shoujo,Shounen,Showbiz,Slice of Life,Space,Sports,Strategy Game,Super Power,Supernatural,Survival,Suspense,Team Sports,Time Travel,Urban Fantasy,Vampire,Video Game,Villainess,Visual Arts,Workplace",80,4859,15,False,100,42,0.1278304014210229
HumanRat,global_mean,5,0.0,0.0,0.0,0.0,0.0,0.0,0.0,0.0,34.29,9.94,100,161,121.0,4738.0,,complete_num_genres,"mean,popularity,watching,Action,Adult Cast,Adventure,Anthropomorphic,Avant Garde,Award Winning,Boys Love,CGDCT,Childcare,Combat Sports,Comedy,Crossdressing,Delinquents,Detective,Drama,Ecchi,Educational,Erotica,Fantasy,Gag Humor,Girls Love,Gore,Gourmet,Harem,High Stakes Game,Historical,Horror,Idols (Female),Idols (Male),Isekai,Iyashikei,Josei,Kids,Love Polygon,Love Status Quo,Magical Sex Shift,Mahou Shoujo,Martial Arts,Mecha,Medical,Military,Music,Mystery,Mythology,Organized Crime,Otaku Culture,Parody,Performing Arts,Pets,Psychological,Racing,Reincarnation,Reverse Harem,Romance,Samurai,School,Sci-Fi,Seinen,Shoujo,Shounen,Showbiz,Slice of Life,Space,Sports,Strategy Game,Super Power,Supernatural,Survival,Suspense,Team Sports,Time Travel,Urban Fantasy,Vampire,Video Game,Villainess,Visual Arts,Workplace",80,4859,15,False,100,42,0.1278304014210229
MarnikBe,bayesian_ridge,5,0.0,0.0,0.0,0.0,0.0,0.0,0.0,0.0,32.63,17.87,100,163,122.0,4737.0,,complete_num_genres,"mean,popularity,watching,Action,Adult Cast,Adventure,Anthropomorphic,Avant Garde,Award Winning,Boys Love,CGDCT,Childcare,Combat Sports,Comedy,Crossdressing,Delinquents,Detective,Drama,Ecchi,Educational,Erotica,Fantasy,Gag Humor,Girls Love,Gore,Gourmet,Harem,High Stakes Game,Historical,Horror,Idols (Female),Idols (Male),Isekai,Iyashikei,Josei,Kids,Love Polygon,Love Status Quo,Magical Sex Shift,Mahou Shoujo,Martial Arts,Mecha,Medical,Military,Music,Mystery,Mythology,Organized Crime,Otaku Culture,Parody,Performing Arts,Pets,Psychological,Racing,Reincarnation,Reverse Harem,Romance,Samurai,School,Sci-Fi,Seinen,Shoujo,Shounen,Showbiz,Slice of Life,Space,Sports,Strategy Game,Super Power,Supernatural,Survival,Suspense,Team Sports,Time Travel,Urban Fantasy,Vampire,Video Game,Villainess,Visual Arts,Workplace",80,4859,15,False,100,42,0.1278304014210229
MarnikBe,global_mean,5,0.0,0.0,0.0,0.0,0.0,0.0,0.0,0.0,32.63,17.87,100,163,122.0,4737.0,,complete_num_genres,"mean,popularity,watching,Action,Adult Cast,Adventure,Anthropomorphic,Avant Garde,Award Winning,Boys Love,CGDCT,Childcare,Combat Sports,Comedy,Crossdressing,Delinquents,Detective,Drama,Ecchi,Educational,Erotica,Fantasy,Gag Humor,Girls Love,Gore,Gourmet,Harem,High Stakes Game,Historical,Horror,Idols (Female),Idols (Male),Isekai,Iyashikei,Josei,Kids,Love Polygon,Love Status Quo,Magical Sex Shift,Mahou Shoujo,Martial Arts,Mecha,Medical,Military,Music,Mystery,Mythology,Organized Crime,Otaku Culture,Parody,Performing Arts,Pets,Psychological,Racing,Reincarnation,Reverse Harem,Romance,Samurai,School,Sci-Fi,Seinen,Shoujo,Shounen,Showbiz,Slice of Life,Space,Sports,Strategy Game,Super Power,Supernatural,Survival,Suspense,Team Sports,Time Travel,Urban Fantasy,Vampire,Video Game,Villainess,Visual Arts,Workplace",80,4859,15,False,100,42,0.1278304014210229
MeloniaShaby,global_mean,5,0.0,0.0,0.0,0.0,0.0,0.0,0.0,0.0,45.98,25.59,100,220,165.0,4694.0,,complete_num_genres,"mean,popularity,watching,Action,Adult Cast,Adventure,Anthropomorphic,Avant Garde,Award Winning,Boys Love,CGDCT,Childcare,Combat Sports,Comedy,Crossdressing,Delinquents,Detective,Drama,Ecchi,Educational,Erotica,Fantasy,Gag Humor,Girls Love,Gore,Gourmet,Harem,High Stakes Game,Historical,Horror,Idols (Female),Idols (Male),Isekai,Iyashikei,Josei,Kids,Love Polygon,Love Status Quo,Magical Sex Shift,Mahou Shoujo,Martial Arts,Mecha,Medical,Military,Music,Mystery,Mythology,Organized Crime,Otaku Culture,Parody,Performing Arts,Pets,Psychological,Racing,Reincarnation,Reverse Harem,Romance,Samurai,School,Sci-Fi,Seinen,Shoujo,Shounen,Showbiz,Slice of Life,Space,Sports,Strategy Game,Super Power,Supernatural,Survival,Suspense,Team Sports,Time Travel,Urban Fantasy,Vampire,Video Game,Villainess,Visual Arts,Workplace",80,4859,15,False,100,42,0.1278304014210229
xF0x,global_mean,5,0.0,0.0,0.0,0.0,0.0,0.0,0.0,0.0,20.45,12.71,100,135,101.0,4758.0,,complete_num_genres,"mean,popularity,watching,Action,Adult Cast,Adventure,Anthropomorphic,Avant Garde,Award Winning,Boys Love,CGDCT,Childcare,Combat Sports,Comedy,Crossdressing,Delinquents,Detective,Drama,Ecchi,Educational,Erotica,Fantasy,Gag Humor,Girls Love,Gore,Gourmet,Harem,High Stakes Game,Historical,Horror,Idols (Female),Idols (Male),Isekai,Iyashikei,Josei,Kids,Love Polygon,Love Status Quo,Magical Sex Shift,Mahou Shoujo,Martial Arts,Mecha,Medical,Military,Music,Mystery,Mythology,Organized Crime,Otaku Culture,Parody,Performing Arts,Pets,Psychological,Racing,Reincarnation,Reverse Harem,Romance,Samurai,School,Sci-Fi,Seinen,Shoujo,Shounen,Showbiz,Slice of Life,Space,Sports,Strategy Game,Super Power,Supernatural,Survival,Suspense,Team Sports,Time Travel,Urban Fantasy,Vampire,Video Game,Villainess,Visual Arts,Workplace",80,4859,15,False,100,42,0.1278304014210229
Vurnox,knn_all_available,5,0.8457799466472327,0.12301620431490601,0.958,0.09967624358568863,1.0,0.0,4.79,3.77,106.18,45.76,100,661,496.0,4363.0,496.0,complete_num_genres_synopsis_svd,"mean,popularity,watching,Action,Adult Cast,Adventure,Anthropomorphic,Avant Garde,Award Winning,Boys Love,CGDCT,Childcare,Combat Sports,Comedy,Crossdressing,Delinquents,Detective,Drama,Ecchi,Educational,Erotica,Fantasy,Gag Humor,Girls Love,Gore,Gourmet,Harem,High Stakes Game,Historical,Horror,Idols (Female),Idols (Male),Isekai,Iyashikei,Josei,Kids,Love Polygon,Love Status Quo,Magical Sex Shift,Mahou Shoujo,Martial Arts,Mecha,Medical,Military,Music,Mystery,Mythology,Organized Crime,Otaku Culture,Parody,Performing Arts,Pets,Psychological,Racing,Reincarnation,Reverse Harem,Romance,Samurai,School,Sci-Fi,Seinen,Shoujo,Shounen,Showbiz,Slice of Life,Space,Sports,Strategy Game,Super Power,Supernatural,Survival,Suspense,Team Sports,Time Travel,Urban Fantasy,Vampire,Video Game,Villainess,Visual Arts,Workplace,synopsis_svd_0,synopsis_svd_1,synopsis_svd_2,synopsis_svd_3,synopsis_svd_4,synopsis_svd_5,synopsis_svd_6,synopsis_svd_7,synopsis_svd_8,synopsis_svd_9,synopsis_svd_10,synopsis_svd_11,synopsis_svd_12,synopsis_svd_13,synopsis_svd_14,synopsis_svd_15,synopsis_svd_16,synopsis_svd_17,synopsis_svd_18,synopsis_svd_19,synopsis_svd_20,synopsis_svd_21,synopsis_svd_22,synopsis_svd_23,synopsis_svd_24,synopsis_svd_25,synopsis_svd_26,synopsis_svd_27,synopsis_svd_28,synopsis_svd_29,synopsis_svd_30,synopsis_svd_31,synopsis_svd_32,synopsis_svd_33,synopsis_svd_34,synopsis_svd_35,synopsis_svd_36,synopsis_svd_37,synopsis_svd_38,synopsis_svd_39,synopsis_svd_40,synopsis_svd_41,synopsis_svd_42,synopsis_svd_43,synopsis_svd_44,synopsis_svd_45,synopsis_svd_46,synopsis_svd_47,synopsis_svd_48,synopsis_svd_49",130,4859,15,False,100,42,0.12783040142102292
DaiShi57,knn_all_available,5,0.8127307273120908,0.18351644015187898,0.772,0.20502771431287933,0.97,0.13889898953170718,3.86,3.86,15.44,15.44,100,190,142.0,4717.0,142.0,complete_num_genres_synopsis_svd,"mean,popularity,watching,Action,Adult Cast,Adventure,Anthropomorphic,Avant Garde,Award Winning,Boys Love,CGDCT,Childcare,Combat Sports,Comedy,Crossdressing,Delinquents,Detective,Drama,Ecchi,Educational,Erotica,Fantasy,Gag Humor,Girls Love,Gore,Gourmet,Harem,High Stakes Game,Historical,Horror,Idols (Female),Idols (Male),Isekai,Iyashikei,Josei,Kids,Love Polygon,Love Status Quo,Magical Sex Shift,Mahou Shoujo,Martial Arts,Mecha,Medical,Military,Music,Mystery,Mythology,Organized Crime,Otaku Culture,Parody,Performing Arts,Pets,Psychological,Racing,Reincarnation,Reverse Harem,Romance,Samurai,School,Sci-Fi,Seinen,Shoujo,Shounen,Showbiz,Slice of Life,Space,Sports,Strategy Game,Super Power,Supernatural,Survival,Suspense,Team Sports,Time Travel,Urban Fantasy,Vampire,Video Game,Villainess,Visual Arts,Workplace,synopsis_svd_0,synopsis_svd_1,synopsis_svd_2,synopsis_svd_3,synopsis_svd_4,synopsis_svd_5,synopsis_svd_6,synopsis_svd_7,synopsis_svd_8,synopsis_svd_9,synopsis_svd_10,synopsis_svd_11,synopsis_svd_12,synopsis_svd_13,synopsis_svd_14,synopsis_svd_15,synopsis_svd_16,synopsis_svd_17,synopsis_svd_18,synopsis_svd_19,synopsis_svd_20,synopsis_svd_21,synopsis_svd_22,synopsis_svd_23,synopsis_svd_24,synopsis_svd_25,synopsis_svd_26,synopsis_svd_27,synopsis_svd_28,synopsis_svd_29,synopsis_svd_30,synopsis_svd_31,synopsis_svd_32,synopsis_svd_33,synopsis_svd_34,synopsis_svd_35,synopsis_svd_36,synopsis_svd_37,synopsis_svd_38,synopsis_svd_39,synopsis_svd_40,synopsis_svd_41,synopsis_svd_42,synopsis_svd_43,synopsis_svd_44,synopsis_svd_45,synopsis_svd_46,synopsis_svd_47,synopsis_svd_48,synopsis_svd_49",130,4859,15,False,100,42,0.12783040142102292
DanteNani2004,knn_all_available,5,0.6829412847709135,0.20248790131101277,0.644,0.23541066632202926,0.985,0.11135075167680682,3.22,2.83,17.19,8.18,100,75,56.0,4803.0,56.0,complete_num_genres_synopsis_svd,"mean,popularity,watching,Action,Adult Cast,Adventure,Anthropomorphic,Avant Garde,Award Winning,Boys Love,CGDCT,Childcare,Combat Sports,Comedy,Crossdressing,Delinquents,Detective,Drama,Ecchi,Educational,Erotica,Fantasy,Gag Humor,Girls Love,Gore,Gourmet,Harem,High Stakes Game,Historical,Horror,Idols (Female),Idols (Male),Isekai,Iyashikei,Josei,Kids,Love Polygon,Love Status Quo,Magical Sex Shift,Mahou Shoujo,Martial Arts,Mecha,Medical,Military,Music,Mystery,Mythology,Organized Crime,Otaku Culture,Parody,Performing Arts,Pets,Psychological,Racing,Reincarnation,Reverse Harem,Romance,Samurai,School,Sci-Fi,Seinen,Shoujo,Shounen,Showbiz,Slice of Life,Space,Sports,Strategy Game,Super Power,Supernatural,Survival,Suspense,Team Sports,Time Travel,Urban Fantasy,Vampire,Video Game,Villainess,Visual Arts,Workplace,synopsis_svd_0,synopsis_svd_1,synopsis_svd_2,synopsis_svd_3,synopsis_svd_4,synopsis_svd_5,synopsis_svd_6,synopsis_svd_7,synopsis_svd_8,synopsis_svd_9,synopsis_svd_10,synopsis_svd_11,synopsis_svd_12,synopsis_svd_13,synopsis_svd_14,synopsis_svd_15,synopsis_svd_16,synopsis_svd_17,synopsis_svd_18,synopsis_svd_19,synopsis_svd_20,synopsis_svd_21,synopsis_svd_22,synopsis_svd_23,synopsis_svd_24,synopsis_svd_25,synopsis_svd_26,synopsis_svd_27,synopsis_svd_28,synopsis_svd_29,synopsis_svd_30,synopsis_svd_31,synopsis_svd_32,synopsis_svd_33,synopsis_svd_34,synopsis_svd_35,synopsis_svd_36,synopsis_svd_37,synopsis_svd_38,synopsis_svd_39,synopsis_svd_40,synopsis_svd_41,synopsis_svd_42,synopsis_svd_43,synopsis_svd_44,synopsis_svd_45,synopsis_svd_46,synopsis_svd_47,synopsis_svd_48,synopsis_svd_49",130,4859,15,False,100,42,0.12783040142102292
Moonshyla,knn_all_available,5,0.6123350433595656,0.2129146230930368,0.618,0.23457677341600255,0.9733333333333333,0.1375592923889874,3.09,2.32,35.29,7.28,100,144,108.0,4751.0,108.0,complete_num_genres_synopsis_svd,"mean,popularity,watching,Action,Adult Cast,Adventure,Anthropomorphic,Avant Garde,Award Winning,Boys Love,CGDCT,Childcare,Combat Sports,Comedy,Crossdressing,Delinquents,Detective,Drama,Ecchi,Educational,Erotica,Fantasy,Gag Humor,Girls Love,Gore,Gourmet,Harem,High Stakes Game,Historical,Horror,Idols (Female),Idols (Male),Isekai,Iyashikei,Josei,Kids,Love Polygon,Love Status Quo,Magical Sex Shift,Mahou Shoujo,Martial Arts,Mecha,Medical,Military,Music,Mystery,Mythology,Organized Crime,Otaku Culture,Parody,Performing Arts,Pets,Psychological,Racing,Reincarnation,Reverse Harem,Romance,Samurai,School,Sci-Fi,Seinen,Shoujo,Shounen,Showbiz,Slice of Life,Space,Sports,Strategy Game,Super Power,Supernatural,Survival,Suspense,Team Sports,Time Travel,Urban Fantasy,Vampire,Video Game,Villainess,Visual Arts,Workplace,synopsis_svd_0,synopsis_svd_1,synopsis_svd_2,synopsis_svd_3,synopsis_svd_4,synopsis_svd_5,synopsis_svd_6,synopsis_svd_7,synopsis_svd_8,synopsis_svd_9,synopsis_svd_10,synopsis_svd_11,synopsis_svd_12,synopsis_svd_13,synopsis_svd_14,synopsis_svd_15,synopsis_svd_16,synopsis_svd_17,synopsis_svd_18,synopsis_svd_19,synopsis_svd_20,synopsis_svd_21,synopsis_svd_22,synopsis_svd_23,synopsis_svd_24,synopsis_svd_25,synopsis_svd_26,synopsis_svd_27,synopsis_svd_28,synopsis_svd_29,synopsis_svd_30,synopsis_svd_31,synopsis_svd_32,synopsis_svd_33,synopsis_svd_34,synopsis_svd_35,synopsis_svd_36,synopsis_svd_37,synopsis_svd_38,synopsis_svd_39,synopsis_svd_40,synopsis_svd_41,synopsis_svd_42,synopsis_svd_43,synopsis_svd_44,synopsis_svd_45,synopsis_svd_46,synopsis_svd_47,synopsis_svd_48,synopsis_svd_49",130,4859,15,False,100,42,0.12783040142102292
IM_C4,knn_all_available,5,0.6049228436457543,0.19413985201338851,0.5539999999999999,0.19249557255829408,0.9041666666666667,0.22825614955396734,2.77,2.77,41.06,26.91,100,228,171.0,4688.0,171.0,complete_num_genres_synopsis_svd,"mean,popularity,watching,Action,Adult Cast,Adventure,Anthropomorphic,Avant Garde,Award Winning,Boys Love,CGDCT,Childcare,Combat Sports,Comedy,Crossdressing,Delinquents,Detective,Drama,Ecchi,Educational,Erotica,Fantasy,Gag Humor,Girls Love,Gore,Gourmet,Harem,High Stakes Game,Historical,Horror,Idols (Female),Idols (Male),Isekai,Iyashikei,Josei,Kids,Love Polygon,Love Status Quo,Magical Sex Shift,Mahou Shoujo,Martial Arts,Mecha,Medical,Military,Music,Mystery,Mythology,Organized Crime,Otaku Culture,Parody,Performing Arts,Pets,Psychological,Racing,Reincarnation,Reverse Harem,Romance,Samurai,School,Sci-Fi,Seinen,Shoujo,Shounen,Showbiz,Slice of Life,Space,Sports,Strategy Game,Super Power,Supernatural,Survival,Suspense,Team Sports,Time Travel,Urban Fantasy,Vampire,Video Game,Villainess,Visual Arts,Workplace,synopsis_svd_0,synopsis_svd_1,synopsis_svd_2,synopsis_svd_3,synopsis_svd_4,synopsis_svd_5,synopsis_svd_6,synopsis_svd_7,synopsis_svd_8,synopsis_svd_9,synopsis_svd_10,synopsis_svd_11,synopsis_svd_12,synopsis_svd_13,synopsis_svd_14,synopsis_svd_15,synopsis_svd_16,synopsis_svd_17,synopsis_svd_18,synopsis_svd_19,synopsis_svd_20,synopsis_svd_21,synopsis_svd_22,synopsis_svd_23,synopsis_svd_24,synopsis_svd_25,synopsis_svd_26,synopsis_svd_27,synopsis_svd_28,synopsis_svd_29,synopsis_svd_30,synopsis_svd_31,synopsis_svd_32,synopsis_svd_33,synopsis_svd_34,synopsis_svd_35,synopsis_svd_36,synopsis_svd_37,synopsis_svd_38,synopsis_svd_39,synopsis_svd_40,synopsis_svd_41,synopsis_svd_42,synopsis_svd_43,synopsis_svd_44,synopsis_svd_45,synopsis_svd_46,synopsis_svd_47,synopsis_svd_48,synopsis_svd_49",130,4859,15,False,100,42,0.12783040142102292
Vurnox,bayesian_ridge,5,0.6012160097168543,0.1930798213508501,0.624,0.16399063782097226,0.9091666666666667,0.21224278021956622,3.12,2.5,106.18,45.76,100,661,496.0,4363.0,,complete_num_genres_synopsis_svd,"mean,popularity,watching,Action,Adult Cast,Adventure,Anthropomorphic,Avant Garde,Award Winning,Boys Love,CGDCT,Childcare,Combat Sports,Comedy,Crossdressing,Delinquents,Detective,Drama,Ecchi,Educational,Erotica,Fantasy,Gag Humor,Girls Love,Gore,Gourmet,Harem,High Stakes Game,Historical,Horror,Idols (Female),Idols (Male),Isekai,Iyashikei,Josei,Kids,Love Polygon,Love Status Quo,Magical Sex Shift,Mahou Shoujo,Martial Arts,Mecha,Medical,Military,Music,Mystery,Mythology,Organized Crime,Otaku Culture,Parody,Performing Arts,Pets,Psychological,Racing,Reincarnation,Reverse Harem,Romance,Samurai,School,Sci-Fi,Seinen,Shoujo,Shounen,Showbiz,Slice of Life,Space,Sports,Strategy Game,Super Power,Supernatural,Survival,Suspense,Team Sports,Time Travel,Urban Fantasy,Vampire,Video Game,Villainess,Visual Arts,Workplace,synopsis_svd_0,synopsis_svd_1,synopsis_svd_2,synopsis_svd_3,synopsis_svd_4,synopsis_svd_5,synopsis_svd_6,synopsis_svd_7,synopsis_svd_8,synopsis_svd_9,synopsis_svd_10,synopsis_svd_11,synopsis_svd_12,synopsis_svd_13,synopsis_svd_14,synopsis_svd_15,synopsis_svd_16,synopsis_svd_17,synopsis_svd_18,synopsis_svd_19,synopsis_svd_20,synopsis_svd_21,synopsis_svd_22,synopsis_svd_23,synopsis_svd_24,synopsis_svd_25,synopsis_svd_26,synopsis_svd_27,synopsis_svd_28,synopsis_svd_29,synopsis_svd_30,synopsis_svd_31,synopsis_svd_32,synopsis_svd_33,synopsis_svd_34,synopsis_svd_35,synopsis_svd_36,synopsis_svd_37,synopsis_svd_38,synopsis_svd_39,synopsis_svd_40,synopsis_svd_41,synopsis_svd_42,synopsis_svd_43,synopsis_svd_44,synopsis_svd_45,synopsis_svd_46,synopsis_svd_47,synopsis_svd_48,synopsis_svd_49",130,4859,15,False,100,42,0.12783040142102292
Ebelha,knn_all_available,5,0.5874323070694767,0.20659371475159433,0.616,0.1942194946991988,0.7233333333333333,0.25865489924290413,3.08,2.95,48.0,17.9,100,191,143.0,4716.0,143.0,complete_num_genres_synopsis_svd,"mean,popularity,watching,Action,Adult Cast,Adventure,Anthropomorphic,Avant Garde,Award Winning,Boys Love,CGDCT,Childcare,Combat Sports,Comedy,Crossdressing,Delinquents,Detective,Drama,Ecchi,Educational,Erotica,Fantasy,Gag Humor,Girls Love,Gore,Gourmet,Harem,High Stakes Game,Historical,Horror,Idols (Female),Idols (Male),Isekai,Iyashikei,Josei,Kids,Love Polygon,Love Status Quo,Magical Sex Shift,Mahou Shoujo,Martial Arts,Mecha,Medical,Military,Music,Mystery,Mythology,Organized Crime,Otaku Culture,Parody,Performing Arts,Pets,Psychological,Racing,Reincarnation,Reverse Harem,Romance,Samurai,School,Sci-Fi,Seinen,Shoujo,Shounen,Showbiz,Slice of Life,Space,Sports,Strategy Game,Super Power,Supernatural,Survival,Suspense,Team Sports,Time Travel,Urban Fantasy,Vampire,Video Game,Villainess,Visual Arts,Workplace,synopsis_svd_0,synopsis_svd_1,synopsis_svd_2,synopsis_svd_3,synopsis_svd_4,synopsis_svd_5,synopsis_svd_6,synopsis_svd_7,synopsis_svd_8,synopsis_svd_9,synopsis_svd_10,synopsis_svd_11,synopsis_svd_12,synopsis_svd_13,synopsis_svd_14,synopsis_svd_15,synopsis_svd_16,synopsis_svd_17,synopsis_svd_18,synopsis_svd_19,synopsis_svd_20,synopsis_svd_21,synopsis_svd_22,synopsis_svd_23,synopsis_svd_24,synopsis_svd_25,synopsis_svd_26,synopsis_svd_27,synopsis_svd_28,synopsis_svd_29,synopsis_svd_30,synopsis_svd_31,synopsis_svd_32,synopsis_svd_33,synopsis_svd_34,synopsis_svd_35,synopsis_svd_36,synopsis_svd_37,synopsis_svd_38,synopsis_svd_39,synopsis_svd_40,synopsis_svd_41,synopsis_svd_42,synopsis_svd_43,synopsis_svd_44,synopsis_svd_45,synopsis_svd_46,synopsis_svd_47,synopsis_svd_48,synopsis_svd_49",130,4859,15,False,100,42,0.12783040142102292
Irseus,knn_all_available,5,0.5636297942494417,0.1611919562952872,0.71,0.1592279352172079,0.955,0.14381174563233068,3.55,2.18,187.09,26.89,100,775,581.0,4278.0,581.0,complete_num_genres_synopsis_svd,"mean,popularity,watching,Action,Adult Cast,Adventure,Anthropomorphic,Avant Garde,Award Winning,Boys Love,CGDCT,Childcare,Combat Sports,Comedy,Crossdressing,Delinquents,Detective,Drama,Ecchi,Educational,Erotica,Fantasy,Gag Humor,Girls Love,Gore,Gourmet,Harem,High Stakes Game,Historical,Horror,Idols (Female),Idols (Male),Isekai,Iyashikei,Josei,Kids,Love Polygon,Love Status Quo,Magical Sex Shift,Mahou Shoujo,Martial Arts,Mecha,Medical,Military,Music,Mystery,Mythology,Organized Crime,Otaku Culture,Parody,Performing Arts,Pets,Psychological,Racing,Reincarnation,Reverse Harem,Romance,Samurai,School,Sci-Fi,Seinen,Shoujo,Shounen,Showbiz,Slice of Life,Space,Sports,Strategy Game,Super Power,Supernatural,Survival,Suspense,Team Sports,Time Travel,Urban Fantasy,Vampire,Video Game,Villainess,Visual Arts,Workplace,synopsis_svd_0,synopsis_svd_1,synopsis_svd_2,synopsis_svd_3,synopsis_svd_4,synopsis_svd_5,synopsis_svd_6,synopsis_svd_7,synopsis_svd_8,synopsis_svd_9,synopsis_svd_10,synopsis_svd_11,synopsis_svd_12,synopsis_svd_13,synopsis_svd_14,synopsis_svd_15,synopsis_svd_16,synopsis_svd_17,synopsis_svd_18,synopsis_svd_19,synopsis_svd_20,synopsis_svd_21,synopsis_svd_22,synopsis_svd_23,synopsis_svd_24,synopsis_svd_25,synopsis_svd_26,synopsis_svd_27,synopsis_svd_28,synopsis_svd_29,synopsis_svd_30,synopsis_svd_31,synopsis_svd_32,synopsis_svd_33,synopsis_svd_34,synopsis_svd_35,synopsis_svd_36,synopsis_svd_37,synopsis_svd_38,synopsis_svd_39,synopsis_svd_40,synopsis_svd_41,synopsis_svd_42,synopsis_svd_43,synopsis_svd_44,synopsis_svd_45,synopsis_svd_46,synopsis_svd_47,synopsis_svd_48,synopsis_svd_49",130,4859,15,False,100,42,0.12783040142102292
Edison-great,knn_all_available,5,0.5583462016033333,0.21750832008778126,0.564,0.21905213622295125,0.9045000000000001,0.21708525998098094,2.82,2.29,90.2,39.17,100,459,344.0,4515.0,344.0,complete_num_genres_synopsis_svd,"mean,popularity,watching,Action,Adult Cast,Adventure,Anthropomorphic,Avant Garde,Award Winning,Boys Love,CGDCT,Childcare,Combat Sports,Comedy,Crossdressing,Delinquents,Detective,Drama,Ecchi,Educational,Erotica,Fantasy,Gag Humor,Girls Love,Gore,Gourmet,Harem,High Stakes Game,Historical,Horror,Idols (Female),Idols (Male),Isekai,Iyashikei,Josei,Kids,Love Polygon,Love Status Quo,Magical Sex Shift,Mahou Shoujo,Martial Arts,Mecha,Medical,Military,Music,Mystery,Mythology,Organized Crime,Otaku Culture,Parody,Performing Arts,Pets,Psychological,Racing,Reincarnation,Reverse Harem,Romance,Samurai,School,Sci-Fi,Seinen,Shoujo,Shounen,Showbiz,Slice of Life,Space,Sports,Strategy Game,Super Power,Supernatural,Survival,Suspense,Team Sports,Time Travel,Urban Fantasy,Vampire,Video Game,Villainess,Visual Arts,Workplace,synopsis_svd_0,synopsis_svd_1,synopsis_svd_2,synopsis_svd_3,synopsis_svd_4,synopsis_svd_5,synopsis_svd_6,synopsis_svd_7,synopsis_svd_8,synopsis_svd_9,synopsis_svd_10,synopsis_svd_11,synopsis_svd_12,synopsis_svd_13,synopsis_svd_14,synopsis_svd_15,synopsis_svd_16,synopsis_svd_17,synopsis_svd_18,synopsis_svd_19,synopsis_svd_20,synopsis_svd_21,synopsis_svd_22,synopsis_svd_23,synopsis_svd_24,synopsis_svd_25,synopsis_svd_26,synopsis_svd_27,synopsis_svd_28,synopsis_svd_29,synopsis_svd_30,synopsis_svd_31,synopsis_svd_32,synopsis_svd_33,synopsis_svd_34,synopsis_svd_35,synopsis_svd_36,synopsis_svd_37,synopsis_svd_38,synopsis_svd_39,synopsis_svd_40,synopsis_svd_41,synopsis_svd_42,synopsis_svd_43,synopsis_svd_44,synopsis_svd_45,synopsis_svd_46,synopsis_svd_47,synopsis_svd_48,synopsis_svd_49",130,4859,15,False,100,42,0.12783040142102292
MeloniaShaby,knn_all_available,5,0.5224607377114885,0.1805373750208764,0.516,0.16125768324033554,0.9056666666666666,0.2300053676238937,2.58,2.24,45.98,25.59,100,220,165.0,4694.0,165.0,complete_num_genres_synopsis_svd,"mean,popularity,watching,Action,Adult Cast,Adventure,Anthropomorphic,Avant Garde,Award Winning,Boys Love,CGDCT,Childcare,Combat Sports,Comedy,Crossdressing,Delinquents,Detective,Drama,Ecchi,Educational,Erotica,Fantasy,Gag Humor,Girls Love,Gore,Gourmet,Harem,High Stakes Game,Historical,Horror,Idols (Female),Idols (Male),Isekai,Iyashikei,Josei,Kids,Love Polygon,Love Status Quo,Magical Sex Shift,Mahou Shoujo,Martial Arts,Mecha,Medical,Military,Music,Mystery,Mythology,Organized Crime,Otaku Culture,Parody,Performing Arts,Pets,Psychological,Racing,Reincarnation,Reverse Harem,Romance,Samurai,School,Sci-Fi,Seinen,Shoujo,Shounen,Showbiz,Slice of Life,Space,Sports,Strategy Game,Super Power,Supernatural,Survival,Suspense,Team Sports,Time Travel,Urban Fantasy,Vampire,Video Game,Villainess,Visual Arts,Workplace,synopsis_svd_0,synopsis_svd_1,synopsis_svd_2,synopsis_svd_3,synopsis_svd_4,synopsis_svd_5,synopsis_svd_6,synopsis_svd_7,synopsis_svd_8,synopsis_svd_9,synopsis_svd_10,synopsis_svd_11,synopsis_svd_12,synopsis_svd_13,synopsis_svd_14,synopsis_svd_15,synopsis_svd_16,synopsis_svd_17,synopsis_svd_18,synopsis_svd_19,synopsis_svd_20,synopsis_svd_21,synopsis_svd_22,synopsis_svd_23,synopsis_svd_24,synopsis_svd_25,synopsis_svd_26,synopsis_svd_27,synopsis_svd_28,synopsis_svd_29,synopsis_svd_30,synopsis_svd_31,synopsis_svd_32,synopsis_svd_33,synopsis_svd_34,synopsis_svd_35,synopsis_svd_36,synopsis_svd_37,synopsis_svd_38,synopsis_svd_39,synopsis_svd_40,synopsis_svd_41,synopsis_svd_42,synopsis_svd_43,synopsis_svd_44,synopsis_svd_45,synopsis_svd_46,synopsis_svd_47,synopsis_svd_48,synopsis_svd_49",130,4859,15,False,100,42,0.12783040142102292
xF0x,knn_all_available,5,0.5199994410279924,0.23285795710498622,0.462,0.23901312250015208,0.912,0.2727636339397171,2.31,2.09,20.45,12.71,100,135,101.0,4758.0,101.0,complete_num_genres_synopsis_svd,"mean,popularity,watching,Action,Adult Cast,Adventure,Anthropomorphic,Avant Garde,Award Winning,Boys Love,CGDCT,Childcare,Combat Sports,Comedy,Crossdressing,Delinquents,Detective,Drama,Ecchi,Educational,Erotica,Fantasy,Gag Humor,Girls Love,Gore,Gourmet,Harem,High Stakes Game,Historical,Horror,Idols (Female),Idols (Male),Isekai,Iyashikei,Josei,Kids,Love Polygon,Love Status Quo,Magical Sex Shift,Mahou Shoujo,Martial Arts,Mecha,Medical,Military,Music,Mystery,Mythology,Organized Crime,Otaku Culture,Parody,Performing Arts,Pets,Psychological,Racing,Reincarnation,Reverse Harem,Romance,Samurai,School,Sci-Fi,Seinen,Shoujo,Shounen,Showbiz,Slice of Life,Space,Sports,Strategy Game,Super Power,Supernatural,Survival,Suspense,Team Sports,Time Travel,Urban Fantasy,Vampire,Video Game,Villainess,Visual Arts,Workplace,synopsis_svd_0,synopsis_svd_1,synopsis_svd_2,synopsis_svd_3,synopsis_svd_4,synopsis_svd_5,synopsis_svd_6,synopsis_svd_7,synopsis_svd_8,synopsis_svd_9,synopsis_svd_10,synopsis_svd_11,synopsis_svd_12,synopsis_svd_13,synopsis_svd_14,synopsis_svd_15,synopsis_svd_16,synopsis_svd_17,synopsis_svd_18,synopsis_svd_19,synopsis_svd_20,synopsis_svd_21,synopsis_svd_22,synopsis_svd_23,synopsis_svd_24,synopsis_svd_25,synopsis_svd_26,synopsis_svd_27,synopsis_svd_28,synopsis_svd_29,synopsis_svd_30,synopsis_svd_31,synopsis_svd_32,synopsis_svd_33,synopsis_svd_34,synopsis_svd_35,synopsis_svd_36,synopsis_svd_37,synopsis_svd_38,synopsis_svd_39,synopsis_svd_40,synopsis_svd_41,synopsis_svd_42,synopsis_svd_43,synopsis_svd_44,synopsis_svd_45,synopsis_svd_46,synopsis_svd_47,synopsis_svd_48,synopsis_svd_49",130,4859,15,False,100,42,0.12783040142102292
DanteNani2004,bayesian_ridge,5,0.48426995052887284,0.22362023365572267,0.45799999999999996,0.20752509888364512,0.8029999999999999,0.31200610802965295,2.29,2.02,17.19,8.18,100,75,56.0,4803.0,,complete_num_genres_synopsis_svd,"mean,popularity,watching,Action,Adult Cast,Adventure,Anthropomorphic,Avant Garde,Award Winning,Boys Love,CGDCT,Childcare,Combat Sports,Comedy,Crossdressing,Delinquents,Detective,Drama,Ecchi,Educational,Erotica,Fantasy,Gag Humor,Girls Love,Gore,Gourmet,Harem,High Stakes Game,Historical,Horror,Idols (Female),Idols (Male),Isekai,Iyashikei,Josei,Kids,Love Polygon,Love Status Quo,Magical Sex Shift,Mahou Shoujo,Martial Arts,Mecha,Medical,Military,Music,Mystery,Mythology,Organized Crime,Otaku Culture,Parody,Performing Arts,Pets,Psychological,Racing,Reincarnation,Reverse Harem,Romance,Samurai,School,Sci-Fi,Seinen,Shoujo,Shounen,Showbiz,Slice of Life,Space,Sports,Strategy Game,Super Power,Supernatural,Survival,Suspense,Team Sports,Time Travel,Urban Fantasy,Vampire,Video Game,Villainess,Visual Arts,Workplace,synopsis_svd_0,synopsis_svd_1,synopsis_svd_2,synopsis_svd_3,synopsis_svd_4,synopsis_svd_5,synopsis_svd_6,synopsis_svd_7,synopsis_svd_8,synopsis_svd_9,synopsis_svd_10,synopsis_svd_11,synopsis_svd_12,synopsis_svd_13,synopsis_svd_14,synopsis_svd_15,synopsis_svd_16,synopsis_svd_17,synopsis_svd_18,synopsis_svd_19,synopsis_svd_20,synopsis_svd_21,synopsis_svd_22,synopsis_svd_23,synopsis_svd_24,synopsis_svd_25,synopsis_svd_26,synopsis_svd_27,synopsis_svd_28,synopsis_svd_29,synopsis_svd_30,synopsis_svd_31,synopsis_svd_32,synopsis_svd_33,synopsis_svd_34,synopsis_svd_35,synopsis_svd_36,synopsis_svd_37,synopsis_svd_38,synopsis_svd_39,synopsis_svd_40,synopsis_svd_41,synopsis_svd_42,synopsis_svd_43,synopsis_svd_44,synopsis_svd_45,synopsis_svd_46,synopsis_svd_47,synopsis_svd_48,synopsis_svd_49",130,4859,15,False,100,42,0.12783040142102292
yorkie_pro,knn_all_available,5,0.4713266291223993,0.22245391455959526,0.408,0.2163424147134362,0.8773333333333333,0.3092796017422941,2.04,1.84,32.46,18.08,100,187,140.0,4719.0,140.0,complete_num_genres_synopsis_svd,"mean,popularity,watching,Action,Adult Cast,Adventure,Anthropomorphic,Avant Garde,Award Winning,Boys Love,CGDCT,Childcare,Combat Sports,Comedy,Crossdressing,Delinquents,Detective,Drama,Ecchi,Educational,Erotica,Fantasy,Gag Humor,Girls Love,Gore,Gourmet,Harem,High Stakes Game,Historical,Horror,Idols (Female),Idols (Male),Isekai,Iyashikei,Josei,Kids,Love Polygon,Love Status Quo,Magical Sex Shift,Mahou Shoujo,Martial Arts,Mecha,Medical,Military,Music,Mystery,Mythology,Organized Crime,Otaku Culture,Parody,Performing Arts,Pets,Psychological,Racing,Reincarnation,Reverse Harem,Romance,Samurai,School,Sci-Fi,Seinen,Shoujo,Shounen,Showbiz,Slice of Life,Space,Sports,Strategy Game,Super Power,Supernatural,Survival,Suspense,Team Sports,Time Travel,Urban Fantasy,Vampire,Video Game,Villainess,Visual Arts,Workplace,synopsis_svd_0,synopsis_svd_1,synopsis_svd_2,synopsis_svd_3,synopsis_svd_4,synopsis_svd_5,synopsis_svd_6,synopsis_svd_7,synopsis_svd_8,synopsis_svd_9,synopsis_svd_10,synopsis_svd_11,synopsis_svd_12,synopsis_svd_13,synopsis_svd_14,synopsis_svd_15,synopsis_svd_16,synopsis_svd_17,synopsis_svd_18,synopsis_svd_19,synopsis_svd_20,synopsis_svd_21,synopsis_svd_22,synopsis_svd_23,synopsis_svd_24,synopsis_svd_25,synopsis_svd_26,synopsis_svd_27,synopsis_svd_28,synopsis_svd_29,synopsis_svd_30,synopsis_svd_31,synopsis_svd_32,synopsis_svd_33,synopsis_svd_34,synopsis_svd_35,synopsis_svd_36,synopsis_svd_37,synopsis_svd_38,synopsis_svd_39,synopsis_svd_40,synopsis_svd_41,synopsis_svd_42,synopsis_svd_43,synopsis_svd_44,synopsis_svd_45,synopsis_svd_46,synopsis_svd_47,synopsis_svd_48,synopsis_svd_49",130,4859,15,False,100,42,0.12783040142102292
Vurnox,global_mean,5,0.4517402665199571,0.17327482304788072,0.574,0.2101562670149442,0.607,0.2118962010041709,2.87,2.25,106.18,45.76,100,661,496.0,4363.0,,complete_num_genres_synopsis_svd,"mean,popularity,watching,Action,Adult Cast,Adventure,Anthropomorphic,Avant Garde,Award Winning,Boys Love,CGDCT,Childcare,Combat Sports,Comedy,Crossdressing,Delinquents,Detective,Drama,Ecchi,Educational,Erotica,Fantasy,Gag Humor,Girls Love,Gore,Gourmet,Harem,High Stakes Game,Historical,Horror,Idols (Female),Idols (Male),Isekai,Iyashikei,Josei,Kids,Love Polygon,Love Status Quo,Magical Sex Shift,Mahou Shoujo,Martial Arts,Mecha,Medical,Military,Music,Mystery,Mythology,Organized Crime,Otaku Culture,Parody,Performing Arts,Pets,Psychological,Racing,Reincarnation,Reverse Harem,Romance,Samurai,School,Sci-Fi,Seinen,Shoujo,Shounen,Showbiz,Slice of Life,Space,Sports,Strategy Game,Super Power,Supernatural,Survival,Suspense,Team Sports,Time Travel,Urban Fantasy,Vampire,Video Game,Villainess,Visual Arts,Workplace,synopsis_svd_0,synopsis_svd_1,synopsis_svd_2,synopsis_svd_3,synopsis_svd_4,synopsis_svd_5,synopsis_svd_6,synopsis_svd_7,synopsis_svd_8,synopsis_svd_9,synopsis_svd_10,synopsis_svd_11,synopsis_svd_12,synopsis_svd_13,synopsis_svd_14,synopsis_svd_15,synopsis_svd_16,synopsis_svd_17,synopsis_svd_18,synopsis_svd_19,synopsis_svd_20,synopsis_svd_21,synopsis_svd_22,synopsis_svd_23,synopsis_svd_24,synopsis_svd_25,synopsis_svd_26,synopsis_svd_27,synopsis_svd_28,synopsis_svd_29,synopsis_svd_30,synopsis_svd_31,synopsis_svd_32,synopsis_svd_33,synopsis_svd_34,synopsis_svd_35,synopsis_svd_36,synopsis_svd_37,synopsis_svd_38,synopsis_svd_39,synopsis_svd_40,synopsis_svd_41,synopsis_svd_42,synopsis_svd_43,synopsis_svd_44,synopsis_svd_45,synopsis_svd_46,synopsis_svd_47,synopsis_svd_48,synopsis_svd_49",130,4859,15,False,100,42,0.12783040142102292
TheRealist68,knn_all_available,5,0.44709795414944564,0.1917979129618182,0.442,0.1891928629571935,0.7023333333333334,0.31764442352728284,2.21,2.08,23.96,11.67,100,149,112.0,4747.0,112.0,complete_num_genres_synopsis_svd,"mean,popularity,watching,Action,Adult Cast,Adventure,Anthropomorphic,Avant Garde,Award Winning,Boys Love,CGDCT,Childcare,Combat Sports,Comedy,Crossdressing,Delinquents,Detective,Drama,Ecchi,Educational,Erotica,Fantasy,Gag Humor,Girls Love,Gore,Gourmet,Harem,High Stakes Game,Historical,Horror,Idols (Female),Idols (Male),Isekai,Iyashikei,Josei,Kids,Love Polygon,Love Status Quo,Magical Sex Shift,Mahou Shoujo,Martial Arts,Mecha,Medical,Military,Music,Mystery,Mythology,Organized Crime,Otaku Culture,Parody,Performing Arts,Pets,Psychological,Racing,Reincarnation,Reverse Harem,Romance,Samurai,School,Sci-Fi,Seinen,Shoujo,Shounen,Showbiz,Slice of Life,Space,Sports,Strategy Game,Super Power,Supernatural,Survival,Suspense,Team Sports,Time Travel,Urban Fantasy,Vampire,Video Game,Villainess,Visual Arts,Workplace,synopsis_svd_0,synopsis_svd_1,synopsis_svd_2,synopsis_svd_3,synopsis_svd_4,synopsis_svd_5,synopsis_svd_6,synopsis_svd_7,synopsis_svd_8,synopsis_svd_9,synopsis_svd_10,synopsis_svd_11,synopsis_svd_12,synopsis_svd_13,synopsis_svd_14,synopsis_svd_15,synopsis_svd_16,synopsis_svd_17,synopsis_svd_18,synopsis_svd_19,synopsis_svd_20,synopsis_svd_21,synopsis_svd_22,synopsis_svd_23,synopsis_svd_24,synopsis_svd_25,synopsis_svd_26,synopsis_svd_27,synopsis_svd_28,synopsis_svd_29,synopsis_svd_30,synopsis_svd_31,synopsis_svd_32,synopsis_svd_33,synopsis_svd_34,synopsis_svd_35,synopsis_svd_36,synopsis_svd_37,synopsis_svd_38,synopsis_svd_39,synopsis_svd_40,synopsis_svd_41,synopsis_svd_42,synopsis_svd_43,synopsis_svd_44,synopsis_svd_45,synopsis_svd_46,synopsis_svd_47,synopsis_svd_48,synopsis_svd_49",130,4859,15,False,100,42,0.12783040142102292
Opelo_Stradyon,knn_all_available,5,0.4448704990657442,0.21054609844443223,0.402,0.19795928568238158,0.7648333333333334,0.31924693059386294,2.01,2.01,23.48,23.48,100,395,296.0,4563.0,296.0,complete_num_genres_synopsis_svd,"mean,popularity,watching,Action,Adult Cast,Adventure,Anthropomorphic,Avant Garde,Award Winning,Boys Love,CGDCT,Childcare,Combat Sports,Comedy,Crossdressing,Delinquents,Detective,Drama,Ecchi,Educational,Erotica,Fantasy,Gag Humor,Girls Love,Gore,Gourmet,Harem,High Stakes Game,Historical,Horror,Idols (Female),Idols (Male),Isekai,Iyashikei,Josei,Kids,Love Polygon,Love Status Quo,Magical Sex Shift,Mahou Shoujo,Martial Arts,Mecha,Medical,Military,Music,Mystery,Mythology,Organized Crime,Otaku Culture,Parody,Performing Arts,Pets,Psychological,Racing,Reincarnation,Reverse Harem,Romance,Samurai,School,Sci-Fi,Seinen,Shoujo,Shounen,Showbiz,Slice of Life,Space,Sports,Strategy Game,Super Power,Supernatural,Survival,Suspense,Team Sports,Time Travel,Urban Fantasy,Vampire,Video Game,Villainess,Visual Arts,Workplace,synopsis_svd_0,synopsis_svd_1,synopsis_svd_2,synopsis_svd_3,synopsis_svd_4,synopsis_svd_5,synopsis_svd_6,synopsis_svd_7,synopsis_svd_8,synopsis_svd_9,synopsis_svd_10,synopsis_svd_11,synopsis_svd_12,synopsis_svd_13,synopsis_svd_14,synopsis_svd_15,synopsis_svd_16,synopsis_svd_17,synopsis_svd_18,synopsis_svd_19,synopsis_svd_20,synopsis_svd_21,synopsis_svd_22,synopsis_svd_23,synopsis_svd_24,synopsis_svd_25,synopsis_svd_26,synopsis_svd_27,synopsis_svd_28,synopsis_svd_29,synopsis_svd_30,synopsis_svd_31,synopsis_svd_32,synopsis_svd_33,synopsis_svd_34,synopsis_svd_35,synopsis_svd_36,synopsis_svd_37,synopsis_svd_38,synopsis_svd_39,synopsis_svd_40,synopsis_svd_41,synopsis_svd_42,synopsis_svd_43,synopsis_svd_44,synopsis_svd_45,synopsis_svd_46,synopsis_svd_47,synopsis_svd_48,synopsis_svd_49",130,4859,15,False,100,42,0.12783040142102292
GrumbleDango,knn_all_available,5,0.4393757489862211,0.21709365510028958,0.48200000000000004,0.21290677051069307,0.5915,0.2633047229055664,2.41,2.21,85.95,51.45,100,488,366.0,4493.0,366.0,complete_num_genres_synopsis_svd,"mean,popularity,watching,Action,Adult Cast,Adventure,Anthropomorphic,Avant Garde,Award Winning,Boys Love,CGDCT,Childcare,Combat Sports,Comedy,Crossdressing,Delinquents,Detective,Drama,Ecchi,Educational,Erotica,Fantasy,Gag Humor,Girls Love,Gore,Gourmet,Harem,High Stakes Game,Historical,Horror,Idols (Female),Idols (Male),Isekai,Iyashikei,Josei,Kids,Love Polygon,Love Status Quo,Magical Sex Shift,Mahou Shoujo,Martial Arts,Mecha,Medical,Military,Music,Mystery,Mythology,Organized Crime,Otaku Culture,Parody,Performing Arts,Pets,Psychological,Racing,Reincarnation,Reverse Harem,Romance,Samurai,School,Sci-Fi,Seinen,Shoujo,Shounen,Showbiz,Slice of Life,Space,Sports,Strategy Game,Super Power,Supernatural,Survival,Suspense,Team Sports,Time Travel,Urban Fantasy,Vampire,Video Game,Villainess,Visual Arts,Workplace,synopsis_svd_0,synopsis_svd_1,synopsis_svd_2,synopsis_svd_3,synopsis_svd_4,synopsis_svd_5,synopsis_svd_6,synopsis_svd_7,synopsis_svd_8,synopsis_svd_9,synopsis_svd_10,synopsis_svd_11,synopsis_svd_12,synopsis_svd_13,synopsis_svd_14,synopsis_svd_15,synopsis_svd_16,synopsis_svd_17,synopsis_svd_18,synopsis_svd_19,synopsis_svd_20,synopsis_svd_21,synopsis_svd_22,synopsis_svd_23,synopsis_svd_24,synopsis_svd_25,synopsis_svd_26,synopsis_svd_27,synopsis_svd_28,synopsis_svd_29,synopsis_svd_30,synopsis_svd_31,synopsis_svd_32,synopsis_svd_33,synopsis_svd_34,synopsis_svd_35,synopsis_svd_36,synopsis_svd_37,synopsis_svd_38,synopsis_svd_39,synopsis_svd_40,synopsis_svd_41,synopsis_svd_42,synopsis_svd_43,synopsis_svd_44,synopsis_svd_45,synopsis_svd_46,synopsis_svd_47,synopsis_svd_48,synopsis_svd_49",130,4859,15,False,100,42,0.12783040142102292
LoyJoy,knn_all_available,5,0.43933562031724294,0.19804900560748184,0.484,0.2092410528118662,0.8534999999999999,0.273761828457765,2.42,1.81,27.61,15.48,100,231,173.0,4686.0,173.0,complete_num_genres_synopsis_svd,"mean,popularity,watching,Action,Adult Cast,Adventure,Anthropomorphic,Avant Garde,Award Winning,Boys Love,CGDCT,Childcare,Combat Sports,Comedy,Crossdressing,Delinquents,Detective,Drama,Ecchi,Educational,Erotica,Fantasy,Gag Humor,Girls Love,Gore,Gourmet,Harem,High Stakes Game,Historical,Horror,Idols (Female),Idols (Male),Isekai,Iyashikei,Josei,Kids,Love Polygon,Love Status Quo,Magical Sex Shift,Mahou Shoujo,Martial Arts,Mecha,Medical,Military,Music,Mystery,Mythology,Organized Crime,Otaku Culture,Parody,Performing Arts,Pets,Psychological,Racing,Reincarnation,Reverse Harem,Romance,Samurai,School,Sci-Fi,Seinen,Shoujo,Shounen,Showbiz,Slice of Life,Space,Sports,Strategy Game,Super Power,Supernatural,Survival,Suspense,Team Sports,Time Travel,Urban Fantasy,Vampire,Video Game,Villainess,Visual Arts,Workplace,synopsis_svd_0,synopsis_svd_1,synopsis_svd_2,synopsis_svd_3,synopsis_svd_4,synopsis_svd_5,synopsis_svd_6,synopsis_svd_7,synopsis_svd_8,synopsis_svd_9,synopsis_svd_10,synopsis_svd_11,synopsis_svd_12,synopsis_svd_13,synopsis_svd_14,synopsis_svd_15,synopsis_svd_16,synopsis_svd_17,synopsis_svd_18,synopsis_svd_19,synopsis_svd_20,synopsis_svd_21,synopsis_svd_22,synopsis_svd_23,synopsis_svd_24,synopsis_svd_25,synopsis_svd_26,synopsis_svd_27,synopsis_svd_28,synopsis_svd_29,synopsis_svd_30,synopsis_svd_31,synopsis_svd_32,synopsis_svd_33,synopsis_svd_34,synopsis_svd_35,synopsis_svd_36,synopsis_svd_37,synopsis_svd_38,synopsis_svd_39,synopsis_svd_40,synopsis_svd_41,synopsis_svd_42,synopsis_svd_43,synopsis_svd_44,synopsis_svd_45,synopsis_svd_46,synopsis_svd_47,synopsis_svd_48,synopsis_svd_49",130,4859,15,False,100,42,0.12783040142102292
Captn_Cook,knn_all_available,5,0.43463806168501434,0.19739098546153808,0.45,0.17378728435078383,0.7948333333333334,0.3028085425941836,2.25,1.74,16.53,8.52,100,79,59.0,4800.0,59.0,complete_num_genres_synopsis_svd,"mean,popularity,watching,Action,Adult Cast,Adventure,Anthropomorphic,Avant Garde,Award Winning,Boys Love,CGDCT,Childcare,Combat Sports,Comedy,Crossdressing,Delinquents,Detective,Drama,Ecchi,Educational,Erotica,Fantasy,Gag Humor,Girls Love,Gore,Gourmet,Harem,High Stakes Game,Historical,Horror,Idols (Female),Idols (Male),Isekai,Iyashikei,Josei,Kids,Love Polygon,Love Status Quo,Magical Sex Shift,Mahou Shoujo,Martial Arts,Mecha,Medical,Military,Music,Mystery,Mythology,Organized Crime,Otaku Culture,Parody,Performing Arts,Pets,Psychological,Racing,Reincarnation,Reverse Harem,Romance,Samurai,School,Sci-Fi,Seinen,Shoujo,Shounen,Showbiz,Slice of Life,Space,Sports,Strategy Game,Super Power,Supernatural,Survival,Suspense,Team Sports,Time Travel,Urban Fantasy,Vampire,Video Game,Villainess,Visual Arts,Workplace,synopsis_svd_0,synopsis_svd_1,synopsis_svd_2,synopsis_svd_3,synopsis_svd_4,synopsis_svd_5,synopsis_svd_6,synopsis_svd_7,synopsis_svd_8,synopsis_svd_9,synopsis_svd_10,synopsis_svd_11,synopsis_svd_12,synopsis_svd_13,synopsis_svd_14,synopsis_svd_15,synopsis_svd_16,synopsis_svd_17,synopsis_svd_18,synopsis_svd_19,synopsis_svd_20,synopsis_svd_21,synopsis_svd_22,synopsis_svd_23,synopsis_svd_24,synopsis_svd_25,synopsis_svd_26,synopsis_svd_27,synopsis_svd_28,synopsis_svd_29,synopsis_svd_30,synopsis_svd_31,synopsis_svd_32,synopsis_svd_33,synopsis_svd_34,synopsis_svd_35,synopsis_svd_36,synopsis_svd_37,synopsis_svd_38,synopsis_svd_39,synopsis_svd_40,synopsis_svd_41,synopsis_svd_42,synopsis_svd_43,synopsis_svd_44,synopsis_svd_45,synopsis_svd_46,synopsis_svd_47,synopsis_svd_48,synopsis_svd_49",130,4859,15,False,100,42,0.12783040142102292
Siipn,bayesian_ridge,5,0.424374161730889,0.15880054774138955,0.5760000000000001,0.09961542211541506,0.81,0.28893744735642785,2.88,1.64,87.15,16.15,100,448,336.0,4523.0,,complete_num_genres_synopsis_svd,"mean,popularity,watching,Action,Adult Cast,Adventure,Anthropomorphic,Avant Garde,Award Winning,Boys Love,CGDCT,Childcare,Combat Sports,Comedy,Crossdressing,Delinquents,Detective,Drama,Ecchi,Educational,Erotica,Fantasy,Gag Humor,Girls Love,Gore,Gourmet,Harem,High Stakes Game,Historical,Horror,Idols (Female),Idols (Male),Isekai,Iyashikei,Josei,Kids,Love Polygon,Love Status Quo,Magical Sex Shift,Mahou Shoujo,Martial Arts,Mecha,Medical,Military,Music,Mystery,Mythology,Organized Crime,Otaku Culture,Parody,Performing Arts,Pets,Psychological,Racing,Reincarnation,Reverse Harem,Romance,Samurai,School,Sci-Fi,Seinen,Shoujo,Shounen,Showbiz,Slice of Life,Space,Sports,Strategy Game,Super Power,Supernatural,Survival,Suspense,Team Sports,Time Travel,Urban Fantasy,Vampire,Video Game,Villainess,Visual Arts,Workplace,synopsis_svd_0,synopsis_svd_1,synopsis_svd_2,synopsis_svd_3,synopsis_svd_4,synopsis_svd_5,synopsis_svd_6,synopsis_svd_7,synopsis_svd_8,synopsis_svd_9,synopsis_svd_10,synopsis_svd_11,synopsis_svd_12,synopsis_svd_13,synopsis_svd_14,synopsis_svd_15,synopsis_svd_16,synopsis_svd_17,synopsis_svd_18,synopsis_svd_19,synopsis_svd_20,synopsis_svd_21,synopsis_svd_22,synopsis_svd_23,synopsis_svd_24,synopsis_svd_25,synopsis_svd_26,synopsis_svd_27,synopsis_svd_28,synopsis_svd_29,synopsis_svd_30,synopsis_svd_31,synopsis_svd_32,synopsis_svd_33,synopsis_svd_34,synopsis_svd_35,synopsis_svd_36,synopsis_svd_37,synopsis_svd_38,synopsis_svd_39,synopsis_svd_40,synopsis_svd_41,synopsis_svd_42,synopsis_svd_43,synopsis_svd_44,synopsis_svd_45,synopsis_svd_46,synopsis_svd_47,synopsis_svd_48,synopsis_svd_49",130,4859,15,False,100,42,0.12783040142102292
Dinterdos123,knn_all_available,5,0.39732058320752567,0.17558811002839045,0.376,0.1688463529635476,0.736,0.32619219304168945,1.88,1.72,19.83,9.35,100,83,62.0,4797.0,62.0,complete_num_genres_synopsis_svd,"mean,popularity,watching,Action,Adult Cast,Adventure,Anthropomorphic,Avant Garde,Award Winning,Boys Love,CGDCT,Childcare,Combat Sports,Comedy,Crossdressing,Delinquents,Detective,Drama,Ecchi,Educational,Erotica,Fantasy,Gag Humor,Girls Love,Gore,Gourmet,Harem,High Stakes Game,Historical,Horror,Idols (Female),Idols (Male),Isekai,Iyashikei,Josei,Kids,Love Polygon,Love Status Quo,Magical Sex Shift,Mahou Shoujo,Martial Arts,Mecha,Medical,Military,Music,Mystery,Mythology,Organized Crime,Otaku Culture,Parody,Performing Arts,Pets,Psychological,Racing,Reincarnation,Reverse Harem,Romance,Samurai,School,Sci-Fi,Seinen,Shoujo,Shounen,Showbiz,Slice of Life,Space,Sports,Strategy Game,Super Power,Supernatural,Survival,Suspense,Team Sports,Time Travel,Urban Fantasy,Vampire,Video Game,Villainess,Visual Arts,Workplace,synopsis_svd_0,synopsis_svd_1,synopsis_svd_2,synopsis_svd_3,synopsis_svd_4,synopsis_svd_5,synopsis_svd_6,synopsis_svd_7,synopsis_svd_8,synopsis_svd_9,synopsis_svd_10,synopsis_svd_11,synopsis_svd_12,synopsis_svd_13,synopsis_svd_14,synopsis_svd_15,synopsis_svd_16,synopsis_svd_17,synopsis_svd_18,synopsis_svd_19,synopsis_svd_20,synopsis_svd_21,synopsis_svd_22,synopsis_svd_23,synopsis_svd_24,synopsis_svd_25,synopsis_svd_26,synopsis_svd_27,synopsis_svd_28,synopsis_svd_29,synopsis_svd_30,synopsis_svd_31,synopsis_svd_32,synopsis_svd_33,synopsis_svd_34,synopsis_svd_35,synopsis_svd_36,synopsis_svd_37,synopsis_svd_38,synopsis_svd_39,synopsis_svd_40,synopsis_svd_41,synopsis_svd_42,synopsis_svd_43,synopsis_svd_44,synopsis_svd_45,synopsis_svd_46,synopsis_svd_47,synopsis_svd_48,synopsis_svd_49",130,4859,15,False,100,42,0.12783040142102292
DaiShi57,bayesian_ridge,5,0.3872882068493675,0.21735796544102945,0.33799999999999997,0.1963196733427756,0.6848333333333333,0.3661236796788059,1.69,1.69,15.44,15.44,100,190,142.0,4717.0,,complete_num_genres_synopsis_svd,"mean,popularity,watching,Action,Adult Cast,Adventure,Anthropomorphic,Avant Garde,Award Winning,Boys Love,CGDCT,Childcare,Combat Sports,Comedy,Crossdressing,Delinquents,Detective,Drama,Ecchi,Educational,Erotica,Fantasy,Gag Humor,Girls Love,Gore,Gourmet,Harem,High Stakes Game,Historical,Horror,Idols (Female),Idols (Male),Isekai,Iyashikei,Josei,Kids,Love Polygon,Love Status Quo,Magical Sex Shift,Mahou Shoujo,Martial Arts,Mecha,Medical,Military,Music,Mystery,Mythology,Organized Crime,Otaku Culture,Parody,Performing Arts,Pets,Psychological,Racing,Reincarnation,Reverse Harem,Romance,Samurai,School,Sci-Fi,Seinen,Shoujo,Shounen,Showbiz,Slice of Life,Space,Sports,Strategy Game,Super Power,Supernatural,Survival,Suspense,Team Sports,Time Travel,Urban Fantasy,Vampire,Video Game,Villainess,Visual Arts,Workplace,synopsis_svd_0,synopsis_svd_1,synopsis_svd_2,synopsis_svd_3,synopsis_svd_4,synopsis_svd_5,synopsis_svd_6,synopsis_svd_7,synopsis_svd_8,synopsis_svd_9,synopsis_svd_10,synopsis_svd_11,synopsis_svd_12,synopsis_svd_13,synopsis_svd_14,synopsis_svd_15,synopsis_svd_16,synopsis_svd_17,synopsis_svd_18,synopsis_svd_19,synopsis_svd_20,synopsis_svd_21,synopsis_svd_22,synopsis_svd_23,synopsis_svd_24,synopsis_svd_25,synopsis_svd_26,synopsis_svd_27,synopsis_svd_28,synopsis_svd_29,synopsis_svd_30,synopsis_svd_31,synopsis_svd_32,synopsis_svd_33,synopsis_svd_34,synopsis_svd_35,synopsis_svd_36,synopsis_svd_37,synopsis_svd_38,synopsis_svd_39,synopsis_svd_40,synopsis_svd_41,synopsis_svd_42,synopsis_svd_43,synopsis_svd_44,synopsis_svd_45,synopsis_svd_46,synopsis_svd_47,synopsis_svd_48,synopsis_svd_49",130,4859,15,False,100,42,0.12783040142102292
GrumbleDango,bayesian_ridge,5,0.3827785206773316,0.2078664681125162,0.42200000000000004,0.1946662515562199,0.7191666666666667,0.33731939092306096,2.11,1.51,85.95,51.45,100,488,366.0,4493.0,,complete_num_genres_synopsis_svd,"mean,popularity,watching,Action,Adult Cast,Adventure,Anthropomorphic,Avant Garde,Award Winning,Boys Love,CGDCT,Childcare,Combat Sports,Comedy,Crossdressing,Delinquents,Detective,Drama,Ecchi,Educational,Erotica,Fantasy,Gag Humor,Girls Love,Gore,Gourmet,Harem,High Stakes Game,Historical,Horror,Idols (Female),Idols (Male),Isekai,Iyashikei,Josei,Kids,Love Polygon,Love Status Quo,Magical Sex Shift,Mahou Shoujo,Martial Arts,Mecha,Medical,Military,Music,Mystery,Mythology,Organized Crime,Otaku Culture,Parody,Performing Arts,Pets,Psychological,Racing,Reincarnation,Reverse Harem,Romance,Samurai,School,Sci-Fi,Seinen,Shoujo,Shounen,Showbiz,Slice of Life,Space,Sports,Strategy Game,Super Power,Supernatural,Survival,Suspense,Team Sports,Time Travel,Urban Fantasy,Vampire,Video Game,Villainess,Visual Arts,Workplace,synopsis_svd_0,synopsis_svd_1,synopsis_svd_2,synopsis_svd_3,synopsis_svd_4,synopsis_svd_5,synopsis_svd_6,synopsis_svd_7,synopsis_svd_8,synopsis_svd_9,synopsis_svd_10,synopsis_svd_11,synopsis_svd_12,synopsis_svd_13,synopsis_svd_14,synopsis_svd_15,synopsis_svd_16,synopsis_svd_17,synopsis_svd_18,synopsis_svd_19,synopsis_svd_20,synopsis_svd_21,synopsis_svd_22,synopsis_svd_23,synopsis_svd_24,synopsis_svd_25,synopsis_svd_26,synopsis_svd_27,synopsis_svd_28,synopsis_svd_29,synopsis_svd_30,synopsis_svd_31,synopsis_svd_32,synopsis_svd_33,synopsis_svd_34,synopsis_svd_35,synopsis_svd_36,synopsis_svd_37,synopsis_svd_38,synopsis_svd_39,synopsis_svd_40,synopsis_svd_41,synopsis_svd_42,synopsis_svd_43,synopsis_svd_44,synopsis_svd_45,synopsis_svd_46,synopsis_svd_47,synopsis_svd_48,synopsis_svd_49",130,4859,15,False,100,42,0.12783040142102292
Moonshyla,bayesian_ridge,5,0.37678244358179436,0.19434171067843087,0.44,0.1657550828021496,0.8203333333333334,0.2912546873945429,2.2,1.18,35.29,7.28,100,144,108.0,4751.0,,complete_num_genres_synopsis_svd,"mean,popularity,watching,Action,Adult Cast,Adventure,Anthropomorphic,Avant Garde,Award Winning,Boys Love,CGDCT,Childcare,Combat Sports,Comedy,Crossdressing,Delinquents,Detective,Drama,Ecchi,Educational,Erotica,Fantasy,Gag Humor,Girls Love,Gore,Gourmet,Harem,High Stakes Game,Historical,Horror,Idols (Female),Idols (Male),Isekai,Iyashikei,Josei,Kids,Love Polygon,Love Status Quo,Magical Sex Shift,Mahou Shoujo,Martial Arts,Mecha,Medical,Military,Music,Mystery,Mythology,Organized Crime,Otaku Culture,Parody,Performing Arts,Pets,Psychological,Racing,Reincarnation,Reverse Harem,Romance,Samurai,School,Sci-Fi,Seinen,Shoujo,Shounen,Showbiz,Slice of Life,Space,Sports,Strategy Game,Super Power,Supernatural,Survival,Suspense,Team Sports,Time Travel,Urban Fantasy,Vampire,Video Game,Villainess,Visual Arts,Workplace,synopsis_svd_0,synopsis_svd_1,synopsis_svd_2,synopsis_svd_3,synopsis_svd_4,synopsis_svd_5,synopsis_svd_6,synopsis_svd_7,synopsis_svd_8,synopsis_svd_9,synopsis_svd_10,synopsis_svd_11,synopsis_svd_12,synopsis_svd_13,synopsis_svd_14,synopsis_svd_15,synopsis_svd_16,synopsis_svd_17,synopsis_svd_18,synopsis_svd_19,synopsis_svd_20,synopsis_svd_21,synopsis_svd_22,synopsis_svd_23,synopsis_svd_24,synopsis_svd_25,synopsis_svd_26,synopsis_svd_27,synopsis_svd_28,synopsis_svd_29,synopsis_svd_30,synopsis_svd_31,synopsis_svd_32,synopsis_svd_33,synopsis_svd_34,synopsis_svd_35,synopsis_svd_36,synopsis_svd_37,synopsis_svd_38,synopsis_svd_39,synopsis_svd_40,synopsis_svd_41,synopsis_svd_42,synopsis_svd_43,synopsis_svd_44,synopsis_svd_45,synopsis_svd_46,synopsis_svd_47,synopsis_svd_48,synopsis_svd_49",130,4859,15,False,100,42,0.12783040142102292
Edison-great,bayesian_ridge,5,0.37124868307010034,0.2058307329877322,0.42800000000000005,0.1990279407824972,0.6934999999999999,0.3211921448905529,2.14,1.57,90.2,39.17,100,459,344.0,4515.0,,complete_num_genres_synopsis_svd,"mean,popularity,watching,Action,Adult Cast,Adventure,Anthropomorphic,Avant Garde,Award Winning,Boys Love,CGDCT,Childcare,Combat Sports,Comedy,Crossdressing,Delinquents,Detective,Drama,Ecchi,Educational,Erotica,Fantasy,Gag Humor,Girls Love,Gore,Gourmet,Harem,High Stakes Game,Historical,Horror,Idols (Female),Idols (Male),Isekai,Iyashikei,Josei,Kids,Love Polygon,Love Status Quo,Magical Sex Shift,Mahou Shoujo,Martial Arts,Mecha,Medical,Military,Music,Mystery,Mythology,Organized Crime,Otaku Culture,Parody,Performing Arts,Pets,Psychological,Racing,Reincarnation,Reverse Harem,Romance,Samurai,School,Sci-Fi,Seinen,Shoujo,Shounen,Showbiz,Slice of Life,Space,Sports,Strategy Game,Super Power,Supernatural,Survival,Suspense,Team Sports,Time Travel,Urban Fantasy,Vampire,Video Game,Villainess,Visual Arts,Workplace,synopsis_svd_0,synopsis_svd_1,synopsis_svd_2,synopsis_svd_3,synopsis_svd_4,synopsis_svd_5,synopsis_svd_6,synopsis_svd_7,synopsis_svd_8,synopsis_svd_9,synopsis_svd_10,synopsis_svd_11,synopsis_svd_12,synopsis_svd_13,synopsis_svd_14,synopsis_svd_15,synopsis_svd_16,synopsis_svd_17,synopsis_svd_18,synopsis_svd_19,synopsis_svd_20,synopsis_svd_21,synopsis_svd_22,synopsis_svd_23,synopsis_svd_24,synopsis_svd_25,synopsis_svd_26,synopsis_svd_27,synopsis_svd_28,synopsis_svd_29,synopsis_svd_30,synopsis_svd_31,synopsis_svd_32,synopsis_svd_33,synopsis_svd_34,synopsis_svd_35,synopsis_svd_36,synopsis_svd_37,synopsis_svd_38,synopsis_svd_39,synopsis_svd_40,synopsis_svd_41,synopsis_svd_42,synopsis_svd_43,synopsis_svd_44,synopsis_svd_45,synopsis_svd_46,synopsis_svd_47,synopsis_svd_48,synopsis_svd_49",130,4859,15,False,100,42,0.12783040142102292
KSTTK,knn_all_available,5,0.3564126299902691,0.21034845069784952,0.32,0.192799681461659,0.69,0.3654709613211746,1.6,1.4,27.24,5.73,100,138,104.0,4755.0,104.0,complete_num_genres_synopsis_svd,"mean,popularity,watching,Action,Adult Cast,Adventure,Anthropomorphic,Avant Garde,Award Winning,Boys Love,CGDCT,Childcare,Combat Sports,Comedy,Crossdressing,Delinquents,Detective,Drama,Ecchi,Educational,Erotica,Fantasy,Gag Humor,Girls Love,Gore,Gourmet,Harem,High Stakes Game,Historical,Horror,Idols (Female),Idols (Male),Isekai,Iyashikei,Josei,Kids,Love Polygon,Love Status Quo,Magical Sex Shift,Mahou Shoujo,Martial Arts,Mecha,Medical,Military,Music,Mystery,Mythology,Organized Crime,Otaku Culture,Parody,Performing Arts,Pets,Psychological,Racing,Reincarnation,Reverse Harem,Romance,Samurai,School,Sci-Fi,Seinen,Shoujo,Shounen,Showbiz,Slice of Life,Space,Sports,Strategy Game,Super Power,Supernatural,Survival,Suspense,Team Sports,Time Travel,Urban Fantasy,Vampire,Video Game,Villainess,Visual Arts,Workplace,synopsis_svd_0,synopsis_svd_1,synopsis_svd_2,synopsis_svd_3,synopsis_svd_4,synopsis_svd_5,synopsis_svd_6,synopsis_svd_7,synopsis_svd_8,synopsis_svd_9,synopsis_svd_10,synopsis_svd_11,synopsis_svd_12,synopsis_svd_13,synopsis_svd_14,synopsis_svd_15,synopsis_svd_16,synopsis_svd_17,synopsis_svd_18,synopsis_svd_19,synopsis_svd_20,synopsis_svd_21,synopsis_svd_22,synopsis_svd_23,synopsis_svd_24,synopsis_svd_25,synopsis_svd_26,synopsis_svd_27,synopsis_svd_28,synopsis_svd_29,synopsis_svd_30,synopsis_svd_31,synopsis_svd_32,synopsis_svd_33,synopsis_svd_34,synopsis_svd_35,synopsis_svd_36,synopsis_svd_37,synopsis_svd_38,synopsis_svd_39,synopsis_svd_40,synopsis_svd_41,synopsis_svd_42,synopsis_svd_43,synopsis_svd_44,synopsis_svd_45,synopsis_svd_46,synopsis_svd_47,synopsis_svd_48,synopsis_svd_49",130,4859,15,False,100,42,0.12783040142102292
dareggon,knn_all_available,5,0.3386170231015126,0.19598481234417572,0.414,0.2313858118800587,0.7928333333333333,0.3507587974758922,2.07,1.17,32.02,12.67,100,145,109.0,4750.0,109.0,complete_num_genres_synopsis_svd,"mean,popularity,watching,Action,Adult Cast,Adventure,Anthropomorphic,Avant Garde,Award Winning,Boys Love,CGDCT,Childcare,Combat Sports,Comedy,Crossdressing,Delinquents,Detective,Drama,Ecchi,Educational,Erotica,Fantasy,Gag Humor,Girls Love,Gore,Gourmet,Harem,High Stakes Game,Historical,Horror,Idols (Female),Idols (Male),Isekai,Iyashikei,Josei,Kids,Love Polygon,Love Status Quo,Magical Sex Shift,Mahou Shoujo,Martial Arts,Mecha,Medical,Military,Music,Mystery,Mythology,Organized Crime,Otaku Culture,Parody,Performing Arts,Pets,Psychological,Racing,Reincarnation,Reverse Harem,Romance,Samurai,School,Sci-Fi,Seinen,Shoujo,Shounen,Showbiz,Slice of Life,Space,Sports,Strategy Game,Super Power,Supernatural,Survival,Suspense,Team Sports,Time Travel,Urban Fantasy,Vampire,Video Game,Villainess,Visual Arts,Workplace,synopsis_svd_0,synopsis_svd_1,synopsis_svd_2,synopsis_svd_3,synopsis_svd_4,synopsis_svd_5,synopsis_svd_6,synopsis_svd_7,synopsis_svd_8,synopsis_svd_9,synopsis_svd_10,synopsis_svd_11,synopsis_svd_12,synopsis_svd_13,synopsis_svd_14,synopsis_svd_15,synopsis_svd_16,synopsis_svd_17,synopsis_svd_18,synopsis_svd_19,synopsis_svd_20,synopsis_svd_21,synopsis_svd_22,synopsis_svd_23,synopsis_svd_24,synopsis_svd_25,synopsis_svd_26,synopsis_svd_27,synopsis_svd_28,synopsis_svd_29,synopsis_svd_30,synopsis_svd_31,synopsis_svd_32,synopsis_svd_33,synopsis_svd_34,synopsis_svd_35,synopsis_svd_36,synopsis_svd_37,synopsis_svd_38,synopsis_svd_39,synopsis_svd_40,synopsis_svd_41,synopsis_svd_42,synopsis_svd_43,synopsis_svd_44,synopsis_svd_45,synopsis_svd_46,synopsis_svd_47,synopsis_svd_48,synopsis_svd_49",130,4859,15,False,100,42,0.12783040142102292
HumanRat,knn_all_available,5,0.33283804787692006,0.20337226644753834,0.314,0.19541202262363133,0.7931666666666666,0.35997174568011725,1.57,1.12,34.29,9.94,100,161,121.0,4738.0,121.0,complete_num_genres_synopsis_svd,"mean,popularity,watching,Action,Adult Cast,Adventure,Anthropomorphic,Avant Garde,Award Winning,Boys Love,CGDCT,Childcare,Combat Sports,Comedy,Crossdressing,Delinquents,Detective,Drama,Ecchi,Educational,Erotica,Fantasy,Gag Humor,Girls Love,Gore,Gourmet,Harem,High Stakes Game,Historical,Horror,Idols (Female),Idols (Male),Isekai,Iyashikei,Josei,Kids,Love Polygon,Love Status Quo,Magical Sex Shift,Mahou Shoujo,Martial Arts,Mecha,Medical,Military,Music,Mystery,Mythology,Organized Crime,Otaku Culture,Parody,Performing Arts,Pets,Psychological,Racing,Reincarnation,Reverse Harem,Romance,Samurai,School,Sci-Fi,Seinen,Shoujo,Shounen,Showbiz,Slice of Life,Space,Sports,Strategy Game,Super Power,Supernatural,Survival,Suspense,Team Sports,Time Travel,Urban Fantasy,Vampire,Video Game,Villainess,Visual Arts,Workplace,synopsis_svd_0,synopsis_svd_1,synopsis_svd_2,synopsis_svd_3,synopsis_svd_4,synopsis_svd_5,synopsis_svd_6,synopsis_svd_7,synopsis_svd_8,synopsis_svd_9,synopsis_svd_10,synopsis_svd_11,synopsis_svd_12,synopsis_svd_13,synopsis_svd_14,synopsis_svd_15,synopsis_svd_16,synopsis_svd_17,synopsis_svd_18,synopsis_svd_19,synopsis_svd_20,synopsis_svd_21,synopsis_svd_22,synopsis_svd_23,synopsis_svd_24,synopsis_svd_25,synopsis_svd_26,synopsis_svd_27,synopsis_svd_28,synopsis_svd_29,synopsis_svd_30,synopsis_svd_31,synopsis_svd_32,synopsis_svd_33,synopsis_svd_34,synopsis_svd_35,synopsis_svd_36,synopsis_svd_37,synopsis_svd_38,synopsis_svd_39,synopsis_svd_40,synopsis_svd_41,synopsis_svd_42,synopsis_svd_43,synopsis_svd_44,synopsis_svd_45,synopsis_svd_46,synopsis_svd_47,synopsis_svd_48,synopsis_svd_49",130,4859,15,False,100,42,0.12783040142102292
pensa89,knn_all_available,5,0.3259261817260662,0.19808256037513425,0.32,0.1632993161855452,0.7195,0.36985949193044076,1.6,1.13,18.79,7.16,100,92,69.0,4790.0,69.0,complete_num_genres_synopsis_svd,"mean,popularity,watching,Action,Adult Cast,Adventure,Anthropomorphic,Avant Garde,Award Winning,Boys Love,CGDCT,Childcare,Combat Sports,Comedy,Crossdressing,Delinquents,Detective,Drama,Ecchi,Educational,Erotica,Fantasy,Gag Humor,Girls Love,Gore,Gourmet,Harem,High Stakes Game,Historical,Horror,Idols (Female),Idols (Male),Isekai,Iyashikei,Josei,Kids,Love Polygon,Love Status Quo,Magical Sex Shift,Mahou Shoujo,Martial Arts,Mecha,Medical,Military,Music,Mystery,Mythology,Organized Crime,Otaku Culture,Parody,Performing Arts,Pets,Psychological,Racing,Reincarnation,Reverse Harem,Romance,Samurai,School,Sci-Fi,Seinen,Shoujo,Shounen,Showbiz,Slice of Life,Space,Sports,Strategy Game,Super Power,Supernatural,Survival,Suspense,Team Sports,Time Travel,Urban Fantasy,Vampire,Video Game,Villainess,Visual Arts,Workplace,synopsis_svd_0,synopsis_svd_1,synopsis_svd_2,synopsis_svd_3,synopsis_svd_4,synopsis_svd_5,synopsis_svd_6,synopsis_svd_7,synopsis_svd_8,synopsis_svd_9,synopsis_svd_10,synopsis_svd_11,synopsis_svd_12,synopsis_svd_13,synopsis_svd_14,synopsis_svd_15,synopsis_svd_16,synopsis_svd_17,synopsis_svd_18,synopsis_svd_19,synopsis_svd_20,synopsis_svd_21,synopsis_svd_22,synopsis_svd_23,synopsis_svd_24,synopsis_svd_25,synopsis_svd_26,synopsis_svd_27,synopsis_svd_28,synopsis_svd_29,synopsis_svd_30,synopsis_svd_31,synopsis_svd_32,synopsis_svd_33,synopsis_svd_34,synopsis_svd_35,synopsis_svd_36,synopsis_svd_37,synopsis_svd_38,synopsis_svd_39,synopsis_svd_40,synopsis_svd_41,synopsis_svd_42,synopsis_svd_43,synopsis_svd_44,synopsis_svd_45,synopsis_svd_46,synopsis_svd_47,synopsis_svd_48,synopsis_svd_49",130,4859,15,False,100,42,0.12783040142102292
yorkie_pro,bayesian_ridge,5,0.32529757535442877,0.20248742473574935,0.33,0.20175993335414916,0.5578333333333333,0.3578716781852653,1.65,1.56,32.46,18.08,100,187,140.0,4719.0,,complete_num_genres_synopsis_svd,"mean,popularity,watching,Action,Adult Cast,Adventure,Anthropomorphic,Avant Garde,Award Winning,Boys Love,CGDCT,Childcare,Combat Sports,Comedy,Crossdressing,Delinquents,Detective,Drama,Ecchi,Educational,Erotica,Fantasy,Gag Humor,Girls Love,Gore,Gourmet,Harem,High Stakes Game,Historical,Horror,Idols (Female),Idols (Male),Isekai,Iyashikei,Josei,Kids,Love Polygon,Love Status Quo,Magical Sex Shift,Mahou Shoujo,Martial Arts,Mecha,Medical,Military,Music,Mystery,Mythology,Organized Crime,Otaku Culture,Parody,Performing Arts,Pets,Psychological,Racing,Reincarnation,Reverse Harem,Romance,Samurai,School,Sci-Fi,Seinen,Shoujo,Shounen,Showbiz,Slice of Life,Space,Sports,Strategy Game,Super Power,Supernatural,Survival,Suspense,Team Sports,Time Travel,Urban Fantasy,Vampire,Video Game,Villainess,Visual Arts,Workplace,synopsis_svd_0,synopsis_svd_1,synopsis_svd_2,synopsis_svd_3,synopsis_svd_4,synopsis_svd_5,synopsis_svd_6,synopsis_svd_7,synopsis_svd_8,synopsis_svd_9,synopsis_svd_10,synopsis_svd_11,synopsis_svd_12,synopsis_svd_13,synopsis_svd_14,synopsis_svd_15,synopsis_svd_16,synopsis_svd_17,synopsis_svd_18,synopsis_svd_19,synopsis_svd_20,synopsis_svd_21,synopsis_svd_22,synopsis_svd_23,synopsis_svd_24,synopsis_svd_25,synopsis_svd_26,synopsis_svd_27,synopsis_svd_28,synopsis_svd_29,synopsis_svd_30,synopsis_svd_31,synopsis_svd_32,synopsis_svd_33,synopsis_svd_34,synopsis_svd_35,synopsis_svd_36,synopsis_svd_37,synopsis_svd_38,synopsis_svd_39,synopsis_svd_40,synopsis_svd_41,synopsis_svd_42,synopsis_svd_43,synopsis_svd_44,synopsis_svd_45,synopsis_svd_46,synopsis_svd_47,synopsis_svd_48,synopsis_svd_49",130,4859,15,False,100,42,0.12783040142102292
LocNguyen,knn_all_available,5,0.29839684214940243,0.1643091497751554,0.396,0.18197568935204367,0.8058333333333333,0.3033795336111871,1.98,1.0,60.88,33.29,100,572,421.0,4438.0,421.0,complete_num_genres_synopsis_svd,"mean,popularity,watching,Action,Adult Cast,Adventure,Anthropomorphic,Avant Garde,Award Winning,Boys Love,CGDCT,Childcare,Combat Sports,Comedy,Crossdressing,Delinquents,Detective,Drama,Ecchi,Educational,Erotica,Fantasy,Gag Humor,Girls Love,Gore,Gourmet,Harem,High Stakes Game,Historical,Horror,Idols (Female),Idols (Male),Isekai,Iyashikei,Josei,Kids,Love Polygon,Love Status Quo,Magical Sex Shift,Mahou Shoujo,Martial Arts,Mecha,Medical,Military,Music,Mystery,Mythology,Organized Crime,Otaku Culture,Parody,Performing Arts,Pets,Psychological,Racing,Reincarnation,Reverse Harem,Romance,Samurai,School,Sci-Fi,Seinen,Shoujo,Shounen,Showbiz,Slice of Life,Space,Sports,Strategy Game,Super Power,Supernatural,Survival,Suspense,Team Sports,Time Travel,Urban Fantasy,Vampire,Video Game,Villainess,Visual Arts,Workplace,synopsis_svd_0,synopsis_svd_1,synopsis_svd_2,synopsis_svd_3,synopsis_svd_4,synopsis_svd_5,synopsis_svd_6,synopsis_svd_7,synopsis_svd_8,synopsis_svd_9,synopsis_svd_10,synopsis_svd_11,synopsis_svd_12,synopsis_svd_13,synopsis_svd_14,synopsis_svd_15,synopsis_svd_16,synopsis_svd_17,synopsis_svd_18,synopsis_svd_19,synopsis_svd_20,synopsis_svd_21,synopsis_svd_22,synopsis_svd_23,synopsis_svd_24,synopsis_svd_25,synopsis_svd_26,synopsis_svd_27,synopsis_svd_28,synopsis_svd_29,synopsis_svd_30,synopsis_svd_31,synopsis_svd_32,synopsis_svd_33,synopsis_svd_34,synopsis_svd_35,synopsis_svd_36,synopsis_svd_37,synopsis_svd_38,synopsis_svd_39,synopsis_svd_40,synopsis_svd_41,synopsis_svd_42,synopsis_svd_43,synopsis_svd_44,synopsis_svd_45,synopsis_svd_46,synopsis_svd_47,synopsis_svd_48,synopsis_svd_49",130,4859,15,False,100,42,0.12783040142102292
Haileytokar,knn_all_available,5,0.29459139773908005,0.18858014215789828,0.322,0.17266771966450883,0.5816666666666667,0.36579710173927416,1.61,1.3,41.49,16.4,100,198,148.0,4711.0,148.0,complete_num_genres_synopsis_svd,"mean,popularity,watching,Action,Adult Cast,Adventure,Anthropomorphic,Avant Garde,Award Winning,Boys Love,CGDCT,Childcare,Combat Sports,Comedy,Crossdressing,Delinquents,Detective,Drama,Ecchi,Educational,Erotica,Fantasy,Gag Humor,Girls Love,Gore,Gourmet,Harem,High Stakes Game,Historical,Horror,Idols (Female),Idols (Male),Isekai,Iyashikei,Josei,Kids,Love Polygon,Love Status Quo,Magical Sex Shift,Mahou Shoujo,Martial Arts,Mecha,Medical,Military,Music,Mystery,Mythology,Organized Crime,Otaku Culture,Parody,Performing Arts,Pets,Psychological,Racing,Reincarnation,Reverse Harem,Romance,Samurai,School,Sci-Fi,Seinen,Shoujo,Shounen,Showbiz,Slice of Life,Space,Sports,Strategy Game,Super Power,Supernatural,Survival,Suspense,Team Sports,Time Travel,Urban Fantasy,Vampire,Video Game,Villainess,Visual Arts,Workplace,synopsis_svd_0,synopsis_svd_1,synopsis_svd_2,synopsis_svd_3,synopsis_svd_4,synopsis_svd_5,synopsis_svd_6,synopsis_svd_7,synopsis_svd_8,synopsis_svd_9,synopsis_svd_10,synopsis_svd_11,synopsis_svd_12,synopsis_svd_13,synopsis_svd_14,synopsis_svd_15,synopsis_svd_16,synopsis_svd_17,synopsis_svd_18,synopsis_svd_19,synopsis_svd_20,synopsis_svd_21,synopsis_svd_22,synopsis_svd_23,synopsis_svd_24,synopsis_svd_25,synopsis_svd_26,synopsis_svd_27,synopsis_svd_28,synopsis_svd_29,synopsis_svd_30,synopsis_svd_31,synopsis_svd_32,synopsis_svd_33,synopsis_svd_34,synopsis_svd_35,synopsis_svd_36,synopsis_svd_37,synopsis_svd_38,synopsis_svd_39,synopsis_svd_40,synopsis_svd_41,synopsis_svd_42,synopsis_svd_43,synopsis_svd_44,synopsis_svd_45,synopsis_svd_46,synopsis_svd_47,synopsis_svd_48,synopsis_svd_49",130,4859,15,False,100,42,0.12783040142102292
LocNguyen,global_mean,5,0.2882631261268447,0.15982866276372296,0.316,0.15616618964384957,0.465,0.34209445995020066,1.58,1.58,60.88,33.29,100,572,421.0,4438.0,,complete_num_genres_synopsis_svd,"mean,popularity,watching,Action,Adult Cast,Adventure,Anthropomorphic,Avant Garde,Award Winning,Boys Love,CGDCT,Childcare,Combat Sports,Comedy,Crossdressing,Delinquents,Detective,Drama,Ecchi,Educational,Erotica,Fantasy,Gag Humor,Girls Love,Gore,Gourmet,Harem,High Stakes Game,Historical,Horror,Idols (Female),Idols (Male),Isekai,Iyashikei,Josei,Kids,Love Polygon,Love Status Quo,Magical Sex Shift,Mahou Shoujo,Martial Arts,Mecha,Medical,Military,Music,Mystery,Mythology,Organized Crime,Otaku Culture,Parody,Performing Arts,Pets,Psychological,Racing,Reincarnation,Reverse Harem,Romance,Samurai,School,Sci-Fi,Seinen,Shoujo,Shounen,Showbiz,Slice of Life,Space,Sports,Strategy Game,Super Power,Supernatural,Survival,Suspense,Team Sports,Time Travel,Urban Fantasy,Vampire,Video Game,Villainess,Visual Arts,Workplace,synopsis_svd_0,synopsis_svd_1,synopsis_svd_2,synopsis_svd_3,synopsis_svd_4,synopsis_svd_5,synopsis_svd_6,synopsis_svd_7,synopsis_svd_8,synopsis_svd_9,synopsis_svd_10,synopsis_svd_11,synopsis_svd_12,synopsis_svd_13,synopsis_svd_14,synopsis_svd_15,synopsis_svd_16,synopsis_svd_17,synopsis_svd_18,synopsis_svd_19,synopsis_svd_20,synopsis_svd_21,synopsis_svd_22,synopsis_svd_23,synopsis_svd_24,synopsis_svd_25,synopsis_svd_26,synopsis_svd_27,synopsis_svd_28,synopsis_svd_29,synopsis_svd_30,synopsis_svd_31,synopsis_svd_32,synopsis_svd_33,synopsis_svd_34,synopsis_svd_35,synopsis_svd_36,synopsis_svd_37,synopsis_svd_38,synopsis_svd_39,synopsis_svd_40,synopsis_svd_41,synopsis_svd_42,synopsis_svd_43,synopsis_svd_44,synopsis_svd_45,synopsis_svd_46,synopsis_svd_47,synopsis_svd_48,synopsis_svd_49",130,4859,15,False,100,42,0.12783040142102292
Siipn,global_mean,5,0.28316445589411654,0.18266546694718783,0.26,0.17407765595569785,0.5516666666666666,0.36522136331268684,1.3,1.3,87.15,16.15,100,448,336.0,4523.0,,complete_num_genres_synopsis_svd,"mean,popularity,watching,Action,Adult Cast,Adventure,Anthropomorphic,Avant Garde,Award Winning,Boys Love,CGDCT,Childcare,Combat Sports,Comedy,Crossdressing,Delinquents,Detective,Drama,Ecchi,Educational,Erotica,Fantasy,Gag Humor,Girls Love,Gore,Gourmet,Harem,High Stakes Game,Historical,Horror,Idols (Female),Idols (Male),Isekai,Iyashikei,Josei,Kids,Love Polygon,Love Status Quo,Magical Sex Shift,Mahou Shoujo,Martial Arts,Mecha,Medical,Military,Music,Mystery,Mythology,Organized Crime,Otaku Culture,Parody,Performing Arts,Pets,Psychological,Racing,Reincarnation,Reverse Harem,Romance,Samurai,School,Sci-Fi,Seinen,Shoujo,Shounen,Showbiz,Slice of Life,Space,Sports,Strategy Game,Super Power,Supernatural,Survival,Suspense,Team Sports,Time Travel,Urban Fantasy,Vampire,Video Game,Villainess,Visual Arts,Workplace,synopsis_svd_0,synopsis_svd_1,synopsis_svd_2,synopsis_svd_3,synopsis_svd_4,synopsis_svd_5,synopsis_svd_6,synopsis_svd_7,synopsis_svd_8,synopsis_svd_9,synopsis_svd_10,synopsis_svd_11,synopsis_svd_12,synopsis_svd_13,synopsis_svd_14,synopsis_svd_15,synopsis_svd_16,synopsis_svd_17,synopsis_svd_18,synopsis_svd_19,synopsis_svd_20,synopsis_svd_21,synopsis_svd_22,synopsis_svd_23,synopsis_svd_24,synopsis_svd_25,synopsis_svd_26,synopsis_svd_27,synopsis_svd_28,synopsis_svd_29,synopsis_svd_30,synopsis_svd_31,synopsis_svd_32,synopsis_svd_33,synopsis_svd_34,synopsis_svd_35,synopsis_svd_36,synopsis_svd_37,synopsis_svd_38,synopsis_svd_39,synopsis_svd_40,synopsis_svd_41,synopsis_svd_42,synopsis_svd_43,synopsis_svd_44,synopsis_svd_45,synopsis_svd_46,synopsis_svd_47,synopsis_svd_48,synopsis_svd_49",130,4859,15,False,100,42,0.12783040142102292
Ebelha,bayesian_ridge,5,0.2652835366299129,0.18868141088935475,0.31,0.18504708655481245,0.4965,0.34730237458724544,1.55,1.26,48.0,17.9,100,191,143.0,4716.0,,complete_num_genres_synopsis_svd,"mean,popularity,watching,Action,Adult Cast,Adventure,Anthropomorphic,Avant Garde,Award Winning,Boys Love,CGDCT,Childcare,Combat Sports,Comedy,Crossdressing,Delinquents,Detective,Drama,Ecchi,Educational,Erotica,Fantasy,Gag Humor,Girls Love,Gore,Gourmet,Harem,High Stakes Game,Historical,Horror,Idols (Female),Idols (Male),Isekai,Iyashikei,Josei,Kids,Love Polygon,Love Status Quo,Magical Sex Shift,Mahou Shoujo,Martial Arts,Mecha,Medical,Military,Music,Mystery,Mythology,Organized Crime,Otaku Culture,Parody,Performing Arts,Pets,Psychological,Racing,Reincarnation,Reverse Harem,Romance,Samurai,School,Sci-Fi,Seinen,Shoujo,Shounen,Showbiz,Slice of Life,Space,Sports,Strategy Game,Super Power,Supernatural,Survival,Suspense,Team Sports,Time Travel,Urban Fantasy,Vampire,Video Game,Villainess,Visual Arts,Workplace,synopsis_svd_0,synopsis_svd_1,synopsis_svd_2,synopsis_svd_3,synopsis_svd_4,synopsis_svd_5,synopsis_svd_6,synopsis_svd_7,synopsis_svd_8,synopsis_svd_9,synopsis_svd_10,synopsis_svd_11,synopsis_svd_12,synopsis_svd_13,synopsis_svd_14,synopsis_svd_15,synopsis_svd_16,synopsis_svd_17,synopsis_svd_18,synopsis_svd_19,synopsis_svd_20,synopsis_svd_21,synopsis_svd_22,synopsis_svd_23,synopsis_svd_24,synopsis_svd_25,synopsis_svd_26,synopsis_svd_27,synopsis_svd_28,synopsis_svd_29,synopsis_svd_30,synopsis_svd_31,synopsis_svd_32,synopsis_svd_33,synopsis_svd_34,synopsis_svd_35,synopsis_svd_36,synopsis_svd_37,synopsis_svd_38,synopsis_svd_39,synopsis_svd_40,synopsis_svd_41,synopsis_svd_42,synopsis_svd_43,synopsis_svd_44,synopsis_svd_45,synopsis_svd_46,synopsis_svd_47,synopsis_svd_48,synopsis_svd_49",130,4859,15,False,100,42,0.12783040142102292
Siipn,knn_all_available,5,0.2637790278289725,0.24931332944588877,0.342,0.28468660777504906,0.5635,0.39509971890497203,1.71,1.0,87.15,16.15,100,448,336.0,4523.0,336.0,complete_num_genres_synopsis_svd,"mean,popularity,watching,Action,Adult Cast,Adventure,Anthropomorphic,Avant Garde,Award Winning,Boys Love,CGDCT,Childcare,Combat Sports,Comedy,Crossdressing,Delinquents,Detective,Drama,Ecchi,Educational,Erotica,Fantasy,Gag Humor,Girls Love,Gore,Gourmet,Harem,High Stakes Game,Historical,Horror,Idols (Female),Idols (Male),Isekai,Iyashikei,Josei,Kids,Love Polygon,Love Status Quo,Magical Sex Shift,Mahou Shoujo,Martial Arts,Mecha,Medical,Military,Music,Mystery,Mythology,Organized Crime,Otaku Culture,Parody,Performing Arts,Pets,Psychological,Racing,Reincarnation,Reverse Harem,Romance,Samurai,School,Sci-Fi,Seinen,Shoujo,Shounen,Showbiz,Slice of Life,Space,Sports,Strategy Game,Super Power,Supernatural,Survival,Suspense,Team Sports,Time Travel,Urban Fantasy,Vampire,Video Game,Villainess,Visual Arts,Workplace,synopsis_svd_0,synopsis_svd_1,synopsis_svd_2,synopsis_svd_3,synopsis_svd_4,synopsis_svd_5,synopsis_svd_6,synopsis_svd_7,synopsis_svd_8,synopsis_svd_9,synopsis_svd_10,synopsis_svd_11,synopsis_svd_12,synopsis_svd_13,synopsis_svd_14,synopsis_svd_15,synopsis_svd_16,synopsis_svd_17,synopsis_svd_18,synopsis_svd_19,synopsis_svd_20,synopsis_svd_21,synopsis_svd_22,synopsis_svd_23,synopsis_svd_24,synopsis_svd_25,synopsis_svd_26,synopsis_svd_27,synopsis_svd_28,synopsis_svd_29,synopsis_svd_30,synopsis_svd_31,synopsis_svd_32,synopsis_svd_33,synopsis_svd_34,synopsis_svd_35,synopsis_svd_36,synopsis_svd_37,synopsis_svd_38,synopsis_svd_39,synopsis_svd_40,synopsis_svd_41,synopsis_svd_42,synopsis_svd_43,synopsis_svd_44,synopsis_svd_45,synopsis_svd_46,synopsis_svd_47,synopsis_svd_48,synopsis_svd_49",130,4859,15,False,100,42,0.12783040142102292
MarnikBe,knn_all_available,5,0.23613731366809085,0.186336856203979,0.212,0.1552319867068952,0.5101666666666667,0.41986914080273713,1.06,1.05,32.63,17.87,100,163,122.0,4737.0,122.0,complete_num_genres_synopsis_svd,"mean,popularity,watching,Action,Adult Cast,Adventure,Anthropomorphic,Avant Garde,Award Winning,Boys Love,CGDCT,Childcare,Combat Sports,Comedy,Crossdressing,Delinquents,Detective,Drama,Ecchi,Educational,Erotica,Fantasy,Gag Humor,Girls Love,Gore,Gourmet,Harem,High Stakes Game,Historical,Horror,Idols (Female),Idols (Male),Isekai,Iyashikei,Josei,Kids,Love Polygon,Love Status Quo,Magical Sex Shift,Mahou Shoujo,Martial Arts,Mecha,Medical,Military,Music,Mystery,Mythology,Organized Crime,Otaku Culture,Parody,Performing Arts,Pets,Psychological,Racing,Reincarnation,Reverse Harem,Romance,Samurai,School,Sci-Fi,Seinen,Shoujo,Shounen,Showbiz,Slice of Life,Space,Sports,Strategy Game,Super Power,Supernatural,Survival,Suspense,Team Sports,Time Travel,Urban Fantasy,Vampire,Video Game,Villainess,Visual Arts,Workplace,synopsis_svd_0,synopsis_svd_1,synopsis_svd_2,synopsis_svd_3,synopsis_svd_4,synopsis_svd_5,synopsis_svd_6,synopsis_svd_7,synopsis_svd_8,synopsis_svd_9,synopsis_svd_10,synopsis_svd_11,synopsis_svd_12,synopsis_svd_13,synopsis_svd_14,synopsis_svd_15,synopsis_svd_16,synopsis_svd_17,synopsis_svd_18,synopsis_svd_19,synopsis_svd_20,synopsis_svd_21,synopsis_svd_22,synopsis_svd_23,synopsis_svd_24,synopsis_svd_25,synopsis_svd_26,synopsis_svd_27,synopsis_svd_28,synopsis_svd_29,synopsis_svd_30,synopsis_svd_31,synopsis_svd_32,synopsis_svd_33,synopsis_svd_34,synopsis_svd_35,synopsis_svd_36,synopsis_svd_37,synopsis_svd_38,synopsis_svd_39,synopsis_svd_40,synopsis_svd_41,synopsis_svd_42,synopsis_svd_43,synopsis_svd_44,synopsis_svd_45,synopsis_svd_46,synopsis_svd_47,synopsis_svd_48,synopsis_svd_49",130,4859,15,False,100,42,0.12783040142102292
IM_C4,global_mean,5,0.21975875681086937,0.1858200124335857,0.20400000000000001,0.16812693617224658,0.4475,0.38810436740650056,1.02,1.02,41.06,26.91,100,228,171.0,4688.0,,complete_num_genres_synopsis_svd,"mean,popularity,watching,Action,Adult Cast,Adventure,Anthropomorphic,Avant Garde,Award Winning,Boys Love,CGDCT,Childcare,Combat Sports,Comedy,Crossdressing,Delinquents,Detective,Drama,Ecchi,Educational,Erotica,Fantasy,Gag Humor,Girls Love,Gore,Gourmet,Harem,High Stakes Game,Historical,Horror,Idols (Female),Idols (Male),Isekai,Iyashikei,Josei,Kids,Love Polygon,Love Status Quo,Magical Sex Shift,Mahou Shoujo,Martial Arts,Mecha,Medical,Military,Music,Mystery,Mythology,Organized Crime,Otaku Culture,Parody,Performing Arts,Pets,Psychological,Racing,Reincarnation,Reverse Harem,Romance,Samurai,School,Sci-Fi,Seinen,Shoujo,Shounen,Showbiz,Slice of Life,Space,Sports,Strategy Game,Super Power,Supernatural,Survival,Suspense,Team Sports,Time Travel,Urban Fantasy,Vampire,Video Game,Villainess,Visual Arts,Workplace,synopsis_svd_0,synopsis_svd_1,synopsis_svd_2,synopsis_svd_3,synopsis_svd_4,synopsis_svd_5,synopsis_svd_6,synopsis_svd_7,synopsis_svd_8,synopsis_svd_9,synopsis_svd_10,synopsis_svd_11,synopsis_svd_12,synopsis_svd_13,synopsis_svd_14,synopsis_svd_15,synopsis_svd_16,synopsis_svd_17,synopsis_svd_18,synopsis_svd_19,synopsis_svd_20,synopsis_svd_21,synopsis_svd_22,synopsis_svd_23,synopsis_svd_24,synopsis_svd_25,synopsis_svd_26,synopsis_svd_27,synopsis_svd_28,synopsis_svd_29,synopsis_svd_30,synopsis_svd_31,synopsis_svd_32,synopsis_svd_33,synopsis_svd_34,synopsis_svd_35,synopsis_svd_36,synopsis_svd_37,synopsis_svd_38,synopsis_svd_39,synopsis_svd_40,synopsis_svd_41,synopsis_svd_42,synopsis_svd_43,synopsis_svd_44,synopsis_svd_45,synopsis_svd_46,synopsis_svd_47,synopsis_svd_48,synopsis_svd_49",130,4859,15,False,100,42,0.12783040142102292
DanteNani2004,global_mean,5,0.21600027678682082,0.07461300873817905,0.32,0.1137070487229922,0.41,0.3278334142132974,1.6,1.37,17.19,8.18,100,75,56.0,4803.0,,complete_num_genres_synopsis_svd,"mean,popularity,watching,Action,Adult Cast,Adventure,Anthropomorphic,Avant Garde,Award Winning,Boys Love,CGDCT,Childcare,Combat Sports,Comedy,Crossdressing,Delinquents,Detective,Drama,Ecchi,Educational,Erotica,Fantasy,Gag Humor,Girls Love,Gore,Gourmet,Harem,High Stakes Game,Historical,Horror,Idols (Female),Idols (Male),Isekai,Iyashikei,Josei,Kids,Love Polygon,Love Status Quo,Magical Sex Shift,Mahou Shoujo,Martial Arts,Mecha,Medical,Military,Music,Mystery,Mythology,Organized Crime,Otaku Culture,Parody,Performing Arts,Pets,Psychological,Racing,Reincarnation,Reverse Harem,Romance,Samurai,School,Sci-Fi,Seinen,Shoujo,Shounen,Showbiz,Slice of Life,Space,Sports,Strategy Game,Super Power,Supernatural,Survival,Suspense,Team Sports,Time Travel,Urban Fantasy,Vampire,Video Game,Villainess,Visual Arts,Workplace,synopsis_svd_0,synopsis_svd_1,synopsis_svd_2,synopsis_svd_3,synopsis_svd_4,synopsis_svd_5,synopsis_svd_6,synopsis_svd_7,synopsis_svd_8,synopsis_svd_9,synopsis_svd_10,synopsis_svd_11,synopsis_svd_12,synopsis_svd_13,synopsis_svd_14,synopsis_svd_15,synopsis_svd_16,synopsis_svd_17,synopsis_svd_18,synopsis_svd_19,synopsis_svd_20,synopsis_svd_21,synopsis_svd_22,synopsis_svd_23,synopsis_svd_24,synopsis_svd_25,synopsis_svd_26,synopsis_svd_27,synopsis_svd_28,synopsis_svd_29,synopsis_svd_30,synopsis_svd_31,synopsis_svd_32,synopsis_svd_33,synopsis_svd_34,synopsis_svd_35,synopsis_svd_36,synopsis_svd_37,synopsis_svd_38,synopsis_svd_39,synopsis_svd_40,synopsis_svd_41,synopsis_svd_42,synopsis_svd_43,synopsis_svd_44,synopsis_svd_45,synopsis_svd_46,synopsis_svd_47,synopsis_svd_48,synopsis_svd_49",130,4859,15,False,100,42,0.12783040142102292
DaiShi57,global_mean,5,0.20736547451710963,0.1792497985171407,0.196,0.1530300030000059,0.43,0.4052683360964982,0.98,0.98,15.44,15.44,100,190,142.0,4717.0,,complete_num_genres_synopsis_svd,"mean,popularity,watching,Action,Adult Cast,Adventure,Anthropomorphic,Avant Garde,Award Winning,Boys Love,CGDCT,Childcare,Combat Sports,Comedy,Crossdressing,Delinquents,Detective,Drama,Ecchi,Educational,Erotica,Fantasy,Gag Humor,Girls Love,Gore,Gourmet,Harem,High Stakes Game,Historical,Horror,Idols (Female),Idols (Male),Isekai,Iyashikei,Josei,Kids,Love Polygon,Love Status Quo,Magical Sex Shift,Mahou Shoujo,Martial Arts,Mecha,Medical,Military,Music,Mystery,Mythology,Organized Crime,Otaku Culture,Parody,Performing Arts,Pets,Psychological,Racing,Reincarnation,Reverse Harem,Romance,Samurai,School,Sci-Fi,Seinen,Shoujo,Shounen,Showbiz,Slice of Life,Space,Sports,Strategy Game,Super Power,Supernatural,Survival,Suspense,Team Sports,Time Travel,Urban Fantasy,Vampire,Video Game,Villainess,Visual Arts,Workplace,synopsis_svd_0,synopsis_svd_1,synopsis_svd_2,synopsis_svd_3,synopsis_svd_4,synopsis_svd_5,synopsis_svd_6,synopsis_svd_7,synopsis_svd_8,synopsis_svd_9,synopsis_svd_10,synopsis_svd_11,synopsis_svd_12,synopsis_svd_13,synopsis_svd_14,synopsis_svd_15,synopsis_svd_16,synopsis_svd_17,synopsis_svd_18,synopsis_svd_19,synopsis_svd_20,synopsis_svd_21,synopsis_svd_22,synopsis_svd_23,synopsis_svd_24,synopsis_svd_25,synopsis_svd_26,synopsis_svd_27,synopsis_svd_28,synopsis_svd_29,synopsis_svd_30,synopsis_svd_31,synopsis_svd_32,synopsis_svd_33,synopsis_svd_34,synopsis_svd_35,synopsis_svd_36,synopsis_svd_37,synopsis_svd_38,synopsis_svd_39,synopsis_svd_40,synopsis_svd_41,synopsis_svd_42,synopsis_svd_43,synopsis_svd_44,synopsis_svd_45,synopsis_svd_46,synopsis_svd_47,synopsis_svd_48,synopsis_svd_49",130,4859,15,False,100,42,0.12783040142102292
Kutu_Mastor,knn_all_available,5,0.20023846487443414,0.15696248793452397,0.276,0.17929153506357892,0.33116666666666666,0.26254875021637325,1.38,1.13,41.19,21.31,100,237,178.0,4681.0,178.0,complete_num_genres_synopsis_svd,"mean,popularity,watching,Action,Adult Cast,Adventure,Anthropomorphic,Avant Garde,Award Winning,Boys Love,CGDCT,Childcare,Combat Sports,Comedy,Crossdressing,Delinquents,Detective,Drama,Ecchi,Educational,Erotica,Fantasy,Gag Humor,Girls Love,Gore,Gourmet,Harem,High Stakes Game,Historical,Horror,Idols (Female),Idols (Male),Isekai,Iyashikei,Josei,Kids,Love Polygon,Love Status Quo,Magical Sex Shift,Mahou Shoujo,Martial Arts,Mecha,Medical,Military,Music,Mystery,Mythology,Organized Crime,Otaku Culture,Parody,Performing Arts,Pets,Psychological,Racing,Reincarnation,Reverse Harem,Romance,Samurai,School,Sci-Fi,Seinen,Shoujo,Shounen,Showbiz,Slice of Life,Space,Sports,Strategy Game,Super Power,Supernatural,Survival,Suspense,Team Sports,Time Travel,Urban Fantasy,Vampire,Video Game,Villainess,Visual Arts,Workplace,synopsis_svd_0,synopsis_svd_1,synopsis_svd_2,synopsis_svd_3,synopsis_svd_4,synopsis_svd_5,synopsis_svd_6,synopsis_svd_7,synopsis_svd_8,synopsis_svd_9,synopsis_svd_10,synopsis_svd_11,synopsis_svd_12,synopsis_svd_13,synopsis_svd_14,synopsis_svd_15,synopsis_svd_16,synopsis_svd_17,synopsis_svd_18,synopsis_svd_19,synopsis_svd_20,synopsis_svd_21,synopsis_svd_22,synopsis_svd_23,synopsis_svd_24,synopsis_svd_25,synopsis_svd_26,synopsis_svd_27,synopsis_svd_28,synopsis_svd_29,synopsis_svd_30,synopsis_svd_31,synopsis_svd_32,synopsis_svd_33,synopsis_svd_34,synopsis_svd_35,synopsis_svd_36,synopsis_svd_37,synopsis_svd_38,synopsis_svd_39,synopsis_svd_40,synopsis_svd_41,synopsis_svd_42,synopsis_svd_43,synopsis_svd_44,synopsis_svd_45,synopsis_svd_46,synopsis_svd_47,synopsis_svd_48,synopsis_svd_49",130,4859,15,False,100,42,0.12783040142102292
LoyJoy,bayesian_ridge,5,0.1965231988676434,0.14280400242579025,0.256,0.1659499742072711,0.461,0.32361437333076326,1.28,0.82,27.61,15.48,100,231,173.0,4686.0,,complete_num_genres_synopsis_svd,"mean,popularity,watching,Action,Adult Cast,Adventure,Anthropomorphic,Avant Garde,Award Winning,Boys Love,CGDCT,Childcare,Combat Sports,Comedy,Crossdressing,Delinquents,Detective,Drama,Ecchi,Educational,Erotica,Fantasy,Gag Humor,Girls Love,Gore,Gourmet,Harem,High Stakes Game,Historical,Horror,Idols (Female),Idols (Male),Isekai,Iyashikei,Josei,Kids,Love Polygon,Love Status Quo,Magical Sex Shift,Mahou Shoujo,Martial Arts,Mecha,Medical,Military,Music,Mystery,Mythology,Organized Crime,Otaku Culture,Parody,Performing Arts,Pets,Psychological,Racing,Reincarnation,Reverse Harem,Romance,Samurai,School,Sci-Fi,Seinen,Shoujo,Shounen,Showbiz,Slice of Life,Space,Sports,Strategy Game,Super Power,Supernatural,Survival,Suspense,Team Sports,Time Travel,Urban Fantasy,Vampire,Video Game,Villainess,Visual Arts,Workplace,synopsis_svd_0,synopsis_svd_1,synopsis_svd_2,synopsis_svd_3,synopsis_svd_4,synopsis_svd_5,synopsis_svd_6,synopsis_svd_7,synopsis_svd_8,synopsis_svd_9,synopsis_svd_10,synopsis_svd_11,synopsis_svd_12,synopsis_svd_13,synopsis_svd_14,synopsis_svd_15,synopsis_svd_16,synopsis_svd_17,synopsis_svd_18,synopsis_svd_19,synopsis_svd_20,synopsis_svd_21,synopsis_svd_22,synopsis_svd_23,synopsis_svd_24,synopsis_svd_25,synopsis_svd_26,synopsis_svd_27,synopsis_svd_28,synopsis_svd_29,synopsis_svd_30,synopsis_svd_31,synopsis_svd_32,synopsis_svd_33,synopsis_svd_34,synopsis_svd_35,synopsis_svd_36,synopsis_svd_37,synopsis_svd_38,synopsis_svd_39,synopsis_svd_40,synopsis_svd_41,synopsis_svd_42,synopsis_svd_43,synopsis_svd_44,synopsis_svd_45,synopsis_svd_46,synopsis_svd_47,synopsis_svd_48,synopsis_svd_49",130,4859,15,False,100,42,0.12783040142102292
Edison-great,global_mean,5,0.1945481783760879,0.16376116166786422,0.196,0.15036655549057779,0.38833333333333336,0.38475800256618514,0.98,0.98,90.2,39.17,100,459,344.0,4515.0,,complete_num_genres_synopsis_svd,"mean,popularity,watching,Action,Adult Cast,Adventure,Anthropomorphic,Avant Garde,Award Winning,Boys Love,CGDCT,Childcare,Combat Sports,Comedy,Crossdressing,Delinquents,Detective,Drama,Ecchi,Educational,Erotica,Fantasy,Gag Humor,Girls Love,Gore,Gourmet,Harem,High Stakes Game,Historical,Horror,Idols (Female),Idols (Male),Isekai,Iyashikei,Josei,Kids,Love Polygon,Love Status Quo,Magical Sex Shift,Mahou Shoujo,Martial Arts,Mecha,Medical,Military,Music,Mystery,Mythology,Organized Crime,Otaku Culture,Parody,Performing Arts,Pets,Psychological,Racing,Reincarnation,Reverse Harem,Romance,Samurai,School,Sci-Fi,Seinen,Shoujo,Shounen,Showbiz,Slice of Life,Space,Sports,Strategy Game,Super Power,Supernatural,Survival,Suspense,Team Sports,Time Travel,Urban Fantasy,Vampire,Video Game,Villainess,Visual Arts,Workplace,synopsis_svd_0,synopsis_svd_1,synopsis_svd_2,synopsis_svd_3,synopsis_svd_4,synopsis_svd_5,synopsis_svd_6,synopsis_svd_7,synopsis_svd_8,synopsis_svd_9,synopsis_svd_10,synopsis_svd_11,synopsis_svd_12,synopsis_svd_13,synopsis_svd_14,synopsis_svd_15,synopsis_svd_16,synopsis_svd_17,synopsis_svd_18,synopsis_svd_19,synopsis_svd_20,synopsis_svd_21,synopsis_svd_22,synopsis_svd_23,synopsis_svd_24,synopsis_svd_25,synopsis_svd_26,synopsis_svd_27,synopsis_svd_28,synopsis_svd_29,synopsis_svd_30,synopsis_svd_31,synopsis_svd_32,synopsis_svd_33,synopsis_svd_34,synopsis_svd_35,synopsis_svd_36,synopsis_svd_37,synopsis_svd_38,synopsis_svd_39,synopsis_svd_40,synopsis_svd_41,synopsis_svd_42,synopsis_svd_43,synopsis_svd_44,synopsis_svd_45,synopsis_svd_46,synopsis_svd_47,synopsis_svd_48,synopsis_svd_49",130,4859,15,False,100,42,0.12783040142102292
pensa89,global_mean,5,0.1926055705326615,0.17445197545858263,0.20400000000000001,0.16812693617224658,0.4675,0.39031035307453954,1.02,0.71,18.79,7.16,100,92,69.0,4790.0,,complete_num_genres_synopsis_svd,"mean,popularity,watching,Action,Adult Cast,Adventure,Anthropomorphic,Avant Garde,Award Winning,Boys Love,CGDCT,Childcare,Combat Sports,Comedy,Crossdressing,Delinquents,Detective,Drama,Ecchi,Educational,Erotica,Fantasy,Gag Humor,Girls Love,Gore,Gourmet,Harem,High Stakes Game,Historical,Horror,Idols (Female),Idols (Male),Isekai,Iyashikei,Josei,Kids,Love Polygon,Love Status Quo,Magical Sex Shift,Mahou Shoujo,Martial Arts,Mecha,Medical,Military,Music,Mystery,Mythology,Organized Crime,Otaku Culture,Parody,Performing Arts,Pets,Psychological,Racing,Reincarnation,Reverse Harem,Romance,Samurai,School,Sci-Fi,Seinen,Shoujo,Shounen,Showbiz,Slice of Life,Space,Sports,Strategy Game,Super Power,Supernatural,Survival,Suspense,Team Sports,Time Travel,Urban Fantasy,Vampire,Video Game,Villainess,Visual Arts,Workplace,synopsis_svd_0,synopsis_svd_1,synopsis_svd_2,synopsis_svd_3,synopsis_svd_4,synopsis_svd_5,synopsis_svd_6,synopsis_svd_7,synopsis_svd_8,synopsis_svd_9,synopsis_svd_10,synopsis_svd_11,synopsis_svd_12,synopsis_svd_13,synopsis_svd_14,synopsis_svd_15,synopsis_svd_16,synopsis_svd_17,synopsis_svd_18,synopsis_svd_19,synopsis_svd_20,synopsis_svd_21,synopsis_svd_22,synopsis_svd_23,synopsis_svd_24,synopsis_svd_25,synopsis_svd_26,synopsis_svd_27,synopsis_svd_28,synopsis_svd_29,synopsis_svd_30,synopsis_svd_31,synopsis_svd_32,synopsis_svd_33,synopsis_svd_34,synopsis_svd_35,synopsis_svd_36,synopsis_svd_37,synopsis_svd_38,synopsis_svd_39,synopsis_svd_40,synopsis_svd_41,synopsis_svd_42,synopsis_svd_43,synopsis_svd_44,synopsis_svd_45,synopsis_svd_46,synopsis_svd_47,synopsis_svd_48,synopsis_svd_49",130,4859,15,False,100,42,0.12783040142102292
TheRealist68,global_mean,5,0.18792045101218677,0.17856640180264316,0.166,0.1478601577931874,0.415,0.4085883557377087,0.83,0.83,23.96,11.67,100,149,112.0,4747.0,,complete_num_genres_synopsis_svd,"mean,popularity,watching,Action,Adult Cast,Adventure,Anthropomorphic,Avant Garde,Award Winning,Boys Love,CGDCT,Childcare,Combat Sports,Comedy,Crossdressing,Delinquents,Detective,Drama,Ecchi,Educational,Erotica,Fantasy,Gag Humor,Girls Love,Gore,Gourmet,Harem,High Stakes Game,Historical,Horror,Idols (Female),Idols (Male),Isekai,Iyashikei,Josei,Kids,Love Polygon,Love Status Quo,Magical Sex Shift,Mahou Shoujo,Martial Arts,Mecha,Medical,Military,Music,Mystery,Mythology,Organized Crime,Otaku Culture,Parody,Performing Arts,Pets,Psychological,Racing,Reincarnation,Reverse Harem,Romance,Samurai,School,Sci-Fi,Seinen,Shoujo,Shounen,Showbiz,Slice of Life,Space,Sports,Strategy Game,Super Power,Supernatural,Survival,Suspense,Team Sports,Time Travel,Urban Fantasy,Vampire,Video Game,Villainess,Visual Arts,Workplace,synopsis_svd_0,synopsis_svd_1,synopsis_svd_2,synopsis_svd_3,synopsis_svd_4,synopsis_svd_5,synopsis_svd_6,synopsis_svd_7,synopsis_svd_8,synopsis_svd_9,synopsis_svd_10,synopsis_svd_11,synopsis_svd_12,synopsis_svd_13,synopsis_svd_14,synopsis_svd_15,synopsis_svd_16,synopsis_svd_17,synopsis_svd_18,synopsis_svd_19,synopsis_svd_20,synopsis_svd_21,synopsis_svd_22,synopsis_svd_23,synopsis_svd_24,synopsis_svd_25,synopsis_svd_26,synopsis_svd_27,synopsis_svd_28,synopsis_svd_29,synopsis_svd_30,synopsis_svd_31,synopsis_svd_32,synopsis_svd_33,synopsis_svd_34,synopsis_svd_35,synopsis_svd_36,synopsis_svd_37,synopsis_svd_38,synopsis_svd_39,synopsis_svd_40,synopsis_svd_41,synopsis_svd_42,synopsis_svd_43,synopsis_svd_44,synopsis_svd_45,synopsis_svd_46,synopsis_svd_47,synopsis_svd_48,synopsis_svd_49",130,4859,15,False,100,42,0.12783040142102292
Opelo_Stradyon,bayesian_ridge,5,0.1770627948969921,0.17738639776513013,0.15200000000000002,0.14528272680215876,0.39916666666666667,0.4093970204022663,0.76,0.76,23.48,23.48,100,395,296.0,4563.0,,complete_num_genres_synopsis_svd,"mean,popularity,watching,Action,Adult Cast,Adventure,Anthropomorphic,Avant Garde,Award Winning,Boys Love,CGDCT,Childcare,Combat Sports,Comedy,Crossdressing,Delinquents,Detective,Drama,Ecchi,Educational,Erotica,Fantasy,Gag Humor,Girls Love,Gore,Gourmet,Harem,High Stakes Game,Historical,Horror,Idols (Female),Idols (Male),Isekai,Iyashikei,Josei,Kids,Love Polygon,Love Status Quo,Magical Sex Shift,Mahou Shoujo,Martial Arts,Mecha,Medical,Military,Music,Mystery,Mythology,Organized Crime,Otaku Culture,Parody,Performing Arts,Pets,Psychological,Racing,Reincarnation,Reverse Harem,Romance,Samurai,School,Sci-Fi,Seinen,Shoujo,Shounen,Showbiz,Slice of Life,Space,Sports,Strategy Game,Super Power,Supernatural,Survival,Suspense,Team Sports,Time Travel,Urban Fantasy,Vampire,Video Game,Villainess,Visual Arts,Workplace,synopsis_svd_0,synopsis_svd_1,synopsis_svd_2,synopsis_svd_3,synopsis_svd_4,synopsis_svd_5,synopsis_svd_6,synopsis_svd_7,synopsis_svd_8,synopsis_svd_9,synopsis_svd_10,synopsis_svd_11,synopsis_svd_12,synopsis_svd_13,synopsis_svd_14,synopsis_svd_15,synopsis_svd_16,synopsis_svd_17,synopsis_svd_18,synopsis_svd_19,synopsis_svd_20,synopsis_svd_21,synopsis_svd_22,synopsis_svd_23,synopsis_svd_24,synopsis_svd_25,synopsis_svd_26,synopsis_svd_27,synopsis_svd_28,synopsis_svd_29,synopsis_svd_30,synopsis_svd_31,synopsis_svd_32,synopsis_svd_33,synopsis_svd_34,synopsis_svd_35,synopsis_svd_36,synopsis_svd_37,synopsis_svd_38,synopsis_svd_39,synopsis_svd_40,synopsis_svd_41,synopsis_svd_42,synopsis_svd_43,synopsis_svd_44,synopsis_svd_45,synopsis_svd_46,synopsis_svd_47,synopsis_svd_48,synopsis_svd_49",130,4859,15,False,100,42,0.12783040142102292
alfalfy,knn_all_available,5,0.16663470771349398,0.15359037683321775,0.196,0.15036655549057776,0.3746666666666667,0.37452161780032867,0.98,0.77,35.49,19.37,100,161,121.0,4738.0,121.0,complete_num_genres_synopsis_svd,"mean,popularity,watching,Action,Adult Cast,Adventure,Anthropomorphic,Avant Garde,Award Winning,Boys Love,CGDCT,Childcare,Combat Sports,Comedy,Crossdressing,Delinquents,Detective,Drama,Ecchi,Educational,Erotica,Fantasy,Gag Humor,Girls Love,Gore,Gourmet,Harem,High Stakes Game,Historical,Horror,Idols (Female),Idols (Male),Isekai,Iyashikei,Josei,Kids,Love Polygon,Love Status Quo,Magical Sex Shift,Mahou Shoujo,Martial Arts,Mecha,Medical,Military,Music,Mystery,Mythology,Organized Crime,Otaku Culture,Parody,Performing Arts,Pets,Psychological,Racing,Reincarnation,Reverse Harem,Romance,Samurai,School,Sci-Fi,Seinen,Shoujo,Shounen,Showbiz,Slice of Life,Space,Sports,Strategy Game,Super Power,Supernatural,Survival,Suspense,Team Sports,Time Travel,Urban Fantasy,Vampire,Video Game,Villainess,Visual Arts,Workplace,synopsis_svd_0,synopsis_svd_1,synopsis_svd_2,synopsis_svd_3,synopsis_svd_4,synopsis_svd_5,synopsis_svd_6,synopsis_svd_7,synopsis_svd_8,synopsis_svd_9,synopsis_svd_10,synopsis_svd_11,synopsis_svd_12,synopsis_svd_13,synopsis_svd_14,synopsis_svd_15,synopsis_svd_16,synopsis_svd_17,synopsis_svd_18,synopsis_svd_19,synopsis_svd_20,synopsis_svd_21,synopsis_svd_22,synopsis_svd_23,synopsis_svd_24,synopsis_svd_25,synopsis_svd_26,synopsis_svd_27,synopsis_svd_28,synopsis_svd_29,synopsis_svd_30,synopsis_svd_31,synopsis_svd_32,synopsis_svd_33,synopsis_svd_34,synopsis_svd_35,synopsis_svd_36,synopsis_svd_37,synopsis_svd_38,synopsis_svd_39,synopsis_svd_40,synopsis_svd_41,synopsis_svd_42,synopsis_svd_43,synopsis_svd_44,synopsis_svd_45,synopsis_svd_46,synopsis_svd_47,synopsis_svd_48,synopsis_svd_49",130,4859,15,False,100,42,0.12783040142102292
Moonshyla,global_mean,5,0.15930931632546394,0.17641798161820585,0.16,0.14770978917519928,0.445,0.40135502810586365,0.8,0.52,35.29,7.28,100,144,108.0,4751.0,,complete_num_genres_synopsis_svd,"mean,popularity,watching,Action,Adult Cast,Adventure,Anthropomorphic,Avant Garde,Award Winning,Boys Love,CGDCT,Childcare,Combat Sports,Comedy,Crossdressing,Delinquents,Detective,Drama,Ecchi,Educational,Erotica,Fantasy,Gag Humor,Girls Love,Gore,Gourmet,Harem,High Stakes Game,Historical,Horror,Idols (Female),Idols (Male),Isekai,Iyashikei,Josei,Kids,Love Polygon,Love Status Quo,Magical Sex Shift,Mahou Shoujo,Martial Arts,Mecha,Medical,Military,Music,Mystery,Mythology,Organized Crime,Otaku Culture,Parody,Performing Arts,Pets,Psychological,Racing,Reincarnation,Reverse Harem,Romance,Samurai,School,Sci-Fi,Seinen,Shoujo,Shounen,Showbiz,Slice of Life,Space,Sports,Strategy Game,Super Power,Supernatural,Survival,Suspense,Team Sports,Time Travel,Urban Fantasy,Vampire,Video Game,Villainess,Visual Arts,Workplace,synopsis_svd_0,synopsis_svd_1,synopsis_svd_2,synopsis_svd_3,synopsis_svd_4,synopsis_svd_5,synopsis_svd_6,synopsis_svd_7,synopsis_svd_8,synopsis_svd_9,synopsis_svd_10,synopsis_svd_11,synopsis_svd_12,synopsis_svd_13,synopsis_svd_14,synopsis_svd_15,synopsis_svd_16,synopsis_svd_17,synopsis_svd_18,synopsis_svd_19,synopsis_svd_20,synopsis_svd_21,synopsis_svd_22,synopsis_svd_23,synopsis_svd_24,synopsis_svd_25,synopsis_svd_26,synopsis_svd_27,synopsis_svd_28,synopsis_svd_29,synopsis_svd_30,synopsis_svd_31,synopsis_svd_32,synopsis_svd_33,synopsis_svd_34,synopsis_svd_35,synopsis_svd_36,synopsis_svd_37,synopsis_svd_38,synopsis_svd_39,synopsis_svd_40,synopsis_svd_41,synopsis_svd_42,synopsis_svd_43,synopsis_svd_44,synopsis_svd_45,synopsis_svd_46,synopsis_svd_47,synopsis_svd_48,synopsis_svd_49",130,4859,15,False,100,42,0.12783040142102292
Captn_Cook,bayesian_ridge,5,0.158087900914871,0.12228000552269166,0.21,0.14034589305344744,0.30066666666666664,0.19013138584483416,1.05,0.88,16.53,8.52,100,79,59.0,4800.0,,complete_num_genres_synopsis_svd,"mean,popularity,watching,Action,Adult Cast,Adventure,Anthropomorphic,Avant Garde,Award Winning,Boys Love,CGDCT,Childcare,Combat Sports,Comedy,Crossdressing,Delinquents,Detective,Drama,Ecchi,Educational,Erotica,Fantasy,Gag Humor,Girls Love,Gore,Gourmet,Harem,High Stakes Game,Historical,Horror,Idols (Female),Idols (Male),Isekai,Iyashikei,Josei,Kids,Love Polygon,Love Status Quo,Magical Sex Shift,Mahou Shoujo,Martial Arts,Mecha,Medical,Military,Music,Mystery,Mythology,Organized Crime,Otaku Culture,Parody,Performing Arts,Pets,Psychological,Racing,Reincarnation,Reverse Harem,Romance,Samurai,School,Sci-Fi,Seinen,Shoujo,Shounen,Showbiz,Slice of Life,Space,Sports,Strategy Game,Super Power,Supernatural,Survival,Suspense,Team Sports,Time Travel,Urban Fantasy,Vampire,Video Game,Villainess,Visual Arts,Workplace,synopsis_svd_0,synopsis_svd_1,synopsis_svd_2,synopsis_svd_3,synopsis_svd_4,synopsis_svd_5,synopsis_svd_6,synopsis_svd_7,synopsis_svd_8,synopsis_svd_9,synopsis_svd_10,synopsis_svd_11,synopsis_svd_12,synopsis_svd_13,synopsis_svd_14,synopsis_svd_15,synopsis_svd_16,synopsis_svd_17,synopsis_svd_18,synopsis_svd_19,synopsis_svd_20,synopsis_svd_21,synopsis_svd_22,synopsis_svd_23,synopsis_svd_24,synopsis_svd_25,synopsis_svd_26,synopsis_svd_27,synopsis_svd_28,synopsis_svd_29,synopsis_svd_30,synopsis_svd_31,synopsis_svd_32,synopsis_svd_33,synopsis_svd_34,synopsis_svd_35,synopsis_svd_36,synopsis_svd_37,synopsis_svd_38,synopsis_svd_39,synopsis_svd_40,synopsis_svd_41,synopsis_svd_42,synopsis_svd_43,synopsis_svd_44,synopsis_svd_45,synopsis_svd_46,synopsis_svd_47,synopsis_svd_48,synopsis_svd_49",130,4859,15,False,100,42,0.12783040142102292
dareggon,global_mean,5,0.1549571474465382,0.15952275117217118,0.18600000000000003,0.156360112715759,0.4225,0.4169620165342682,0.93,0.5,32.02,12.67,100,145,109.0,4750.0,,complete_num_genres_synopsis_svd,"mean,popularity,watching,Action,Adult Cast,Adventure,Anthropomorphic,Avant Garde,Award Winning,Boys Love,CGDCT,Childcare,Combat Sports,Comedy,Crossdressing,Delinquents,Detective,Drama,Ecchi,Educational,Erotica,Fantasy,Gag Humor,Girls Love,Gore,Gourmet,Harem,High Stakes Game,Historical,Horror,Idols (Female),Idols (Male),Isekai,Iyashikei,Josei,Kids,Love Polygon,Love Status Quo,Magical Sex Shift,Mahou Shoujo,Martial Arts,Mecha,Medical,Military,Music,Mystery,Mythology,Organized Crime,Otaku Culture,Parody,Performing Arts,Pets,Psychological,Racing,Reincarnation,Reverse Harem,Romance,Samurai,School,Sci-Fi,Seinen,Shoujo,Shounen,Showbiz,Slice of Life,Space,Sports,Strategy Game,Super Power,Supernatural,Survival,Suspense,Team Sports,Time Travel,Urban Fantasy,Vampire,Video Game,Villainess,Visual Arts,Workplace,synopsis_svd_0,synopsis_svd_1,synopsis_svd_2,synopsis_svd_3,synopsis_svd_4,synopsis_svd_5,synopsis_svd_6,synopsis_svd_7,synopsis_svd_8,synopsis_svd_9,synopsis_svd_10,synopsis_svd_11,synopsis_svd_12,synopsis_svd_13,synopsis_svd_14,synopsis_svd_15,synopsis_svd_16,synopsis_svd_17,synopsis_svd_18,synopsis_svd_19,synopsis_svd_20,synopsis_svd_21,synopsis_svd_22,synopsis_svd_23,synopsis_svd_24,synopsis_svd_25,synopsis_svd_26,synopsis_svd_27,synopsis_svd_28,synopsis_svd_29,synopsis_svd_30,synopsis_svd_31,synopsis_svd_32,synopsis_svd_33,synopsis_svd_34,synopsis_svd_35,synopsis_svd_36,synopsis_svd_37,synopsis_svd_38,synopsis_svd_39,synopsis_svd_40,synopsis_svd_41,synopsis_svd_42,synopsis_svd_43,synopsis_svd_44,synopsis_svd_45,synopsis_svd_46,synopsis_svd_47,synopsis_svd_48,synopsis_svd_49",130,4859,15,False,100,42,0.12783040142102292
IM_C4,bayesian_ridge,5,0.15271260469120185,0.1346981063590865,0.158,0.13422429592350862,0.30266666666666664,0.2815573174468323,0.79,0.79,41.06,26.91,100,228,171.0,4688.0,,complete_num_genres_synopsis_svd,"mean,popularity,watching,Action,Adult Cast,Adventure,Anthropomorphic,Avant Garde,Award Winning,Boys Love,CGDCT,Childcare,Combat Sports,Comedy,Crossdressing,Delinquents,Detective,Drama,Ecchi,Educational,Erotica,Fantasy,Gag Humor,Girls Love,Gore,Gourmet,Harem,High Stakes Game,Historical,Horror,Idols (Female),Idols (Male),Isekai,Iyashikei,Josei,Kids,Love Polygon,Love Status Quo,Magical Sex Shift,Mahou Shoujo,Martial Arts,Mecha,Medical,Military,Music,Mystery,Mythology,Organized Crime,Otaku Culture,Parody,Performing Arts,Pets,Psychological,Racing,Reincarnation,Reverse Harem,Romance,Samurai,School,Sci-Fi,Seinen,Shoujo,Shounen,Showbiz,Slice of Life,Space,Sports,Strategy Game,Super Power,Supernatural,Survival,Suspense,Team Sports,Time Travel,Urban Fantasy,Vampire,Video Game,Villainess,Visual Arts,Workplace,synopsis_svd_0,synopsis_svd_1,synopsis_svd_2,synopsis_svd_3,synopsis_svd_4,synopsis_svd_5,synopsis_svd_6,synopsis_svd_7,synopsis_svd_8,synopsis_svd_9,synopsis_svd_10,synopsis_svd_11,synopsis_svd_12,synopsis_svd_13,synopsis_svd_14,synopsis_svd_15,synopsis_svd_16,synopsis_svd_17,synopsis_svd_18,synopsis_svd_19,synopsis_svd_20,synopsis_svd_21,synopsis_svd_22,synopsis_svd_23,synopsis_svd_24,synopsis_svd_25,synopsis_svd_26,synopsis_svd_27,synopsis_svd_28,synopsis_svd_29,synopsis_svd_30,synopsis_svd_31,synopsis_svd_32,synopsis_svd_33,synopsis_svd_34,synopsis_svd_35,synopsis_svd_36,synopsis_svd_37,synopsis_svd_38,synopsis_svd_39,synopsis_svd_40,synopsis_svd_41,synopsis_svd_42,synopsis_svd_43,synopsis_svd_44,synopsis_svd_45,synopsis_svd_46,synopsis_svd_47,synopsis_svd_48,synopsis_svd_49",130,4859,15,False,100,42,0.12783040142102292
Kutu_Mastor,global_mean,5,0.14920744883406067,0.11686351510463602,0.19400000000000003,0.15427903357883796,0.20916666666666664,0.1448203151538382,0.97,0.97,41.19,21.31,100,237,178.0,4681.0,,complete_num_genres_synopsis_svd,"mean,popularity,watching,Action,Adult Cast,Adventure,Anthropomorphic,Avant Garde,Award Winning,Boys Love,CGDCT,Childcare,Combat Sports,Comedy,Crossdressing,Delinquents,Detective,Drama,Ecchi,Educational,Erotica,Fantasy,Gag Humor,Girls Love,Gore,Gourmet,Harem,High Stakes Game,Historical,Horror,Idols (Female),Idols (Male),Isekai,Iyashikei,Josei,Kids,Love Polygon,Love Status Quo,Magical Sex Shift,Mahou Shoujo,Martial Arts,Mecha,Medical,Military,Music,Mystery,Mythology,Organized Crime,Otaku Culture,Parody,Performing Arts,Pets,Psychological,Racing,Reincarnation,Reverse Harem,Romance,Samurai,School,Sci-Fi,Seinen,Shoujo,Shounen,Showbiz,Slice of Life,Space,Sports,Strategy Game,Super Power,Supernatural,Survival,Suspense,Team Sports,Time Travel,Urban Fantasy,Vampire,Video Game,Villainess,Visual Arts,Workplace,synopsis_svd_0,synopsis_svd_1,synopsis_svd_2,synopsis_svd_3,synopsis_svd_4,synopsis_svd_5,synopsis_svd_6,synopsis_svd_7,synopsis_svd_8,synopsis_svd_9,synopsis_svd_10,synopsis_svd_11,synopsis_svd_12,synopsis_svd_13,synopsis_svd_14,synopsis_svd_15,synopsis_svd_16,synopsis_svd_17,synopsis_svd_18,synopsis_svd_19,synopsis_svd_20,synopsis_svd_21,synopsis_svd_22,synopsis_svd_23,synopsis_svd_24,synopsis_svd_25,synopsis_svd_26,synopsis_svd_27,synopsis_svd_28,synopsis_svd_29,synopsis_svd_30,synopsis_svd_31,synopsis_svd_32,synopsis_svd_33,synopsis_svd_34,synopsis_svd_35,synopsis_svd_36,synopsis_svd_37,synopsis_svd_38,synopsis_svd_39,synopsis_svd_40,synopsis_svd_41,synopsis_svd_42,synopsis_svd_43,synopsis_svd_44,synopsis_svd_45,synopsis_svd_46,synopsis_svd_47,synopsis_svd_48,synopsis_svd_49",130,4859,15,False,100,42,0.12783040142102292
TheRealist68,bayesian_ridge,5,0.14328439974867702,0.141083333564529,0.162,0.15490629295144726,0.2533333333333333,0.2748124551796834,0.81,0.8,23.96,11.67,100,149,112.0,4747.0,,complete_num_genres_synopsis_svd,"mean,popularity,watching,Action,Adult Cast,Adventure,Anthropomorphic,Avant Garde,Award Winning,Boys Love,CGDCT,Childcare,Combat Sports,Comedy,Crossdressing,Delinquents,Detective,Drama,Ecchi,Educational,Erotica,Fantasy,Gag Humor,Girls Love,Gore,Gourmet,Harem,High Stakes Game,Historical,Horror,Idols (Female),Idols (Male),Isekai,Iyashikei,Josei,Kids,Love Polygon,Love Status Quo,Magical Sex Shift,Mahou Shoujo,Martial Arts,Mecha,Medical,Military,Music,Mystery,Mythology,Organized Crime,Otaku Culture,Parody,Performing Arts,Pets,Psychological,Racing,Reincarnation,Reverse Harem,Romance,Samurai,School,Sci-Fi,Seinen,Shoujo,Shounen,Showbiz,Slice of Life,Space,Sports,Strategy Game,Super Power,Supernatural,Survival,Suspense,Team Sports,Time Travel,Urban Fantasy,Vampire,Video Game,Villainess,Visual Arts,Workplace,synopsis_svd_0,synopsis_svd_1,synopsis_svd_2,synopsis_svd_3,synopsis_svd_4,synopsis_svd_5,synopsis_svd_6,synopsis_svd_7,synopsis_svd_8,synopsis_svd_9,synopsis_svd_10,synopsis_svd_11,synopsis_svd_12,synopsis_svd_13,synopsis_svd_14,synopsis_svd_15,synopsis_svd_16,synopsis_svd_17,synopsis_svd_18,synopsis_svd_19,synopsis_svd_20,synopsis_svd_21,synopsis_svd_22,synopsis_svd_23,synopsis_svd_24,synopsis_svd_25,synopsis_svd_26,synopsis_svd_27,synopsis_svd_28,synopsis_svd_29,synopsis_svd_30,synopsis_svd_31,synopsis_svd_32,synopsis_svd_33,synopsis_svd_34,synopsis_svd_35,synopsis_svd_36,synopsis_svd_37,synopsis_svd_38,synopsis_svd_39,synopsis_svd_40,synopsis_svd_41,synopsis_svd_42,synopsis_svd_43,synopsis_svd_44,synopsis_svd_45,synopsis_svd_46,synopsis_svd_47,synopsis_svd_48,synopsis_svd_49",130,4859,15,False,100,42,0.12783040142102292
Dadalt,bayesian_ridge,5,0.14141006714412313,0.14581807839651073,0.15600000000000003,0.14377310969269277,0.2955,0.29428578725301124,0.78,0.68,14.55,8.34,100,68,51.0,4808.0,,complete_num_genres_synopsis_svd,"mean,popularity,watching,Action,Adult Cast,Adventure,Anthropomorphic,Avant Garde,Award Winning,Boys Love,CGDCT,Childcare,Combat Sports,Comedy,Crossdressing,Delinquents,Detective,Drama,Ecchi,Educational,Erotica,Fantasy,Gag Humor,Girls Love,Gore,Gourmet,Harem,High Stakes Game,Historical,Horror,Idols (Female),Idols (Male),Isekai,Iyashikei,Josei,Kids,Love Polygon,Love Status Quo,Magical Sex Shift,Mahou Shoujo,Martial Arts,Mecha,Medical,Military,Music,Mystery,Mythology,Organized Crime,Otaku Culture,Parody,Performing Arts,Pets,Psychological,Racing,Reincarnation,Reverse Harem,Romance,Samurai,School,Sci-Fi,Seinen,Shoujo,Shounen,Showbiz,Slice of Life,Space,Sports,Strategy Game,Super Power,Supernatural,Survival,Suspense,Team Sports,Time Travel,Urban Fantasy,Vampire,Video Game,Villainess,Visual Arts,Workplace,synopsis_svd_0,synopsis_svd_1,synopsis_svd_2,synopsis_svd_3,synopsis_svd_4,synopsis_svd_5,synopsis_svd_6,synopsis_svd_7,synopsis_svd_8,synopsis_svd_9,synopsis_svd_10,synopsis_svd_11,synopsis_svd_12,synopsis_svd_13,synopsis_svd_14,synopsis_svd_15,synopsis_svd_16,synopsis_svd_17,synopsis_svd_18,synopsis_svd_19,synopsis_svd_20,synopsis_svd_21,synopsis_svd_22,synopsis_svd_23,synopsis_svd_24,synopsis_svd_25,synopsis_svd_26,synopsis_svd_27,synopsis_svd_28,synopsis_svd_29,synopsis_svd_30,synopsis_svd_31,synopsis_svd_32,synopsis_svd_33,synopsis_svd_34,synopsis_svd_35,synopsis_svd_36,synopsis_svd_37,synopsis_svd_38,synopsis_svd_39,synopsis_svd_40,synopsis_svd_41,synopsis_svd_42,synopsis_svd_43,synopsis_svd_44,synopsis_svd_45,synopsis_svd_46,synopsis_svd_47,synopsis_svd_48,synopsis_svd_49",130,4859,15,False,100,42,0.12783040142102292
Captn_Cook,global_mean,5,0.13466334206362285,0.1010428984435093,0.21600000000000003,0.15486716367209152,0.22833333333333333,0.13995550038330784,1.08,0.8,16.53,8.52,100,79,59.0,4800.0,,complete_num_genres_synopsis_svd,"mean,popularity,watching,Action,Adult Cast,Adventure,Anthropomorphic,Avant Garde,Award Winning,Boys Love,CGDCT,Childcare,Combat Sports,Comedy,Crossdressing,Delinquents,Detective,Drama,Ecchi,Educational,Erotica,Fantasy,Gag Humor,Girls Love,Gore,Gourmet,Harem,High Stakes Game,Historical,Horror,Idols (Female),Idols (Male),Isekai,Iyashikei,Josei,Kids,Love Polygon,Love Status Quo,Magical Sex Shift,Mahou Shoujo,Martial Arts,Mecha,Medical,Military,Music,Mystery,Mythology,Organized Crime,Otaku Culture,Parody,Performing Arts,Pets,Psychological,Racing,Reincarnation,Reverse Harem,Romance,Samurai,School,Sci-Fi,Seinen,Shoujo,Shounen,Showbiz,Slice of Life,Space,Sports,Strategy Game,Super Power,Supernatural,Survival,Suspense,Team Sports,Time Travel,Urban Fantasy,Vampire,Video Game,Villainess,Visual Arts,Workplace,synopsis_svd_0,synopsis_svd_1,synopsis_svd_2,synopsis_svd_3,synopsis_svd_4,synopsis_svd_5,synopsis_svd_6,synopsis_svd_7,synopsis_svd_8,synopsis_svd_9,synopsis_svd_10,synopsis_svd_11,synopsis_svd_12,synopsis_svd_13,synopsis_svd_14,synopsis_svd_15,synopsis_svd_16,synopsis_svd_17,synopsis_svd_18,synopsis_svd_19,synopsis_svd_20,synopsis_svd_21,synopsis_svd_22,synopsis_svd_23,synopsis_svd_24,synopsis_svd_25,synopsis_svd_26,synopsis_svd_27,synopsis_svd_28,synopsis_svd_29,synopsis_svd_30,synopsis_svd_31,synopsis_svd_32,synopsis_svd_33,synopsis_svd_34,synopsis_svd_35,synopsis_svd_36,synopsis_svd_37,synopsis_svd_38,synopsis_svd_39,synopsis_svd_40,synopsis_svd_41,synopsis_svd_42,synopsis_svd_43,synopsis_svd_44,synopsis_svd_45,synopsis_svd_46,synopsis_svd_47,synopsis_svd_48,synopsis_svd_49",130,4859,15,False,100,42,0.12783040142102292
Dinterdos123,bayesian_ridge,5,0.1320557463817366,0.17409758230483244,0.11800000000000001,0.142403609079222,0.28300000000000003,0.3845864454277271,0.59,0.59,19.83,9.35,100,83,62.0,4797.0,,complete_num_genres_synopsis_svd,"mean,popularity,watching,Action,Adult Cast,Adventure,Anthropomorphic,Avant Garde,Award Winning,Boys Love,CGDCT,Childcare,Combat Sports,Comedy,Crossdressing,Delinquents,Detective,Drama,Ecchi,Educational,Erotica,Fantasy,Gag Humor,Girls Love,Gore,Gourmet,Harem,High Stakes Game,Historical,Horror,Idols (Female),Idols (Male),Isekai,Iyashikei,Josei,Kids,Love Polygon,Love Status Quo,Magical Sex Shift,Mahou Shoujo,Martial Arts,Mecha,Medical,Military,Music,Mystery,Mythology,Organized Crime,Otaku Culture,Parody,Performing Arts,Pets,Psychological,Racing,Reincarnation,Reverse Harem,Romance,Samurai,School,Sci-Fi,Seinen,Shoujo,Shounen,Showbiz,Slice of Life,Space,Sports,Strategy Game,Super Power,Supernatural,Survival,Suspense,Team Sports,Time Travel,Urban Fantasy,Vampire,Video Game,Villainess,Visual Arts,Workplace,synopsis_svd_0,synopsis_svd_1,synopsis_svd_2,synopsis_svd_3,synopsis_svd_4,synopsis_svd_5,synopsis_svd_6,synopsis_svd_7,synopsis_svd_8,synopsis_svd_9,synopsis_svd_10,synopsis_svd_11,synopsis_svd_12,synopsis_svd_13,synopsis_svd_14,synopsis_svd_15,synopsis_svd_16,synopsis_svd_17,synopsis_svd_18,synopsis_svd_19,synopsis_svd_20,synopsis_svd_21,synopsis_svd_22,synopsis_svd_23,synopsis_svd_24,synopsis_svd_25,synopsis_svd_26,synopsis_svd_27,synopsis_svd_28,synopsis_svd_29,synopsis_svd_30,synopsis_svd_31,synopsis_svd_32,synopsis_svd_33,synopsis_svd_34,synopsis_svd_35,synopsis_svd_36,synopsis_svd_37,synopsis_svd_38,synopsis_svd_39,synopsis_svd_40,synopsis_svd_41,synopsis_svd_42,synopsis_svd_43,synopsis_svd_44,synopsis_svd_45,synopsis_svd_46,synopsis_svd_47,synopsis_svd_48,synopsis_svd_49",130,4859,15,False,100,42,0.12783040142102292
Irseus,global_mean,5,0.1253041367540779,0.17034934202632393,0.09600000000000002,0.12864484035317916,0.3133333333333333,0.43376047324318073,0.48,0.48,187.09,26.89,100,775,581.0,4278.0,,complete_num_genres_synopsis_svd,"mean,popularity,watching,Action,Adult Cast,Adventure,Anthropomorphic,Avant Garde,Award Winning,Boys Love,CGDCT,Childcare,Combat Sports,Comedy,Crossdressing,Delinquents,Detective,Drama,Ecchi,Educational,Erotica,Fantasy,Gag Humor,Girls Love,Gore,Gourmet,Harem,High Stakes Game,Historical,Horror,Idols (Female),Idols (Male),Isekai,Iyashikei,Josei,Kids,Love Polygon,Love Status Quo,Magical Sex Shift,Mahou Shoujo,Martial Arts,Mecha,Medical,Military,Music,Mystery,Mythology,Organized Crime,Otaku Culture,Parody,Performing Arts,Pets,Psychological,Racing,Reincarnation,Reverse Harem,Romance,Samurai,School,Sci-Fi,Seinen,Shoujo,Shounen,Showbiz,Slice of Life,Space,Sports,Strategy Game,Super Power,Supernatural,Survival,Suspense,Team Sports,Time Travel,Urban Fantasy,Vampire,Video Game,Villainess,Visual Arts,Workplace,synopsis_svd_0,synopsis_svd_1,synopsis_svd_2,synopsis_svd_3,synopsis_svd_4,synopsis_svd_5,synopsis_svd_6,synopsis_svd_7,synopsis_svd_8,synopsis_svd_9,synopsis_svd_10,synopsis_svd_11,synopsis_svd_12,synopsis_svd_13,synopsis_svd_14,synopsis_svd_15,synopsis_svd_16,synopsis_svd_17,synopsis_svd_18,synopsis_svd_19,synopsis_svd_20,synopsis_svd_21,synopsis_svd_22,synopsis_svd_23,synopsis_svd_24,synopsis_svd_25,synopsis_svd_26,synopsis_svd_27,synopsis_svd_28,synopsis_svd_29,synopsis_svd_30,synopsis_svd_31,synopsis_svd_32,synopsis_svd_33,synopsis_svd_34,synopsis_svd_35,synopsis_svd_36,synopsis_svd_37,synopsis_svd_38,synopsis_svd_39,synopsis_svd_40,synopsis_svd_41,synopsis_svd_42,synopsis_svd_43,synopsis_svd_44,synopsis_svd_45,synopsis_svd_46,synopsis_svd_47,synopsis_svd_48,synopsis_svd_49",130,4859,15,False,100,42,0.12783040142102292
HumanRat,bayesian_ridge,5,0.11456009260861137,0.13245948320150436,0.18,0.17407765595569785,0.32583333333333336,0.35955277589416357,0.9,0.46,34.29,9.94,100,161,121.0,4738.0,,complete_num_genres_synopsis_svd,"mean,popularity,watching,Action,Adult Cast,Adventure,Anthropomorphic,Avant Garde,Award Winning,Boys Love,CGDCT,Childcare,Combat Sports,Comedy,Crossdressing,Delinquents,Detective,Drama,Ecchi,Educational,Erotica,Fantasy,Gag Humor,Girls Love,Gore,Gourmet,Harem,High Stakes Game,Historical,Horror,Idols (Female),Idols (Male),Isekai,Iyashikei,Josei,Kids,Love Polygon,Love Status Quo,Magical Sex Shift,Mahou Shoujo,Martial Arts,Mecha,Medical,Military,Music,Mystery,Mythology,Organized Crime,Otaku Culture,Parody,Performing Arts,Pets,Psychological,Racing,Reincarnation,Reverse Harem,Romance,Samurai,School,Sci-Fi,Seinen,Shoujo,Shounen,Showbiz,Slice of Life,Space,Sports,Strategy Game,Super Power,Supernatural,Survival,Suspense,Team Sports,Time Travel,Urban Fantasy,Vampire,Video Game,Villainess,Visual Arts,Workplace,synopsis_svd_0,synopsis_svd_1,synopsis_svd_2,synopsis_svd_3,synopsis_svd_4,synopsis_svd_5,synopsis_svd_6,synopsis_svd_7,synopsis_svd_8,synopsis_svd_9,synopsis_svd_10,synopsis_svd_11,synopsis_svd_12,synopsis_svd_13,synopsis_svd_14,synopsis_svd_15,synopsis_svd_16,synopsis_svd_17,synopsis_svd_18,synopsis_svd_19,synopsis_svd_20,synopsis_svd_21,synopsis_svd_22,synopsis_svd_23,synopsis_svd_24,synopsis_svd_25,synopsis_svd_26,synopsis_svd_27,synopsis_svd_28,synopsis_svd_29,synopsis_svd_30,synopsis_svd_31,synopsis_svd_32,synopsis_svd_33,synopsis_svd_34,synopsis_svd_35,synopsis_svd_36,synopsis_svd_37,synopsis_svd_38,synopsis_svd_39,synopsis_svd_40,synopsis_svd_41,synopsis_svd_42,synopsis_svd_43,synopsis_svd_44,synopsis_svd_45,synopsis_svd_46,synopsis_svd_47,synopsis_svd_48,synopsis_svd_49",130,4859,15,False,100,42,0.12783040142102292
KSTTK,global_mean,5,0.11313403778045755,0.16669869481571506,0.064,0.09376523445243014,0.32,0.4688261722621506,0.32,0.32,27.24,5.73,100,138,104.0,4755.0,,complete_num_genres_synopsis_svd,"mean,popularity,watching,Action,Adult Cast,Adventure,Anthropomorphic,Avant Garde,Award Winning,Boys Love,CGDCT,Childcare,Combat Sports,Comedy,Crossdressing,Delinquents,Detective,Drama,Ecchi,Educational,Erotica,Fantasy,Gag Humor,Girls Love,Gore,Gourmet,Harem,High Stakes Game,Historical,Horror,Idols (Female),Idols (Male),Isekai,Iyashikei,Josei,Kids,Love Polygon,Love Status Quo,Magical Sex Shift,Mahou Shoujo,Martial Arts,Mecha,Medical,Military,Music,Mystery,Mythology,Organized Crime,Otaku Culture,Parody,Performing Arts,Pets,Psychological,Racing,Reincarnation,Reverse Harem,Romance,Samurai,School,Sci-Fi,Seinen,Shoujo,Shounen,Showbiz,Slice of Life,Space,Sports,Strategy Game,Super Power,Supernatural,Survival,Suspense,Team Sports,Time Travel,Urban Fantasy,Vampire,Video Game,Villainess,Visual Arts,Workplace,synopsis_svd_0,synopsis_svd_1,synopsis_svd_2,synopsis_svd_3,synopsis_svd_4,synopsis_svd_5,synopsis_svd_6,synopsis_svd_7,synopsis_svd_8,synopsis_svd_9,synopsis_svd_10,synopsis_svd_11,synopsis_svd_12,synopsis_svd_13,synopsis_svd_14,synopsis_svd_15,synopsis_svd_16,synopsis_svd_17,synopsis_svd_18,synopsis_svd_19,synopsis_svd_20,synopsis_svd_21,synopsis_svd_22,synopsis_svd_23,synopsis_svd_24,synopsis_svd_25,synopsis_svd_26,synopsis_svd_27,synopsis_svd_28,synopsis_svd_29,synopsis_svd_30,synopsis_svd_31,synopsis_svd_32,synopsis_svd_33,synopsis_svd_34,synopsis_svd_35,synopsis_svd_36,synopsis_svd_37,synopsis_svd_38,synopsis_svd_39,synopsis_svd_40,synopsis_svd_41,synopsis_svd_42,synopsis_svd_43,synopsis_svd_44,synopsis_svd_45,synopsis_svd_46,synopsis_svd_47,synopsis_svd_48,synopsis_svd_49",130,4859,15,False,100,42,0.12783040142102292
alfalfy,global_mean,5,0.1057841682792175,0.11052145504654447,0.134,0.142290072199239,0.16583333333333333,0.15912878337048167,0.67,0.67,35.49,19.37,100,161,121.0,4738.0,,complete_num_genres_synopsis_svd,"mean,popularity,watching,Action,Adult Cast,Adventure,Anthropomorphic,Avant Garde,Award Winning,Boys Love,CGDCT,Childcare,Combat Sports,Comedy,Crossdressing,Delinquents,Detective,Drama,Ecchi,Educational,Erotica,Fantasy,Gag Humor,Girls Love,Gore,Gourmet,Harem,High Stakes Game,Historical,Horror,Idols (Female),Idols (Male),Isekai,Iyashikei,Josei,Kids,Love Polygon,Love Status Quo,Magical Sex Shift,Mahou Shoujo,Martial Arts,Mecha,Medical,Military,Music,Mystery,Mythology,Organized Crime,Otaku Culture,Parody,Performing Arts,Pets,Psychological,Racing,Reincarnation,Reverse Harem,Romance,Samurai,School,Sci-Fi,Seinen,Shoujo,Shounen,Showbiz,Slice of Life,Space,Sports,Strategy Game,Super Power,Supernatural,Survival,Suspense,Team Sports,Time Travel,Urban Fantasy,Vampire,Video Game,Villainess,Visual Arts,Workplace,synopsis_svd_0,synopsis_svd_1,synopsis_svd_2,synopsis_svd_3,synopsis_svd_4,synopsis_svd_5,synopsis_svd_6,synopsis_svd_7,synopsis_svd_8,synopsis_svd_9,synopsis_svd_10,synopsis_svd_11,synopsis_svd_12,synopsis_svd_13,synopsis_svd_14,synopsis_svd_15,synopsis_svd_16,synopsis_svd_17,synopsis_svd_18,synopsis_svd_19,synopsis_svd_20,synopsis_svd_21,synopsis_svd_22,synopsis_svd_23,synopsis_svd_24,synopsis_svd_25,synopsis_svd_26,synopsis_svd_27,synopsis_svd_28,synopsis_svd_29,synopsis_svd_30,synopsis_svd_31,synopsis_svd_32,synopsis_svd_33,synopsis_svd_34,synopsis_svd_35,synopsis_svd_36,synopsis_svd_37,synopsis_svd_38,synopsis_svd_39,synopsis_svd_40,synopsis_svd_41,synopsis_svd_42,synopsis_svd_43,synopsis_svd_44,synopsis_svd_45,synopsis_svd_46,synopsis_svd_47,synopsis_svd_48,synopsis_svd_49",130,4859,15,False,100,42,0.12783040142102292
LoyJoy,global_mean,5,0.10348036221291074,0.1362765549014959,0.08800000000000001,0.09977753031397177,0.264,0.40088790342327757,0.44,0.44,27.61,15.48,100,231,173.0,4686.0,,complete_num_genres_synopsis_svd,"mean,popularity,watching,Action,Adult Cast,Adventure,Anthropomorphic,Avant Garde,Award Winning,Boys Love,CGDCT,Childcare,Combat Sports,Comedy,Crossdressing,Delinquents,Detective,Drama,Ecchi,Educational,Erotica,Fantasy,Gag Humor,Girls Love,Gore,Gourmet,Harem,High Stakes Game,Historical,Horror,Idols (Female),Idols (Male),Isekai,Iyashikei,Josei,Kids,Love Polygon,Love Status Quo,Magical Sex Shift,Mahou Shoujo,Martial Arts,Mecha,Medical,Military,Music,Mystery,Mythology,Organized Crime,Otaku Culture,Parody,Performing Arts,Pets,Psychological,Racing,Reincarnation,Reverse Harem,Romance,Samurai,School,Sci-Fi,Seinen,Shoujo,Shounen,Showbiz,Slice of Life,Space,Sports,Strategy Game,Super Power,Supernatural,Survival,Suspense,Team Sports,Time Travel,Urban Fantasy,Vampire,Video Game,Villainess,Visual Arts,Workplace,synopsis_svd_0,synopsis_svd_1,synopsis_svd_2,synopsis_svd_3,synopsis_svd_4,synopsis_svd_5,synopsis_svd_6,synopsis_svd_7,synopsis_svd_8,synopsis_svd_9,synopsis_svd_10,synopsis_svd_11,synopsis_svd_12,synopsis_svd_13,synopsis_svd_14,synopsis_svd_15,synopsis_svd_16,synopsis_svd_17,synopsis_svd_18,synopsis_svd_19,synopsis_svd_20,synopsis_svd_21,synopsis_svd_22,synopsis_svd_23,synopsis_svd_24,synopsis_svd_25,synopsis_svd_26,synopsis_svd_27,synopsis_svd_28,synopsis_svd_29,synopsis_svd_30,synopsis_svd_31,synopsis_svd_32,synopsis_svd_33,synopsis_svd_34,synopsis_svd_35,synopsis_svd_36,synopsis_svd_37,synopsis_svd_38,synopsis_svd_39,synopsis_svd_40,synopsis_svd_41,synopsis_svd_42,synopsis_svd_43,synopsis_svd_44,synopsis_svd_45,synopsis_svd_46,synopsis_svd_47,synopsis_svd_48,synopsis_svd_49",130,4859,15,False,100,42,0.12783040142102292
yorkie_pro,global_mean,5,0.09564455716662805,0.07218266118429922,0.13,0.09587449708822043,0.166,0.13349989596333858,0.65,0.65,32.46,18.08,100,187,140.0,4719.0,,complete_num_genres_synopsis_svd,"mean,popularity,watching,Action,Adult Cast,Adventure,Anthropomorphic,Avant Garde,Award Winning,Boys Love,CGDCT,Childcare,Combat Sports,Comedy,Crossdressing,Delinquents,Detective,Drama,Ecchi,Educational,Erotica,Fantasy,Gag Humor,Girls Love,Gore,Gourmet,Harem,High Stakes Game,Historical,Horror,Idols (Female),Idols (Male),Isekai,Iyashikei,Josei,Kids,Love Polygon,Love Status Quo,Magical Sex Shift,Mahou Shoujo,Martial Arts,Mecha,Medical,Military,Music,Mystery,Mythology,Organized Crime,Otaku Culture,Parody,Performing Arts,Pets,Psychological,Racing,Reincarnation,Reverse Harem,Romance,Samurai,School,Sci-Fi,Seinen,Shoujo,Shounen,Showbiz,Slice of Life,Space,Sports,Strategy Game,Super Power,Supernatural,Survival,Suspense,Team Sports,Time Travel,Urban Fantasy,Vampire,Video Game,Villainess,Visual Arts,Workplace,synopsis_svd_0,synopsis_svd_1,synopsis_svd_2,synopsis_svd_3,synopsis_svd_4,synopsis_svd_5,synopsis_svd_6,synopsis_svd_7,synopsis_svd_8,synopsis_svd_9,synopsis_svd_10,synopsis_svd_11,synopsis_svd_12,synopsis_svd_13,synopsis_svd_14,synopsis_svd_15,synopsis_svd_16,synopsis_svd_17,synopsis_svd_18,synopsis_svd_19,synopsis_svd_20,synopsis_svd_21,synopsis_svd_22,synopsis_svd_23,synopsis_svd_24,synopsis_svd_25,synopsis_svd_26,synopsis_svd_27,synopsis_svd_28,synopsis_svd_29,synopsis_svd_30,synopsis_svd_31,synopsis_svd_32,synopsis_svd_33,synopsis_svd_34,synopsis_svd_35,synopsis_svd_36,synopsis_svd_37,synopsis_svd_38,synopsis_svd_39,synopsis_svd_40,synopsis_svd_41,synopsis_svd_42,synopsis_svd_43,synopsis_svd_44,synopsis_svd_45,synopsis_svd_46,synopsis_svd_47,synopsis_svd_48,synopsis_svd_49",130,4859,15,False,100,42,0.12783040142102292
GrumbleDango,global_mean,5,0.0949648574766125,0.15304972586010337,0.05600000000000001,0.09025217197084259,0.28,0.451260859854213,0.28,0.28,85.95,51.45,100,488,366.0,4493.0,,complete_num_genres_synopsis_svd,"mean,popularity,watching,Action,Adult Cast,Adventure,Anthropomorphic,Avant Garde,Award Winning,Boys Love,CGDCT,Childcare,Combat Sports,Comedy,Crossdressing,Delinquents,Detective,Drama,Ecchi,Educational,Erotica,Fantasy,Gag Humor,Girls Love,Gore,Gourmet,Harem,High Stakes Game,Historical,Horror,Idols (Female),Idols (Male),Isekai,Iyashikei,Josei,Kids,Love Polygon,Love Status Quo,Magical Sex Shift,Mahou Shoujo,Martial Arts,Mecha,Medical,Military,Music,Mystery,Mythology,Organized Crime,Otaku Culture,Parody,Performing Arts,Pets,Psychological,Racing,Reincarnation,Reverse Harem,Romance,Samurai,School,Sci-Fi,Seinen,Shoujo,Shounen,Showbiz,Slice of Life,Space,Sports,Strategy Game,Super Power,Supernatural,Survival,Suspense,Team Sports,Time Travel,Urban Fantasy,Vampire,Video Game,Villainess,Visual Arts,Workplace,synopsis_svd_0,synopsis_svd_1,synopsis_svd_2,synopsis_svd_3,synopsis_svd_4,synopsis_svd_5,synopsis_svd_6,synopsis_svd_7,synopsis_svd_8,synopsis_svd_9,synopsis_svd_10,synopsis_svd_11,synopsis_svd_12,synopsis_svd_13,synopsis_svd_14,synopsis_svd_15,synopsis_svd_16,synopsis_svd_17,synopsis_svd_18,synopsis_svd_19,synopsis_svd_20,synopsis_svd_21,synopsis_svd_22,synopsis_svd_23,synopsis_svd_24,synopsis_svd_25,synopsis_svd_26,synopsis_svd_27,synopsis_svd_28,synopsis_svd_29,synopsis_svd_30,synopsis_svd_31,synopsis_svd_32,synopsis_svd_33,synopsis_svd_34,synopsis_svd_35,synopsis_svd_36,synopsis_svd_37,synopsis_svd_38,synopsis_svd_39,synopsis_svd_40,synopsis_svd_41,synopsis_svd_42,synopsis_svd_43,synopsis_svd_44,synopsis_svd_45,synopsis_svd_46,synopsis_svd_47,synopsis_svd_48,synopsis_svd_49",130,4859,15,False,100,42,0.12783040142102292
AkiAki_Akira,global_mean,5,0.09331903478102539,0.10221806085129959,0.11200000000000002,0.1249484742288645,0.16333333333333333,0.16747279793189715,0.56,0.56,37.86,21.92,100,234,176.0,4683.0,,complete_num_genres_synopsis_svd,"mean,popularity,watching,Action,Adult Cast,Adventure,Anthropomorphic,Avant Garde,Award Winning,Boys Love,CGDCT,Childcare,Combat Sports,Comedy,Crossdressing,Delinquents,Detective,Drama,Ecchi,Educational,Erotica,Fantasy,Gag Humor,Girls Love,Gore,Gourmet,Harem,High Stakes Game,Historical,Horror,Idols (Female),Idols (Male),Isekai,Iyashikei,Josei,Kids,Love Polygon,Love Status Quo,Magical Sex Shift,Mahou Shoujo,Martial Arts,Mecha,Medical,Military,Music,Mystery,Mythology,Organized Crime,Otaku Culture,Parody,Performing Arts,Pets,Psychological,Racing,Reincarnation,Reverse Harem,Romance,Samurai,School,Sci-Fi,Seinen,Shoujo,Shounen,Showbiz,Slice of Life,Space,Sports,Strategy Game,Super Power,Supernatural,Survival,Suspense,Team Sports,Time Travel,Urban Fantasy,Vampire,Video Game,Villainess,Visual Arts,Workplace,synopsis_svd_0,synopsis_svd_1,synopsis_svd_2,synopsis_svd_3,synopsis_svd_4,synopsis_svd_5,synopsis_svd_6,synopsis_svd_7,synopsis_svd_8,synopsis_svd_9,synopsis_svd_10,synopsis_svd_11,synopsis_svd_12,synopsis_svd_13,synopsis_svd_14,synopsis_svd_15,synopsis_svd_16,synopsis_svd_17,synopsis_svd_18,synopsis_svd_19,synopsis_svd_20,synopsis_svd_21,synopsis_svd_22,synopsis_svd_23,synopsis_svd_24,synopsis_svd_25,synopsis_svd_26,synopsis_svd_27,synopsis_svd_28,synopsis_svd_29,synopsis_svd_30,synopsis_svd_31,synopsis_svd_32,synopsis_svd_33,synopsis_svd_34,synopsis_svd_35,synopsis_svd_36,synopsis_svd_37,synopsis_svd_38,synopsis_svd_39,synopsis_svd_40,synopsis_svd_41,synopsis_svd_42,synopsis_svd_43,synopsis_svd_44,synopsis_svd_45,synopsis_svd_46,synopsis_svd_47,synopsis_svd_48,synopsis_svd_49",130,4859,15,False,100,42,0.12783040142102292
xF0x,bayesian_ridge,5,0.08604657757459117,0.13497701850462215,0.08800000000000001,0.12494847422886451,0.22683333333333333,0.3526944147110217,0.44,0.32,20.45,12.71,100,135,101.0,4758.0,,complete_num_genres_synopsis_svd,"mean,popularity,watching,Action,Adult Cast,Adventure,Anthropomorphic,Avant Garde,Award Winning,Boys Love,CGDCT,Childcare,Combat Sports,Comedy,Crossdressing,Delinquents,Detective,Drama,Ecchi,Educational,Erotica,Fantasy,Gag Humor,Girls Love,Gore,Gourmet,Harem,High Stakes Game,Historical,Horror,Idols (Female),Idols (Male),Isekai,Iyashikei,Josei,Kids,Love Polygon,Love Status Quo,Magical Sex Shift,Mahou Shoujo,Martial Arts,Mecha,Medical,Military,Music,Mystery,Mythology,Organized Crime,Otaku Culture,Parody,Performing Arts,Pets,Psychological,Racing,Reincarnation,Reverse Harem,Romance,Samurai,School,Sci-Fi,Seinen,Shoujo,Shounen,Showbiz,Slice of Life,Space,Sports,Strategy Game,Super Power,Supernatural,Survival,Suspense,Team Sports,Time Travel,Urban Fantasy,Vampire,Video Game,Villainess,Visual Arts,Workplace,synopsis_svd_0,synopsis_svd_1,synopsis_svd_2,synopsis_svd_3,synopsis_svd_4,synopsis_svd_5,synopsis_svd_6,synopsis_svd_7,synopsis_svd_8,synopsis_svd_9,synopsis_svd_10,synopsis_svd_11,synopsis_svd_12,synopsis_svd_13,synopsis_svd_14,synopsis_svd_15,synopsis_svd_16,synopsis_svd_17,synopsis_svd_18,synopsis_svd_19,synopsis_svd_20,synopsis_svd_21,synopsis_svd_22,synopsis_svd_23,synopsis_svd_24,synopsis_svd_25,synopsis_svd_26,synopsis_svd_27,synopsis_svd_28,synopsis_svd_29,synopsis_svd_30,synopsis_svd_31,synopsis_svd_32,synopsis_svd_33,synopsis_svd_34,synopsis_svd_35,synopsis_svd_36,synopsis_svd_37,synopsis_svd_38,synopsis_svd_39,synopsis_svd_40,synopsis_svd_41,synopsis_svd_42,synopsis_svd_43,synopsis_svd_44,synopsis_svd_45,synopsis_svd_46,synopsis_svd_47,synopsis_svd_48,synopsis_svd_49",130,4859,15,False,100,42,0.12783040142102292
AkiAki_Akira,bayesian_ridge,5,0.08599382385993305,0.12270921507298774,0.08800000000000001,0.11830452060660905,0.17800000000000002,0.2772204509973578,0.44,0.44,37.86,21.92,100,234,176.0,4683.0,,complete_num_genres_synopsis_svd,"mean,popularity,watching,Action,Adult Cast,Adventure,Anthropomorphic,Avant Garde,Award Winning,Boys Love,CGDCT,Childcare,Combat Sports,Comedy,Crossdressing,Delinquents,Detective,Drama,Ecchi,Educational,Erotica,Fantasy,Gag Humor,Girls Love,Gore,Gourmet,Harem,High Stakes Game,Historical,Horror,Idols (Female),Idols (Male),Isekai,Iyashikei,Josei,Kids,Love Polygon,Love Status Quo,Magical Sex Shift,Mahou Shoujo,Martial Arts,Mecha,Medical,Military,Music,Mystery,Mythology,Organized Crime,Otaku Culture,Parody,Performing Arts,Pets,Psychological,Racing,Reincarnation,Reverse Harem,Romance,Samurai,School,Sci-Fi,Seinen,Shoujo,Shounen,Showbiz,Slice of Life,Space,Sports,Strategy Game,Super Power,Supernatural,Survival,Suspense,Team Sports,Time Travel,Urban Fantasy,Vampire,Video Game,Villainess,Visual Arts,Workplace,synopsis_svd_0,synopsis_svd_1,synopsis_svd_2,synopsis_svd_3,synopsis_svd_4,synopsis_svd_5,synopsis_svd_6,synopsis_svd_7,synopsis_svd_8,synopsis_svd_9,synopsis_svd_10,synopsis_svd_11,synopsis_svd_12,synopsis_svd_13,synopsis_svd_14,synopsis_svd_15,synopsis_svd_16,synopsis_svd_17,synopsis_svd_18,synopsis_svd_19,synopsis_svd_20,synopsis_svd_21,synopsis_svd_22,synopsis_svd_23,synopsis_svd_24,synopsis_svd_25,synopsis_svd_26,synopsis_svd_27,synopsis_svd_28,synopsis_svd_29,synopsis_svd_30,synopsis_svd_31,synopsis_svd_32,synopsis_svd_33,synopsis_svd_34,synopsis_svd_35,synopsis_svd_36,synopsis_svd_37,synopsis_svd_38,synopsis_svd_39,synopsis_svd_40,synopsis_svd_41,synopsis_svd_42,synopsis_svd_43,synopsis_svd_44,synopsis_svd_45,synopsis_svd_46,synopsis_svd_47,synopsis_svd_48,synopsis_svd_49",130,4859,15,False,100,42,0.12783040142102292
Irseus,bayesian_ridge,5,0.07961340535807403,0.09335950059617874,0.114,0.13410383433682418,0.12733333333333333,0.136813175965786,0.57,0.52,187.09,26.89,100,775,581.0,4278.0,,complete_num_genres_synopsis_svd,"mean,popularity,watching,Action,Adult Cast,Adventure,Anthropomorphic,Avant Garde,Award Winning,Boys Love,CGDCT,Childcare,Combat Sports,Comedy,Crossdressing,Delinquents,Detective,Drama,Ecchi,Educational,Erotica,Fantasy,Gag Humor,Girls Love,Gore,Gourmet,Harem,High Stakes Game,Historical,Horror,Idols (Female),Idols (Male),Isekai,Iyashikei,Josei,Kids,Love Polygon,Love Status Quo,Magical Sex Shift,Mahou Shoujo,Martial Arts,Mecha,Medical,Military,Music,Mystery,Mythology,Organized Crime,Otaku Culture,Parody,Performing Arts,Pets,Psychological,Racing,Reincarnation,Reverse Harem,Romance,Samurai,School,Sci-Fi,Seinen,Shoujo,Shounen,Showbiz,Slice of Life,Space,Sports,Strategy Game,Super Power,Supernatural,Survival,Suspense,Team Sports,Time Travel,Urban Fantasy,Vampire,Video Game,Villainess,Visual Arts,Workplace,synopsis_svd_0,synopsis_svd_1,synopsis_svd_2,synopsis_svd_3,synopsis_svd_4,synopsis_svd_5,synopsis_svd_6,synopsis_svd_7,synopsis_svd_8,synopsis_svd_9,synopsis_svd_10,synopsis_svd_11,synopsis_svd_12,synopsis_svd_13,synopsis_svd_14,synopsis_svd_15,synopsis_svd_16,synopsis_svd_17,synopsis_svd_18,synopsis_svd_19,synopsis_svd_20,synopsis_svd_21,synopsis_svd_22,synopsis_svd_23,synopsis_svd_24,synopsis_svd_25,synopsis_svd_26,synopsis_svd_27,synopsis_svd_28,synopsis_svd_29,synopsis_svd_30,synopsis_svd_31,synopsis_svd_32,synopsis_svd_33,synopsis_svd_34,synopsis_svd_35,synopsis_svd_36,synopsis_svd_37,synopsis_svd_38,synopsis_svd_39,synopsis_svd_40,synopsis_svd_41,synopsis_svd_42,synopsis_svd_43,synopsis_svd_44,synopsis_svd_45,synopsis_svd_46,synopsis_svd_47,synopsis_svd_48,synopsis_svd_49",130,4859,15,False,100,42,0.12783040142102292
Opelo_Stradyon,global_mean,5,0.07461524516019553,0.14120365353800815,0.044000000000000004,0.08326663997864532,0.22,0.41633319989322654,0.22,0.22,23.48,23.48,100,395,296.0,4563.0,,complete_num_genres_synopsis_svd,"mean,popularity,watching,Action,Adult Cast,Adventure,Anthropomorphic,Avant Garde,Award Winning,Boys Love,CGDCT,Childcare,Combat Sports,Comedy,Crossdressing,Delinquents,Detective,Drama,Ecchi,Educational,Erotica,Fantasy,Gag Humor,Girls Love,Gore,Gourmet,Harem,High Stakes Game,Historical,Horror,Idols (Female),Idols (Male),Isekai,Iyashikei,Josei,Kids,Love Polygon,Love Status Quo,Magical Sex Shift,Mahou Shoujo,Martial Arts,Mecha,Medical,Military,Music,Mystery,Mythology,Organized Crime,Otaku Culture,Parody,Performing Arts,Pets,Psychological,Racing,Reincarnation,Reverse Harem,Romance,Samurai,School,Sci-Fi,Seinen,Shoujo,Shounen,Showbiz,Slice of Life,Space,Sports,Strategy Game,Super Power,Supernatural,Survival,Suspense,Team Sports,Time Travel,Urban Fantasy,Vampire,Video Game,Villainess,Visual Arts,Workplace,synopsis_svd_0,synopsis_svd_1,synopsis_svd_2,synopsis_svd_3,synopsis_svd_4,synopsis_svd_5,synopsis_svd_6,synopsis_svd_7,synopsis_svd_8,synopsis_svd_9,synopsis_svd_10,synopsis_svd_11,synopsis_svd_12,synopsis_svd_13,synopsis_svd_14,synopsis_svd_15,synopsis_svd_16,synopsis_svd_17,synopsis_svd_18,synopsis_svd_19,synopsis_svd_20,synopsis_svd_21,synopsis_svd_22,synopsis_svd_23,synopsis_svd_24,synopsis_svd_25,synopsis_svd_26,synopsis_svd_27,synopsis_svd_28,synopsis_svd_29,synopsis_svd_30,synopsis_svd_31,synopsis_svd_32,synopsis_svd_33,synopsis_svd_34,synopsis_svd_35,synopsis_svd_36,synopsis_svd_37,synopsis_svd_38,synopsis_svd_39,synopsis_svd_40,synopsis_svd_41,synopsis_svd_42,synopsis_svd_43,synopsis_svd_44,synopsis_svd_45,synopsis_svd_46,synopsis_svd_47,synopsis_svd_48,synopsis_svd_49",130,4859,15,False,100,42,0.12783040142102292
Haileytokar,bayesian_ridge,5,0.07298594328707723,0.12114810590092802,0.07800000000000001,0.10971036248396791,0.20833333333333331,0.3379104935977894,0.39,0.26,41.49,16.4,100,198,148.0,4711.0,,complete_num_genres_synopsis_svd,"mean,popularity,watching,Action,Adult Cast,Adventure,Anthropomorphic,Avant Garde,Award Winning,Boys Love,CGDCT,Childcare,Combat Sports,Comedy,Crossdressing,Delinquents,Detective,Drama,Ecchi,Educational,Erotica,Fantasy,Gag Humor,Girls Love,Gore,Gourmet,Harem,High Stakes Game,Historical,Horror,Idols (Female),Idols (Male),Isekai,Iyashikei,Josei,Kids,Love Polygon,Love Status Quo,Magical Sex Shift,Mahou Shoujo,Martial Arts,Mecha,Medical,Military,Music,Mystery,Mythology,Organized Crime,Otaku Culture,Parody,Performing Arts,Pets,Psychological,Racing,Reincarnation,Reverse Harem,Romance,Samurai,School,Sci-Fi,Seinen,Shoujo,Shounen,Showbiz,Slice of Life,Space,Sports,Strategy Game,Super Power,Supernatural,Survival,Suspense,Team Sports,Time Travel,Urban Fantasy,Vampire,Video Game,Villainess,Visual Arts,Workplace,synopsis_svd_0,synopsis_svd_1,synopsis_svd_2,synopsis_svd_3,synopsis_svd_4,synopsis_svd_5,synopsis_svd_6,synopsis_svd_7,synopsis_svd_8,synopsis_svd_9,synopsis_svd_10,synopsis_svd_11,synopsis_svd_12,synopsis_svd_13,synopsis_svd_14,synopsis_svd_15,synopsis_svd_16,synopsis_svd_17,synopsis_svd_18,synopsis_svd_19,synopsis_svd_20,synopsis_svd_21,synopsis_svd_22,synopsis_svd_23,synopsis_svd_24,synopsis_svd_25,synopsis_svd_26,synopsis_svd_27,synopsis_svd_28,synopsis_svd_29,synopsis_svd_30,synopsis_svd_31,synopsis_svd_32,synopsis_svd_33,synopsis_svd_34,synopsis_svd_35,synopsis_svd_36,synopsis_svd_37,synopsis_svd_38,synopsis_svd_39,synopsis_svd_40,synopsis_svd_41,synopsis_svd_42,synopsis_svd_43,synopsis_svd_44,synopsis_svd_45,synopsis_svd_46,synopsis_svd_47,synopsis_svd_48,synopsis_svd_49",130,4859,15,False,100,42,0.12783040142102292
KSTTK,bayesian_ridge,5,0.07160730210808622,0.1049113723841145,0.10400000000000001,0.13174815276722388,0.18416666666666667,0.2721900104627926,0.52,0.3,27.24,5.73,100,138,104.0,4755.0,,complete_num_genres_synopsis_svd,"mean,popularity,watching,Action,Adult Cast,Adventure,Anthropomorphic,Avant Garde,Award Winning,Boys Love,CGDCT,Childcare,Combat Sports,Comedy,Crossdressing,Delinquents,Detective,Drama,Ecchi,Educational,Erotica,Fantasy,Gag Humor,Girls Love,Gore,Gourmet,Harem,High Stakes Game,Historical,Horror,Idols (Female),Idols (Male),Isekai,Iyashikei,Josei,Kids,Love Polygon,Love Status Quo,Magical Sex Shift,Mahou Shoujo,Martial Arts,Mecha,Medical,Military,Music,Mystery,Mythology,Organized Crime,Otaku Culture,Parody,Performing Arts,Pets,Psychological,Racing,Reincarnation,Reverse Harem,Romance,Samurai,School,Sci-Fi,Seinen,Shoujo,Shounen,Showbiz,Slice of Life,Space,Sports,Strategy Game,Super Power,Supernatural,Survival,Suspense,Team Sports,Time Travel,Urban Fantasy,Vampire,Video Game,Villainess,Visual Arts,Workplace,synopsis_svd_0,synopsis_svd_1,synopsis_svd_2,synopsis_svd_3,synopsis_svd_4,synopsis_svd_5,synopsis_svd_6,synopsis_svd_7,synopsis_svd_8,synopsis_svd_9,synopsis_svd_10,synopsis_svd_11,synopsis_svd_12,synopsis_svd_13,synopsis_svd_14,synopsis_svd_15,synopsis_svd_16,synopsis_svd_17,synopsis_svd_18,synopsis_svd_19,synopsis_svd_20,synopsis_svd_21,synopsis_svd_22,synopsis_svd_23,synopsis_svd_24,synopsis_svd_25,synopsis_svd_26,synopsis_svd_27,synopsis_svd_28,synopsis_svd_29,synopsis_svd_30,synopsis_svd_31,synopsis_svd_32,synopsis_svd_33,synopsis_svd_34,synopsis_svd_35,synopsis_svd_36,synopsis_svd_37,synopsis_svd_38,synopsis_svd_39,synopsis_svd_40,synopsis_svd_41,synopsis_svd_42,synopsis_svd_43,synopsis_svd_44,synopsis_svd_45,synopsis_svd_46,synopsis_svd_47,synopsis_svd_48,synopsis_svd_49",130,4859,15,False,100,42,0.12783040142102292
Dadalt,knn_all_available,5,0.07088961583163383,0.1036618398159325,0.07800000000000001,0.10971036248396793,0.1795,0.27534138589735974,0.39,0.33,14.55,8.34,100,68,51.0,4808.0,51.0,complete_num_genres_synopsis_svd,"mean,popularity,watching,Action,Adult Cast,Adventure,Anthropomorphic,Avant Garde,Award Winning,Boys Love,CGDCT,Childcare,Combat Sports,Comedy,Crossdressing,Delinquents,Detective,Drama,Ecchi,Educational,Erotica,Fantasy,Gag Humor,Girls Love,Gore,Gourmet,Harem,High Stakes Game,Historical,Horror,Idols (Female),Idols (Male),Isekai,Iyashikei,Josei,Kids,Love Polygon,Love Status Quo,Magical Sex Shift,Mahou Shoujo,Martial Arts,Mecha,Medical,Military,Music,Mystery,Mythology,Organized Crime,Otaku Culture,Parody,Performing Arts,Pets,Psychological,Racing,Reincarnation,Reverse Harem,Romance,Samurai,School,Sci-Fi,Seinen,Shoujo,Shounen,Showbiz,Slice of Life,Space,Sports,Strategy Game,Super Power,Supernatural,Survival,Suspense,Team Sports,Time Travel,Urban Fantasy,Vampire,Video Game,Villainess,Visual Arts,Workplace,synopsis_svd_0,synopsis_svd_1,synopsis_svd_2,synopsis_svd_3,synopsis_svd_4,synopsis_svd_5,synopsis_svd_6,synopsis_svd_7,synopsis_svd_8,synopsis_svd_9,synopsis_svd_10,synopsis_svd_11,synopsis_svd_12,synopsis_svd_13,synopsis_svd_14,synopsis_svd_15,synopsis_svd_16,synopsis_svd_17,synopsis_svd_18,synopsis_svd_19,synopsis_svd_20,synopsis_svd_21,synopsis_svd_22,synopsis_svd_23,synopsis_svd_24,synopsis_svd_25,synopsis_svd_26,synopsis_svd_27,synopsis_svd_28,synopsis_svd_29,synopsis_svd_30,synopsis_svd_31,synopsis_svd_32,synopsis_svd_33,synopsis_svd_34,synopsis_svd_35,synopsis_svd_36,synopsis_svd_37,synopsis_svd_38,synopsis_svd_39,synopsis_svd_40,synopsis_svd_41,synopsis_svd_42,synopsis_svd_43,synopsis_svd_44,synopsis_svd_45,synopsis_svd_46,synopsis_svd_47,synopsis_svd_48,synopsis_svd_49",130,4859,15,False,100,42,0.12783040142102292
pensa89,bayesian_ridge,5,0.06339643928814215,0.08739394440175427,0.10800000000000001,0.13156401829182215,0.1655,0.21846899941113773,0.54,0.28,18.79,7.16,100,92,69.0,4790.0,,complete_num_genres_synopsis_svd,"mean,popularity,watching,Action,Adult Cast,Adventure,Anthropomorphic,Avant Garde,Award Winning,Boys Love,CGDCT,Childcare,Combat Sports,Comedy,Crossdressing,Delinquents,Detective,Drama,Ecchi,Educational,Erotica,Fantasy,Gag Humor,Girls Love,Gore,Gourmet,Harem,High Stakes Game,Historical,Horror,Idols (Female),Idols (Male),Isekai,Iyashikei,Josei,Kids,Love Polygon,Love Status Quo,Magical Sex Shift,Mahou Shoujo,Martial Arts,Mecha,Medical,Military,Music,Mystery,Mythology,Organized Crime,Otaku Culture,Parody,Performing Arts,Pets,Psychological,Racing,Reincarnation,Reverse Harem,Romance,Samurai,School,Sci-Fi,Seinen,Shoujo,Shounen,Showbiz,Slice of Life,Space,Sports,Strategy Game,Super Power,Supernatural,Survival,Suspense,Team Sports,Time Travel,Urban Fantasy,Vampire,Video Game,Villainess,Visual Arts,Workplace,synopsis_svd_0,synopsis_svd_1,synopsis_svd_2,synopsis_svd_3,synopsis_svd_4,synopsis_svd_5,synopsis_svd_6,synopsis_svd_7,synopsis_svd_8,synopsis_svd_9,synopsis_svd_10,synopsis_svd_11,synopsis_svd_12,synopsis_svd_13,synopsis_svd_14,synopsis_svd_15,synopsis_svd_16,synopsis_svd_17,synopsis_svd_18,synopsis_svd_19,synopsis_svd_20,synopsis_svd_21,synopsis_svd_22,synopsis_svd_23,synopsis_svd_24,synopsis_svd_25,synopsis_svd_26,synopsis_svd_27,synopsis_svd_28,synopsis_svd_29,synopsis_svd_30,synopsis_svd_31,synopsis_svd_32,synopsis_svd_33,synopsis_svd_34,synopsis_svd_35,synopsis_svd_36,synopsis_svd_37,synopsis_svd_38,synopsis_svd_39,synopsis_svd_40,synopsis_svd_41,synopsis_svd_42,synopsis_svd_43,synopsis_svd_44,synopsis_svd_45,synopsis_svd_46,synopsis_svd_47,synopsis_svd_48,synopsis_svd_49",130,4859,15,False,100,42,0.12783040142102292
MeloniaShaby,bayesian_ridge,5,0.06016089091508139,0.11015570108578851,0.062,0.10897131491703435,0.125,0.23596995186213474,0.31,0.31,45.98,25.59,100,220,165.0,4694.0,,complete_num_genres_synopsis_svd,"mean,popularity,watching,Action,Adult Cast,Adventure,Anthropomorphic,Avant Garde,Award Winning,Boys Love,CGDCT,Childcare,Combat Sports,Comedy,Crossdressing,Delinquents,Detective,Drama,Ecchi,Educational,Erotica,Fantasy,Gag Humor,Girls Love,Gore,Gourmet,Harem,High Stakes Game,Historical,Horror,Idols (Female),Idols (Male),Isekai,Iyashikei,Josei,Kids,Love Polygon,Love Status Quo,Magical Sex Shift,Mahou Shoujo,Martial Arts,Mecha,Medical,Military,Music,Mystery,Mythology,Organized Crime,Otaku Culture,Parody,Performing Arts,Pets,Psychological,Racing,Reincarnation,Reverse Harem,Romance,Samurai,School,Sci-Fi,Seinen,Shoujo,Shounen,Showbiz,Slice of Life,Space,Sports,Strategy Game,Super Power,Supernatural,Survival,Suspense,Team Sports,Time Travel,Urban Fantasy,Vampire,Video Game,Villainess,Visual Arts,Workplace,synopsis_svd_0,synopsis_svd_1,synopsis_svd_2,synopsis_svd_3,synopsis_svd_4,synopsis_svd_5,synopsis_svd_6,synopsis_svd_7,synopsis_svd_8,synopsis_svd_9,synopsis_svd_10,synopsis_svd_11,synopsis_svd_12,synopsis_svd_13,synopsis_svd_14,synopsis_svd_15,synopsis_svd_16,synopsis_svd_17,synopsis_svd_18,synopsis_svd_19,synopsis_svd_20,synopsis_svd_21,synopsis_svd_22,synopsis_svd_23,synopsis_svd_24,synopsis_svd_25,synopsis_svd_26,synopsis_svd_27,synopsis_svd_28,synopsis_svd_29,synopsis_svd_30,synopsis_svd_31,synopsis_svd_32,synopsis_svd_33,synopsis_svd_34,synopsis_svd_35,synopsis_svd_36,synopsis_svd_37,synopsis_svd_38,synopsis_svd_39,synopsis_svd_40,synopsis_svd_41,synopsis_svd_42,synopsis_svd_43,synopsis_svd_44,synopsis_svd_45,synopsis_svd_46,synopsis_svd_47,synopsis_svd_48,synopsis_svd_49",130,4859,15,False,100,42,0.12783040142102292
Ebelha,global_mean,5,0.05987193559150893,0.05623809655368864,0.12200000000000001,0.09804142600003946,0.158,0.13720146655281212,0.61,0.34,48.0,17.9,100,191,143.0,4716.0,,complete_num_genres_synopsis_svd,"mean,popularity,watching,Action,Adult Cast,Adventure,Anthropomorphic,Avant Garde,Award Winning,Boys Love,CGDCT,Childcare,Combat Sports,Comedy,Crossdressing,Delinquents,Detective,Drama,Ecchi,Educational,Erotica,Fantasy,Gag Humor,Girls Love,Gore,Gourmet,Harem,High Stakes Game,Historical,Horror,Idols (Female),Idols (Male),Isekai,Iyashikei,Josei,Kids,Love Polygon,Love Status Quo,Magical Sex Shift,Mahou Shoujo,Martial Arts,Mecha,Medical,Military,Music,Mystery,Mythology,Organized Crime,Otaku Culture,Parody,Performing Arts,Pets,Psychological,Racing,Reincarnation,Reverse Harem,Romance,Samurai,School,Sci-Fi,Seinen,Shoujo,Shounen,Showbiz,Slice of Life,Space,Sports,Strategy Game,Super Power,Supernatural,Survival,Suspense,Team Sports,Time Travel,Urban Fantasy,Vampire,Video Game,Villainess,Visual Arts,Workplace,synopsis_svd_0,synopsis_svd_1,synopsis_svd_2,synopsis_svd_3,synopsis_svd_4,synopsis_svd_5,synopsis_svd_6,synopsis_svd_7,synopsis_svd_8,synopsis_svd_9,synopsis_svd_10,synopsis_svd_11,synopsis_svd_12,synopsis_svd_13,synopsis_svd_14,synopsis_svd_15,synopsis_svd_16,synopsis_svd_17,synopsis_svd_18,synopsis_svd_19,synopsis_svd_20,synopsis_svd_21,synopsis_svd_22,synopsis_svd_23,synopsis_svd_24,synopsis_svd_25,synopsis_svd_26,synopsis_svd_27,synopsis_svd_28,synopsis_svd_29,synopsis_svd_30,synopsis_svd_31,synopsis_svd_32,synopsis_svd_33,synopsis_svd_34,synopsis_svd_35,synopsis_svd_36,synopsis_svd_37,synopsis_svd_38,synopsis_svd_39,synopsis_svd_40,synopsis_svd_41,synopsis_svd_42,synopsis_svd_43,synopsis_svd_44,synopsis_svd_45,synopsis_svd_46,synopsis_svd_47,synopsis_svd_48,synopsis_svd_49",130,4859,15,False,100,42,0.12783040142102292
dareggon,bayesian_ridge,5,0.0551489388147926,0.09427735629517087,0.086,0.11808232019838676,0.152,0.2412704868222548,0.43,0.23,32.02,12.67,100,145,109.0,4750.0,,complete_num_genres_synopsis_svd,"mean,popularity,watching,Action,Adult Cast,Adventure,Anthropomorphic,Avant Garde,Award Winning,Boys Love,CGDCT,Childcare,Combat Sports,Comedy,Crossdressing,Delinquents,Detective,Drama,Ecchi,Educational,Erotica,Fantasy,Gag Humor,Girls Love,Gore,Gourmet,Harem,High Stakes Game,Historical,Horror,Idols (Female),Idols (Male),Isekai,Iyashikei,Josei,Kids,Love Polygon,Love Status Quo,Magical Sex Shift,Mahou Shoujo,Martial Arts,Mecha,Medical,Military,Music,Mystery,Mythology,Organized Crime,Otaku Culture,Parody,Performing Arts,Pets,Psychological,Racing,Reincarnation,Reverse Harem,Romance,Samurai,School,Sci-Fi,Seinen,Shoujo,Shounen,Showbiz,Slice of Life,Space,Sports,Strategy Game,Super Power,Supernatural,Survival,Suspense,Team Sports,Time Travel,Urban Fantasy,Vampire,Video Game,Villainess,Visual Arts,Workplace,synopsis_svd_0,synopsis_svd_1,synopsis_svd_2,synopsis_svd_3,synopsis_svd_4,synopsis_svd_5,synopsis_svd_6,synopsis_svd_7,synopsis_svd_8,synopsis_svd_9,synopsis_svd_10,synopsis_svd_11,synopsis_svd_12,synopsis_svd_13,synopsis_svd_14,synopsis_svd_15,synopsis_svd_16,synopsis_svd_17,synopsis_svd_18,synopsis_svd_19,synopsis_svd_20,synopsis_svd_21,synopsis_svd_22,synopsis_svd_23,synopsis_svd_24,synopsis_svd_25,synopsis_svd_26,synopsis_svd_27,synopsis_svd_28,synopsis_svd_29,synopsis_svd_30,synopsis_svd_31,synopsis_svd_32,synopsis_svd_33,synopsis_svd_34,synopsis_svd_35,synopsis_svd_36,synopsis_svd_37,synopsis_svd_38,synopsis_svd_39,synopsis_svd_40,synopsis_svd_41,synopsis_svd_42,synopsis_svd_43,synopsis_svd_44,synopsis_svd_45,synopsis_svd_46,synopsis_svd_47,synopsis_svd_48,synopsis_svd_49",130,4859,15,False,100,42,0.12783040142102292
AkiAki_Akira,knn_all_available,5,0.04654195175714361,0.0653090871106956,0.068,0.09521904571390467,0.0745,0.10528820475535737,0.34,0.34,37.86,21.92,100,234,176.0,4683.0,176.0,complete_num_genres_synopsis_svd,"mean,popularity,watching,Action,Adult Cast,Adventure,Anthropomorphic,Avant Garde,Award Winning,Boys Love,CGDCT,Childcare,Combat Sports,Comedy,Crossdressing,Delinquents,Detective,Drama,Ecchi,Educational,Erotica,Fantasy,Gag Humor,Girls Love,Gore,Gourmet,Harem,High Stakes Game,Historical,Horror,Idols (Female),Idols (Male),Isekai,Iyashikei,Josei,Kids,Love Polygon,Love Status Quo,Magical Sex Shift,Mahou Shoujo,Martial Arts,Mecha,Medical,Military,Music,Mystery,Mythology,Organized Crime,Otaku Culture,Parody,Performing Arts,Pets,Psychological,Racing,Reincarnation,Reverse Harem,Romance,Samurai,School,Sci-Fi,Seinen,Shoujo,Shounen,Showbiz,Slice of Life,Space,Sports,Strategy Game,Super Power,Supernatural,Survival,Suspense,Team Sports,Time Travel,Urban Fantasy,Vampire,Video Game,Villainess,Visual Arts,Workplace,synopsis_svd_0,synopsis_svd_1,synopsis_svd_2,synopsis_svd_3,synopsis_svd_4,synopsis_svd_5,synopsis_svd_6,synopsis_svd_7,synopsis_svd_8,synopsis_svd_9,synopsis_svd_10,synopsis_svd_11,synopsis_svd_12,synopsis_svd_13,synopsis_svd_14,synopsis_svd_15,synopsis_svd_16,synopsis_svd_17,synopsis_svd_18,synopsis_svd_19,synopsis_svd_20,synopsis_svd_21,synopsis_svd_22,synopsis_svd_23,synopsis_svd_24,synopsis_svd_25,synopsis_svd_26,synopsis_svd_27,synopsis_svd_28,synopsis_svd_29,synopsis_svd_30,synopsis_svd_31,synopsis_svd_32,synopsis_svd_33,synopsis_svd_34,synopsis_svd_35,synopsis_svd_36,synopsis_svd_37,synopsis_svd_38,synopsis_svd_39,synopsis_svd_40,synopsis_svd_41,synopsis_svd_42,synopsis_svd_43,synopsis_svd_44,synopsis_svd_45,synopsis_svd_46,synopsis_svd_47,synopsis_svd_48,synopsis_svd_49",130,4859,15,False,100,42,0.12783040142102292
Dadalt,global_mean,5,0.042395025659202015,0.07380026690935548,0.05,0.08703882797784893,0.08333333333333331,0.14506471329641488,0.25,0.25,14.55,8.34,100,68,51.0,4808.0,,complete_num_genres_synopsis_svd,"mean,popularity,watching,Action,Adult Cast,Adventure,Anthropomorphic,Avant Garde,Award Winning,Boys Love,CGDCT,Childcare,Combat Sports,Comedy,Crossdressing,Delinquents,Detective,Drama,Ecchi,Educational,Erotica,Fantasy,Gag Humor,Girls Love,Gore,Gourmet,Harem,High Stakes Game,Historical,Horror,Idols (Female),Idols (Male),Isekai,Iyashikei,Josei,Kids,Love Polygon,Love Status Quo,Magical Sex Shift,Mahou Shoujo,Martial Arts,Mecha,Medical,Military,Music,Mystery,Mythology,Organized Crime,Otaku Culture,Parody,Performing Arts,Pets,Psychological,Racing,Reincarnation,Reverse Harem,Romance,Samurai,School,Sci-Fi,Seinen,Shoujo,Shounen,Showbiz,Slice of Life,Space,Sports,Strategy Game,Super Power,Supernatural,Survival,Suspense,Team Sports,Time Travel,Urban Fantasy,Vampire,Video Game,Villainess,Visual Arts,Workplace,synopsis_svd_0,synopsis_svd_1,synopsis_svd_2,synopsis_svd_3,synopsis_svd_4,synopsis_svd_5,synopsis_svd_6,synopsis_svd_7,synopsis_svd_8,synopsis_svd_9,synopsis_svd_10,synopsis_svd_11,synopsis_svd_12,synopsis_svd_13,synopsis_svd_14,synopsis_svd_15,synopsis_svd_16,synopsis_svd_17,synopsis_svd_18,synopsis_svd_19,synopsis_svd_20,synopsis_svd_21,synopsis_svd_22,synopsis_svd_23,synopsis_svd_24,synopsis_svd_25,synopsis_svd_26,synopsis_svd_27,synopsis_svd_28,synopsis_svd_29,synopsis_svd_30,synopsis_svd_31,synopsis_svd_32,synopsis_svd_33,synopsis_svd_34,synopsis_svd_35,synopsis_svd_36,synopsis_svd_37,synopsis_svd_38,synopsis_svd_39,synopsis_svd_40,synopsis_svd_41,synopsis_svd_42,synopsis_svd_43,synopsis_svd_44,synopsis_svd_45,synopsis_svd_46,synopsis_svd_47,synopsis_svd_48,synopsis_svd_49",130,4859,15,False,100,42,0.12783040142102292
LocNguyen,bayesian_ridge,5,0.017519219216642044,0.04639970857957973,0.028000000000000004,0.0697470176039554,0.035333333333333335,0.09043106644167023,0.14,0.11,60.88,33.29,100,572,421.0,4438.0,,complete_num_genres_synopsis_svd,"mean,popularity,watching,Action,Adult Cast,Adventure,Anthropomorphic,Avant Garde,Award Winning,Boys Love,CGDCT,Childcare,Combat Sports,Comedy,Crossdressing,Delinquents,Detective,Drama,Ecchi,Educational,Erotica,Fantasy,Gag Humor,Girls Love,Gore,Gourmet,Harem,High Stakes Game,Historical,Horror,Idols (Female),Idols (Male),Isekai,Iyashikei,Josei,Kids,Love Polygon,Love Status Quo,Magical Sex Shift,Mahou Shoujo,Martial Arts,Mecha,Medical,Military,Music,Mystery,Mythology,Organized Crime,Otaku Culture,Parody,Performing Arts,Pets,Psychological,Racing,Reincarnation,Reverse Harem,Romance,Samurai,School,Sci-Fi,Seinen,Shoujo,Shounen,Showbiz,Slice of Life,Space,Sports,Strategy Game,Super Power,Supernatural,Survival,Suspense,Team Sports,Time Travel,Urban Fantasy,Vampire,Video Game,Villainess,Visual Arts,Workplace,synopsis_svd_0,synopsis_svd_1,synopsis_svd_2,synopsis_svd_3,synopsis_svd_4,synopsis_svd_5,synopsis_svd_6,synopsis_svd_7,synopsis_svd_8,synopsis_svd_9,synopsis_svd_10,synopsis_svd_11,synopsis_svd_12,synopsis_svd_13,synopsis_svd_14,synopsis_svd_15,synopsis_svd_16,synopsis_svd_17,synopsis_svd_18,synopsis_svd_19,synopsis_svd_20,synopsis_svd_21,synopsis_svd_22,synopsis_svd_23,synopsis_svd_24,synopsis_svd_25,synopsis_svd_26,synopsis_svd_27,synopsis_svd_28,synopsis_svd_29,synopsis_svd_30,synopsis_svd_31,synopsis_svd_32,synopsis_svd_33,synopsis_svd_34,synopsis_svd_35,synopsis_svd_36,synopsis_svd_37,synopsis_svd_38,synopsis_svd_39,synopsis_svd_40,synopsis_svd_41,synopsis_svd_42,synopsis_svd_43,synopsis_svd_44,synopsis_svd_45,synopsis_svd_46,synopsis_svd_47,synopsis_svd_48,synopsis_svd_49",130,4859,15,False,100,42,0.12783040142102292
Kutu_Mastor,bayesian_ridge,5,0.01472982397296489,0.04215269327811267,0.022000000000000002,0.06289320754704403,0.023000000000000003,0.06606547104688247,0.11,0.11,41.19,21.31,100,237,178.0,4681.0,,complete_num_genres_synopsis_svd,"mean,popularity,watching,Action,Adult Cast,Adventure,Anthropomorphic,Avant Garde,Award Winning,Boys Love,CGDCT,Childcare,Combat Sports,Comedy,Crossdressing,Delinquents,Detective,Drama,Ecchi,Educational,Erotica,Fantasy,Gag Humor,Girls Love,Gore,Gourmet,Harem,High Stakes Game,Historical,Horror,Idols (Female),Idols (Male),Isekai,Iyashikei,Josei,Kids,Love Polygon,Love Status Quo,Magical Sex Shift,Mahou Shoujo,Martial Arts,Mecha,Medical,Military,Music,Mystery,Mythology,Organized Crime,Otaku Culture,Parody,Performing Arts,Pets,Psychological,Racing,Reincarnation,Reverse Harem,Romance,Samurai,School,Sci-Fi,Seinen,Shoujo,Shounen,Showbiz,Slice of Life,Space,Sports,Strategy Game,Super Power,Supernatural,Survival,Suspense,Team Sports,Time Travel,Urban Fantasy,Vampire,Video Game,Villainess,Visual Arts,Workplace,synopsis_svd_0,synopsis_svd_1,synopsis_svd_2,synopsis_svd_3,synopsis_svd_4,synopsis_svd_5,synopsis_svd_6,synopsis_svd_7,synopsis_svd_8,synopsis_svd_9,synopsis_svd_10,synopsis_svd_11,synopsis_svd_12,synopsis_svd_13,synopsis_svd_14,synopsis_svd_15,synopsis_svd_16,synopsis_svd_17,synopsis_svd_18,synopsis_svd_19,synopsis_svd_20,synopsis_svd_21,synopsis_svd_22,synopsis_svd_23,synopsis_svd_24,synopsis_svd_25,synopsis_svd_26,synopsis_svd_27,synopsis_svd_28,synopsis_svd_29,synopsis_svd_30,synopsis_svd_31,synopsis_svd_32,synopsis_svd_33,synopsis_svd_34,synopsis_svd_35,synopsis_svd_36,synopsis_svd_37,synopsis_svd_38,synopsis_svd_39,synopsis_svd_40,synopsis_svd_41,synopsis_svd_42,synopsis_svd_43,synopsis_svd_44,synopsis_svd_45,synopsis_svd_46,synopsis_svd_47,synopsis_svd_48,synopsis_svd_49",130,4859,15,False,100,42,0.12783040142102292
alfalfy,bayesian_ridge,5,0.004468535299918562,0.025684835290957785,0.006000000000000001,0.03428932159955305,0.007833333333333333,0.04577889328836019,0.03,0.03,35.49,19.37,100,161,121.0,4738.0,,complete_num_genres_synopsis_svd,"mean,popularity,watching,Action,Adult Cast,Adventure,Anthropomorphic,Avant Garde,Award Winning,Boys Love,CGDCT,Childcare,Combat Sports,Comedy,Crossdressing,Delinquents,Detective,Drama,Ecchi,Educational,Erotica,Fantasy,Gag Humor,Girls Love,Gore,Gourmet,Harem,High Stakes Game,Historical,Horror,Idols (Female),Idols (Male),Isekai,Iyashikei,Josei,Kids,Love Polygon,Love Status Quo,Magical Sex Shift,Mahou Shoujo,Martial Arts,Mecha,Medical,Military,Music,Mystery,Mythology,Organized Crime,Otaku Culture,Parody,Performing Arts,Pets,Psychological,Racing,Reincarnation,Reverse Harem,Romance,Samurai,School,Sci-Fi,Seinen,Shoujo,Shounen,Showbiz,Slice of Life,Space,Sports,Strategy Game,Super Power,Supernatural,Survival,Suspense,Team Sports,Time Travel,Urban Fantasy,Vampire,Video Game,Villainess,Visual Arts,Workplace,synopsis_svd_0,synopsis_svd_1,synopsis_svd_2,synopsis_svd_3,synopsis_svd_4,synopsis_svd_5,synopsis_svd_6,synopsis_svd_7,synopsis_svd_8,synopsis_svd_9,synopsis_svd_10,synopsis_svd_11,synopsis_svd_12,synopsis_svd_13,synopsis_svd_14,synopsis_svd_15,synopsis_svd_16,synopsis_svd_17,synopsis_svd_18,synopsis_svd_19,synopsis_svd_20,synopsis_svd_21,synopsis_svd_22,synopsis_svd_23,synopsis_svd_24,synopsis_svd_25,synopsis_svd_26,synopsis_svd_27,synopsis_svd_28,synopsis_svd_29,synopsis_svd_30,synopsis_svd_31,synopsis_svd_32,synopsis_svd_33,synopsis_svd_34,synopsis_svd_35,synopsis_svd_36,synopsis_svd_37,synopsis_svd_38,synopsis_svd_39,synopsis_svd_40,synopsis_svd_41,synopsis_svd_42,synopsis_svd_43,synopsis_svd_44,synopsis_svd_45,synopsis_svd_46,synopsis_svd_47,synopsis_svd_48,synopsis_svd_49",130,4859,15,False,100,42,0.12783040142102292
Dinterdos123,global_mean,5,0.0,0.0,0.0,0.0,0.0,0.0,0.0,0.0,19.83,9.35,100,83,62.0,4797.0,,complete_num_genres_synopsis_svd,"mean,popularity,watching,Action,Adult Cast,Adventure,Anthropomorphic,Avant Garde,Award Winning,Boys Love,CGDCT,Childcare,Combat Sports,Comedy,Crossdressing,Delinquents,Detective,Drama,Ecchi,Educational,Erotica,Fantasy,Gag Humor,Girls Love,Gore,Gourmet,Harem,High Stakes Game,Historical,Horror,Idols (Female),Idols (Male),Isekai,Iyashikei,Josei,Kids,Love Polygon,Love Status Quo,Magical Sex Shift,Mahou Shoujo,Martial Arts,Mecha,Medical,Military,Music,Mystery,Mythology,Organized Crime,Otaku Culture,Parody,Performing Arts,Pets,Psychological,Racing,Reincarnation,Reverse Harem,Romance,Samurai,School,Sci-Fi,Seinen,Shoujo,Shounen,Showbiz,Slice of Life,Space,Sports,Strategy Game,Super Power,Supernatural,Survival,Suspense,Team Sports,Time Travel,Urban Fantasy,Vampire,Video Game,Villainess,Visual Arts,Workplace,synopsis_svd_0,synopsis_svd_1,synopsis_svd_2,synopsis_svd_3,synopsis_svd_4,synopsis_svd_5,synopsis_svd_6,synopsis_svd_7,synopsis_svd_8,synopsis_svd_9,synopsis_svd_10,synopsis_svd_11,synopsis_svd_12,synopsis_svd_13,synopsis_svd_14,synopsis_svd_15,synopsis_svd_16,synopsis_svd_17,synopsis_svd_18,synopsis_svd_19,synopsis_svd_20,synopsis_svd_21,synopsis_svd_22,synopsis_svd_23,synopsis_svd_24,synopsis_svd_25,synopsis_svd_26,synopsis_svd_27,synopsis_svd_28,synopsis_svd_29,synopsis_svd_30,synopsis_svd_31,synopsis_svd_32,synopsis_svd_33,synopsis_svd_34,synopsis_svd_35,synopsis_svd_36,synopsis_svd_37,synopsis_svd_38,synopsis_svd_39,synopsis_svd_40,synopsis_svd_41,synopsis_svd_42,synopsis_svd_43,synopsis_svd_44,synopsis_svd_45,synopsis_svd_46,synopsis_svd_47,synopsis_svd_48,synopsis_svd_49",130,4859,15,False,100,42,0.12783040142102292
Haileytokar,global_mean,5,0.0,0.0,0.0,0.0,0.0,0.0,0.0,0.0,41.49,16.4,100,198,148.0,4711.0,,complete_num_genres_synopsis_svd,"mean,popularity,watching,Action,Adult Cast,Adventure,Anthropomorphic,Avant Garde,Award Winning,Boys Love,CGDCT,Childcare,Combat Sports,Comedy,Crossdressing,Delinquents,Detective,Drama,Ecchi,Educational,Erotica,Fantasy,Gag Humor,Girls Love,Gore,Gourmet,Harem,High Stakes Game,Historical,Horror,Idols (Female),Idols (Male),Isekai,Iyashikei,Josei,Kids,Love Polygon,Love Status Quo,Magical Sex Shift,Mahou Shoujo,Martial Arts,Mecha,Medical,Military,Music,Mystery,Mythology,Organized Crime,Otaku Culture,Parody,Performing Arts,Pets,Psychological,Racing,Reincarnation,Reverse Harem,Romance,Samurai,School,Sci-Fi,Seinen,Shoujo,Shounen,Showbiz,Slice of Life,Space,Sports,Strategy Game,Super Power,Supernatural,Survival,Suspense,Team Sports,Time Travel,Urban Fantasy,Vampire,Video Game,Villainess,Visual Arts,Workplace,synopsis_svd_0,synopsis_svd_1,synopsis_svd_2,synopsis_svd_3,synopsis_svd_4,synopsis_svd_5,synopsis_svd_6,synopsis_svd_7,synopsis_svd_8,synopsis_svd_9,synopsis_svd_10,synopsis_svd_11,synopsis_svd_12,synopsis_svd_13,synopsis_svd_14,synopsis_svd_15,synopsis_svd_16,synopsis_svd_17,synopsis_svd_18,synopsis_svd_19,synopsis_svd_20,synopsis_svd_21,synopsis_svd_22,synopsis_svd_23,synopsis_svd_24,synopsis_svd_25,synopsis_svd_26,synopsis_svd_27,synopsis_svd_28,synopsis_svd_29,synopsis_svd_30,synopsis_svd_31,synopsis_svd_32,synopsis_svd_33,synopsis_svd_34,synopsis_svd_35,synopsis_svd_36,synopsis_svd_37,synopsis_svd_38,synopsis_svd_39,synopsis_svd_40,synopsis_svd_41,synopsis_svd_42,synopsis_svd_43,synopsis_svd_44,synopsis_svd_45,synopsis_svd_46,synopsis_svd_47,synopsis_svd_48,synopsis_svd_49",130,4859,15,False,100,42,0.12783040142102292
HumanRat,global_mean,5,0.0,0.0,0.0,0.0,0.0,0.0,0.0,0.0,34.29,9.94,100,161,121.0,4738.0,,complete_num_genres_synopsis_svd,"mean,popularity,watching,Action,Adult Cast,Adventure,Anthropomorphic,Avant Garde,Award Winning,Boys Love,CGDCT,Childcare,Combat Sports,Comedy,Crossdressing,Delinquents,Detective,Drama,Ecchi,Educational,Erotica,Fantasy,Gag Humor,Girls Love,Gore,Gourmet,Harem,High Stakes Game,Historical,Horror,Idols (Female),Idols (Male),Isekai,Iyashikei,Josei,Kids,Love Polygon,Love Status Quo,Magical Sex Shift,Mahou Shoujo,Martial Arts,Mecha,Medical,Military,Music,Mystery,Mythology,Organized Crime,Otaku Culture,Parody,Performing Arts,Pets,Psychological,Racing,Reincarnation,Reverse Harem,Romance,Samurai,School,Sci-Fi,Seinen,Shoujo,Shounen,Showbiz,Slice of Life,Space,Sports,Strategy Game,Super Power,Supernatural,Survival,Suspense,Team Sports,Time Travel,Urban Fantasy,Vampire,Video Game,Villainess,Visual Arts,Workplace,synopsis_svd_0,synopsis_svd_1,synopsis_svd_2,synopsis_svd_3,synopsis_svd_4,synopsis_svd_5,synopsis_svd_6,synopsis_svd_7,synopsis_svd_8,synopsis_svd_9,synopsis_svd_10,synopsis_svd_11,synopsis_svd_12,synopsis_svd_13,synopsis_svd_14,synopsis_svd_15,synopsis_svd_16,synopsis_svd_17,synopsis_svd_18,synopsis_svd_19,synopsis_svd_20,synopsis_svd_21,synopsis_svd_22,synopsis_svd_23,synopsis_svd_24,synopsis_svd_25,synopsis_svd_26,synopsis_svd_27,synopsis_svd_28,synopsis_svd_29,synopsis_svd_30,synopsis_svd_31,synopsis_svd_32,synopsis_svd_33,synopsis_svd_34,synopsis_svd_35,synopsis_svd_36,synopsis_svd_37,synopsis_svd_38,synopsis_svd_39,synopsis_svd_40,synopsis_svd_41,synopsis_svd_42,synopsis_svd_43,synopsis_svd_44,synopsis_svd_45,synopsis_svd_46,synopsis_svd_47,synopsis_svd_48,synopsis_svd_49",130,4859,15,False,100,42,0.12783040142102292
MarnikBe,bayesian_ridge,5,0.0,0.0,0.0,0.0,0.0,0.0,0.0,0.0,32.63,17.87,100,163,122.0,4737.0,,complete_num_genres_synopsis_svd,"mean,popularity,watching,Action,Adult Cast,Adventure,Anthropomorphic,Avant Garde,Award Winning,Boys Love,CGDCT,Childcare,Combat Sports,Comedy,Crossdressing,Delinquents,Detective,Drama,Ecchi,Educational,Erotica,Fantasy,Gag Humor,Girls Love,Gore,Gourmet,Harem,High Stakes Game,Historical,Horror,Idols (Female),Idols (Male),Isekai,Iyashikei,Josei,Kids,Love Polygon,Love Status Quo,Magical Sex Shift,Mahou Shoujo,Martial Arts,Mecha,Medical,Military,Music,Mystery,Mythology,Organized Crime,Otaku Culture,Parody,Performing Arts,Pets,Psychological,Racing,Reincarnation,Reverse Harem,Romance,Samurai,School,Sci-Fi,Seinen,Shoujo,Shounen,Showbiz,Slice of Life,Space,Sports,Strategy Game,Super Power,Supernatural,Survival,Suspense,Team Sports,Time Travel,Urban Fantasy,Vampire,Video Game,Villainess,Visual Arts,Workplace,synopsis_svd_0,synopsis_svd_1,synopsis_svd_2,synopsis_svd_3,synopsis_svd_4,synopsis_svd_5,synopsis_svd_6,synopsis_svd_7,synopsis_svd_8,synopsis_svd_9,synopsis_svd_10,synopsis_svd_11,synopsis_svd_12,synopsis_svd_13,synopsis_svd_14,synopsis_svd_15,synopsis_svd_16,synopsis_svd_17,synopsis_svd_18,synopsis_svd_19,synopsis_svd_20,synopsis_svd_21,synopsis_svd_22,synopsis_svd_23,synopsis_svd_24,synopsis_svd_25,synopsis_svd_26,synopsis_svd_27,synopsis_svd_28,synopsis_svd_29,synopsis_svd_30,synopsis_svd_31,synopsis_svd_32,synopsis_svd_33,synopsis_svd_34,synopsis_svd_35,synopsis_svd_36,synopsis_svd_37,synopsis_svd_38,synopsis_svd_39,synopsis_svd_40,synopsis_svd_41,synopsis_svd_42,synopsis_svd_43,synopsis_svd_44,synopsis_svd_45,synopsis_svd_46,synopsis_svd_47,synopsis_svd_48,synopsis_svd_49",130,4859,15,False,100,42,0.12783040142102292
MarnikBe,global_mean,5,0.0,0.0,0.0,0.0,0.0,0.0,0.0,0.0,32.63,17.87,100,163,122.0,4737.0,,complete_num_genres_synopsis_svd,"mean,popularity,watching,Action,Adult Cast,Adventure,Anthropomorphic,Avant Garde,Award Winning,Boys Love,CGDCT,Childcare,Combat Sports,Comedy,Crossdressing,Delinquents,Detective,Drama,Ecchi,Educational,Erotica,Fantasy,Gag Humor,Girls Love,Gore,Gourmet,Harem,High Stakes Game,Historical,Horror,Idols (Female),Idols (Male),Isekai,Iyashikei,Josei,Kids,Love Polygon,Love Status Quo,Magical Sex Shift,Mahou Shoujo,Martial Arts,Mecha,Medical,Military,Music,Mystery,Mythology,Organized Crime,Otaku Culture,Parody,Performing Arts,Pets,Psychological,Racing,Reincarnation,Reverse Harem,Romance,Samurai,School,Sci-Fi,Seinen,Shoujo,Shounen,Showbiz,Slice of Life,Space,Sports,Strategy Game,Super Power,Supernatural,Survival,Suspense,Team Sports,Time Travel,Urban Fantasy,Vampire,Video Game,Villainess,Visual Arts,Workplace,synopsis_svd_0,synopsis_svd_1,synopsis_svd_2,synopsis_svd_3,synopsis_svd_4,synopsis_svd_5,synopsis_svd_6,synopsis_svd_7,synopsis_svd_8,synopsis_svd_9,synopsis_svd_10,synopsis_svd_11,synopsis_svd_12,synopsis_svd_13,synopsis_svd_14,synopsis_svd_15,synopsis_svd_16,synopsis_svd_17,synopsis_svd_18,synopsis_svd_19,synopsis_svd_20,synopsis_svd_21,synopsis_svd_22,synopsis_svd_23,synopsis_svd_24,synopsis_svd_25,synopsis_svd_26,synopsis_svd_27,synopsis_svd_28,synopsis_svd_29,synopsis_svd_30,synopsis_svd_31,synopsis_svd_32,synopsis_svd_33,synopsis_svd_34,synopsis_svd_35,synopsis_svd_36,synopsis_svd_37,synopsis_svd_38,synopsis_svd_39,synopsis_svd_40,synopsis_svd_41,synopsis_svd_42,synopsis_svd_43,synopsis_svd_44,synopsis_svd_45,synopsis_svd_46,synopsis_svd_47,synopsis_svd_48,synopsis_svd_49",130,4859,15,False,100,42,0.12783040142102292
MeloniaShaby,global_mean,5,0.0,0.0,0.0,0.0,0.0,0.0,0.0,0.0,45.98,25.59,100,220,165.0,4694.0,,complete_num_genres_synopsis_svd,"mean,popularity,watching,Action,Adult Cast,Adventure,Anthropomorphic,Avant Garde,Award Winning,Boys Love,CGDCT,Childcare,Combat Sports,Comedy,Crossdressing,Delinquents,Detective,Drama,Ecchi,Educational,Erotica,Fantasy,Gag Humor,Girls Love,Gore,Gourmet,Harem,High Stakes Game,Historical,Horror,Idols (Female),Idols (Male),Isekai,Iyashikei,Josei,Kids,Love Polygon,Love Status Quo,Magical Sex Shift,Mahou Shoujo,Martial Arts,Mecha,Medical,Military,Music,Mystery,Mythology,Organized Crime,Otaku Culture,Parody,Performing Arts,Pets,Psychological,Racing,Reincarnation,Reverse Harem,Romance,Samurai,School,Sci-Fi,Seinen,Shoujo,Shounen,Showbiz,Slice of Life,Space,Sports,Strategy Game,Super Power,Supernatural,Survival,Suspense,Team Sports,Time Travel,Urban Fantasy,Vampire,Video Game,Villainess,Visual Arts,Workplace,synopsis_svd_0,synopsis_svd_1,synopsis_svd_2,synopsis_svd_3,synopsis_svd_4,synopsis_svd_5,synopsis_svd_6,synopsis_svd_7,synopsis_svd_8,synopsis_svd_9,synopsis_svd_10,synopsis_svd_11,synopsis_svd_12,synopsis_svd_13,synopsis_svd_14,synopsis_svd_15,synopsis_svd_16,synopsis_svd_17,synopsis_svd_18,synopsis_svd_19,synopsis_svd_20,synopsis_svd_21,synopsis_svd_22,synopsis_svd_23,synopsis_svd_24,synopsis_svd_25,synopsis_svd_26,synopsis_svd_27,synopsis_svd_28,synopsis_svd_29,synopsis_svd_30,synopsis_svd_31,synopsis_svd_32,synopsis_svd_33,synopsis_svd_34,synopsis_svd_35,synopsis_svd_36,synopsis_svd_37,synopsis_svd_38,synopsis_svd_39,synopsis_svd_40,synopsis_svd_41,synopsis_svd_42,synopsis_svd_43,synopsis_svd_44,synopsis_svd_45,synopsis_svd_46,synopsis_svd_47,synopsis_svd_48,synopsis_svd_49",130,4859,15,False,100,42,0.12783040142102292
xF0x,global_mean,5,0.0,0.0,0.0,0.0,0.0,0.0,0.0,0.0,20.45,12.71,100,135,101.0,4758.0,,complete_num_genres_synopsis_svd,"mean,popularity,watching,Action,Adult Cast,Adventure,Anthropomorphic,Avant Garde,Award Winning,Boys Love,CGDCT,Childcare,Combat Sports,Comedy,Crossdressing,Delinquents,Detective,Drama,Ecchi,Educational,Erotica,Fantasy,Gag Humor,Girls Love,Gore,Gourmet,Harem,High Stakes Game,Historical,Horror,Idols (Female),Idols (Male),Isekai,Iyashikei,Josei,Kids,Love Polygon,Love Status Quo,Magical Sex Shift,Mahou Shoujo,Martial Arts,Mecha,Medical,Military,Music,Mystery,Mythology,Organized Crime,Otaku Culture,Parody,Performing Arts,Pets,Psychological,Racing,Reincarnation,Reverse Harem,Romance,Samurai,School,Sci-Fi,Seinen,Shoujo,Shounen,Showbiz,Slice of Life,Space,Sports,Strategy Game,Super Power,Supernatural,Survival,Suspense,Team Sports,Time Travel,Urban Fantasy,Vampire,Video Game,Villainess,Visual Arts,Workplace,synopsis_svd_0,synopsis_svd_1,synopsis_svd_2,synopsis_svd_3,synopsis_svd_4,synopsis_svd_5,synopsis_svd_6,synopsis_svd_7,synopsis_svd_8,synopsis_svd_9,synopsis_svd_10,synopsis_svd_11,synopsis_svd_12,synopsis_svd_13,synopsis_svd_14,synopsis_svd_15,synopsis_svd_16,synopsis_svd_17,synopsis_svd_18,synopsis_svd_19,synopsis_svd_20,synopsis_svd_21,synopsis_svd_22,synopsis_svd_23,synopsis_svd_24,synopsis_svd_25,synopsis_svd_26,synopsis_svd_27,synopsis_svd_28,synopsis_svd_29,synopsis_svd_30,synopsis_svd_31,synopsis_svd_32,synopsis_svd_33,synopsis_svd_34,synopsis_svd_35,synopsis_svd_36,synopsis_svd_37,synopsis_svd_38,synopsis_svd_39,synopsis_svd_40,synopsis_svd_41,synopsis_svd_42,synopsis_svd_43,synopsis_svd_44,synopsis_svd_45,synopsis_svd_46,synopsis_svd_47,synopsis_svd_48,synopsis_svd_49",130,4859,15,False,100,42,0.12783040142102292
