bayesian_uncertainty_weight,k,avg_ndcg_at_k,std_ndcg_at_k,avg_precision_at_k,std_precision_at_k,avg_mrr_at_k,std_mrr_at_k,avg_relevant_hits_at_k,avg_strong_hits_at_k,avg_test_relevant,avg_test_strong_relevant,username,score_count,n_runs,clip_predictions
20,5,0.2146160065428605,0.14599391329768574,0.274,0.17210520625536588,0.4903333333333333,0.3208537642714171,1.37,0.9,27.61,15.48,LoyJoy,231,100,False
18,5,0.2061950935636578,0.14340974304190895,0.264,0.16546231527987806,0.4815,0.31848137654404096,1.32,0.85,27.61,15.48,LoyJoy,231,100,False
17,5,0.20132614780563443,0.1376160051314039,0.262,0.16003787430518193,0.4746666666666667,0.3154502598543862,1.31,0.83,27.61,15.48,LoyJoy,231,100,False
15,5,0.1965231988676434,0.14280400242579025,0.256,0.1659499742072711,0.461,0.32361437333076326,1.28,0.82,27.61,15.48,LoyJoy,231,100,False
13,5,0.1899484737043637,0.13956388773603945,0.24600000000000002,0.15532305857551393,0.44866666666666666,0.32109415914150846,1.23,0.81,27.61,15.48,LoyJoy,231,100,False
12,5,0.18961161209764613,0.14207030223742775,0.248,0.15857955337140645,0.43733333333333335,0.316734176748482,1.24,0.83,27.61,15.48,LoyJoy,231,100,False
10,5,0.17049036838042364,0.140582055723915,0.228,0.16085629448283167,0.3913333333333333,0.3150052107954452,1.14,0.75,27.61,15.48,LoyJoy,231,100,False
9,5,0.15314983375798705,0.1385836642595455,0.20199999999999999,0.15697905670000778,0.3661666666666667,0.31901446687973783,1.01,0.66,27.61,15.48,LoyJoy,231,100,False
8,5,0.13603726892140944,0.13187790832718316,0.182,0.1533333333333333,0.33016666666666666,0.3144187000918557,0.91,0.58,27.61,15.48,LoyJoy,231,100,False
7,5,0.11514774322020106,0.11930881855777895,0.16,0.14213381090374033,0.27599999999999997,0.28637523358484485,0.8,0.53,27.61,15.48,LoyJoy,231,100,False
6,5,0.09626812229212639,0.11547775646540301,0.132,0.13698042328608998,0.22733333333333333,0.2716652723518783,0.66,0.45,27.61,15.48,LoyJoy,231,100,False
5,5,0.0751168715383924,0.09888738881429766,0.10800000000000001,0.12527142249104262,0.18083333333333332,0.24471260543596704,0.54,0.36,27.61,15.48,LoyJoy,231,100,False
3,5,0.04075407548748435,0.06848058538906482,0.06,0.09639984073082951,0.07916666666666666,0.13198763248527667,0.3,0.25,27.61,15.48,LoyJoy,231,100,False
0,5,0.01177011624312014,0.04080051690536735,0.016,0.054531984868858144,0.020499999999999997,0.07490566457791151,0.08,0.08,27.61,15.48,LoyJoy,231,100,False
-1,5,0.007006152045528029,0.030736550242283837,0.01,0.043808582711518065,0.0115,0.05067972319808332,0.05,0.05,27.61,15.48,LoyJoy,231,100,False
-2,5,0.0014606834984270645,0.014606834984270647,0.002,0.02,0.0025,0.024999999999999998,0.01,0.01,27.61,15.48,LoyJoy,231,100,False
-5,5,0.0,0.0,0.0,0.0,0.0,0.0,0.0,0.0,27.61,15.48,LoyJoy,231,100,False
-4,5,0.0,0.0,0.0,0.0,0.0,0.0,0.0,0.0,27.61,15.48,LoyJoy,231,100,False
-3,5,0.0,0.0,0.0,0.0,0.0,0.0,0.0,0.0,27.61,15.48,LoyJoy,231,100,False
20,10,0.1772064092281137,0.1056201568477793,0.198,0.10048367875913829,0.5052301587301588,0.3001152407874147,1.98,1.38,27.61,15.48,LoyJoy,231,100,False
18,10,0.17490478023461747,0.10637688580410146,0.19699999999999998,0.1039181884897437,0.4952857142857143,0.2996773901561876,1.97,1.38,27.61,15.48,LoyJoy,231,100,False
17,10,0.17409830527392622,0.10361818252714468,0.19899999999999998,0.10100005000498812,0.48914682539682536,0.29562058106560113,1.99,1.4,27.61,15.48,LoyJoy,231,100,False
15,10,0.16990056918696983,0.10162949161709367,0.196,0.09941241513426922,0.479984126984127,0.29895461286051456,1.96,1.37,27.61,15.48,LoyJoy,231,100,False
13,10,0.1666064976433998,0.10258151017162563,0.195,0.09987365756167875,0.4661626984126984,0.29898734608452004,1.95,1.37,27.61,15.48,LoyJoy,231,100,False
12,10,0.16172098476543786,0.10129053189939488,0.18900000000000003,0.09836542876314613,0.4529126984126984,0.29737704457403596,1.89,1.33,27.61,15.48,LoyJoy,231,100,False
10,10,0.151403236688512,0.10000107980619528,0.18100000000000002,0.09607972278953104,0.4111587301587301,0.29305839912737247,1.81,1.27,27.61,15.48,LoyJoy,231,100,False
9,10,0.1439820248996498,0.0974996879298564,0.17600000000000002,0.0954733026303768,0.3903809523809524,0.294338113118453,1.76,1.22,27.61,15.48,LoyJoy,231,100,False
8,10,0.13695229561979783,0.09202509997739343,0.171,0.09243616415908032,0.36190873015873015,0.2846778567784891,1.71,1.21,27.61,15.48,LoyJoy,231,100,False
7,10,0.1270626158577847,0.08445918344969508,0.17,0.0926599081904282,0.3154166666666667,0.2530960915151999,1.7,1.19,27.61,15.48,LoyJoy,231,100,False
6,10,0.11186931950280986,0.08208432370404947,0.154,0.09365744589575976,0.2775952380952381,0.23550361498516253,1.54,1.06,27.61,15.48,LoyJoy,231,100,False
5,10,0.09167446132732605,0.07432160219949945,0.133,0.08534540634292148,0.23376190476190475,0.21299097476798312,1.33,0.87,27.61,15.48,LoyJoy,231,100,False
3,10,0.07370119172628602,0.06172285511963336,0.11800000000000001,0.0857291954324485,0.1441984126984127,0.10756951581393363,1.18,0.83,27.61,15.48,LoyJoy,231,100,False
0,10,0.0243616328306531,0.03902536610558375,0.036000000000000004,0.05416025603090641,0.05192857142857143,0.08606065999571184,0.36,0.3,27.61,15.48,LoyJoy,231,100,False
-1,10,0.013832134993490975,0.029542477201003024,0.019000000000000003,0.03942772444036626,0.02912301587301587,0.06456413359137045,0.19,0.18,27.61,15.48,LoyJoy,231,100,False
-2,10,0.008206697415274793,0.023623108388181623,0.011000000000000001,0.031446603773522014,0.016496031746031745,0.04898277261887472,0.11,0.11,27.61,15.48,LoyJoy,231,100,False
-3,10,0.0035740203645461418,0.015728982914519414,0.005,0.02190429135575903,0.006761904761904762,0.03038330602567875,0.05,0.05,27.61,15.48,LoyJoy,231,100,False
-4,10,0.003426245556748905,0.015074713544460699,0.005,0.02190429135575903,0.006095238095238095,0.027426807703435144,0.05,0.05,27.61,15.48,LoyJoy,231,100,False
-5,10,0.0006625422345438904,0.006625422345438905,0.001,0.009999999999999997,0.0011111111111111111,0.011111111111111108,0.01,0.01,27.61,15.48,LoyJoy,231,100,False
7,5,0.4939308689417939,0.22284754827535097,0.47200000000000003,0.2040400040000079,0.8038333333333333,0.30858330025886566,2.36,2.09,17.19,8.18,DanteNani2004,75,100,False
5,5,0.4919859465404653,0.2230326363761998,0.46799999999999997,0.20542146868810915,0.8043333333333333,0.3096794258605935,2.34,2.07,17.19,8.18,DanteNani2004,75,100,False
6,5,0.4915418849194881,0.22270182117650336,0.46799999999999997,0.20344507610138657,0.8038333333333333,0.30858330025886566,2.34,2.07,17.19,8.18,DanteNani2004,75,100,False
8,5,0.4905721516865653,0.22695152417557166,0.466,0.20705730432111605,0.8013333333333332,0.31407927541592306,2.33,2.07,17.19,8.18,DanteNani2004,75,100,False
9,5,0.48955552980911543,0.2250727015046738,0.46399999999999997,0.20671553674388654,0.8029999999999999,0.31200610802965295,2.32,2.06,17.19,8.18,DanteNani2004,75,100,False
20,5,0.4884948203893139,0.22598250171653944,0.466,0.20899954086267292,0.805,0.3074139993613937,2.33,2.05,17.19,8.18,DanteNani2004,75,100,False
10,5,0.48844571176442547,0.22459080386237498,0.46399999999999997,0.20671553674388654,0.8029999999999999,0.31200610802965295,2.32,2.05,17.19,8.18,DanteNani2004,75,100,False
18,5,0.48733140233749417,0.22501707054152637,0.46399999999999997,0.2067155367438865,0.805,0.3074139993613937,2.32,2.04,17.19,8.18,DanteNani2004,75,100,False
3,5,0.4872110681821075,0.22840114813890752,0.45799999999999996,0.21328597959291437,0.802,0.31667357780868755,2.29,2.04,17.19,8.18,DanteNani2004,75,100,False
12,5,0.4869931405613221,0.22395675155889408,0.462,0.20635362410633395,0.8029999999999999,0.31200610802965295,2.31,2.04,17.19,8.18,DanteNani2004,75,100,False
17,5,0.48601935156237075,0.22323332266036836,0.462,0.20438624555908205,0.805,0.3074139993613937,2.31,2.03,17.19,8.18,DanteNani2004,75,100,False
13,5,0.48573063402729993,0.2244544031122423,0.46,0.20792383998070837,0.8029999999999999,0.31200610802965295,2.3,2.03,17.19,8.18,DanteNani2004,75,100,False
15,5,0.48426995052887284,0.22362023365572267,0.45799999999999996,0.20752509888364512,0.8029999999999999,0.31200610802965295,2.29,2.02,17.19,8.18,DanteNani2004,75,100,False
0,5,0.4441229777877378,0.23591616727274503,0.40399999999999997,0.21268841914021464,0.7671666666666667,0.3403096150845101,2.02,1.85,17.19,8.18,DanteNani2004,75,100,False
-1,5,0.3891453912453576,0.25264906785724656,0.36,0.22202011010926304,0.6548333333333334,0.39405867463772326,1.8,1.67,17.19,8.18,DanteNani2004,75,100,False
-2,5,0.19725286032933975,0.23122538086706745,0.17800000000000002,0.20478123335734044,0.3615,0.4152919746906076,0.89,0.88,17.19,8.18,DanteNani2004,75,100,False
-3,5,0.0013120507751234179,0.013120507751234179,0.002,0.019999999999999993,0.002,0.019999999999999993,0.01,0.01,17.19,8.18,DanteNani2004,75,100,False
-5,5,0.0,0.0,0.0,0.0,0.0,0.0,0.0,0.0,17.19,8.18,DanteNani2004,75,100,False
-4,5,0.0,0.0,0.0,0.0,0.0,0.0,0.0,0.0,17.19,8.18,DanteNani2004,75,100,False
5,10,0.41078992507237716,0.15837884222708773,0.33399999999999996,0.13942160463279657,0.8088571428571428,0.29870174972604685,3.34,2.85,17.19,8.18,DanteNani2004,75,100,False
6,10,0.40937812569239973,0.159231292110767,0.332,0.138447379056726,0.8066904761904762,0.3016421107255467,3.32,2.83,17.19,8.18,DanteNani2004,75,100,False
7,10,0.40875086711837844,0.16062659781885932,0.331,0.13976531556270833,0.8069285714285713,0.30112178224858765,3.31,2.82,17.19,8.18,DanteNani2004,75,100,False
8,10,0.4087125182911406,0.1602452585900935,0.331,0.13904072508557783,0.8058571428571429,0.3033061106559897,3.31,2.83,17.19,8.18,DanteNani2004,75,100,False
9,10,0.4062330221981611,0.1615348978037124,0.327,0.13915691310404402,0.8072063492063493,0.3018571461831967,3.27,2.8,17.19,8.18,DanteNani2004,75,100,False
18,10,0.4055889746157523,0.15642037862629798,0.32799999999999996,0.13564659966250536,0.8086666666666666,0.29834447809441295,3.28,2.79,17.19,8.18,DanteNani2004,75,100,False
12,10,0.40557805267401403,0.15781397016527748,0.32799999999999996,0.13564659966250533,0.8073333333333333,0.30159806314816573,3.28,2.79,17.19,8.18,DanteNani2004,75,100,False
17,10,0.40548476306036174,0.15625886494086594,0.32799999999999996,0.13564659966250536,0.8086666666666666,0.29834447809441295,3.28,2.79,17.19,8.18,DanteNani2004,75,100,False
13,10,0.4054218096328199,0.15915454378056315,0.32799999999999996,0.13786246989685264,0.8073333333333333,0.30159806314816573,3.28,2.79,17.19,8.18,DanteNani2004,75,100,False
20,10,0.40524022660988385,0.1560246783870452,0.327,0.13397949488822924,0.8086666666666666,0.29834447809441295,3.27,2.79,17.19,8.18,DanteNani2004,75,100,False
10,10,0.40469859032229505,0.16052036638193762,0.325,0.13734495390671023,0.8073333333333333,0.30159806314816573,3.25,2.78,17.19,8.18,DanteNani2004,75,100,False
15,10,0.40382663511535805,0.1588765459886134,0.326,0.13825755500207398,0.8073333333333333,0.30159806314816573,3.26,2.77,17.19,8.18,DanteNani2004,75,100,False
3,10,0.397903180524037,0.16221889632251413,0.314,0.13927663048042122,0.809063492063492,0.29968515230882753,3.14,2.71,17.19,8.18,DanteNani2004,75,100,False
0,10,0.3567667668615382,0.1720677487933692,0.272,0.1400432833524022,0.7681666666666667,0.3381727405766701,2.72,2.39,17.19,8.18,DanteNani2004,75,100,False
-1,10,0.30432635793552704,0.1749713029992831,0.229,0.135806606405706,0.6644563492063491,0.37924128814669555,2.29,2.05,17.19,8.18,DanteNani2004,75,100,False
-2,10,0.17121224202332172,0.16078187009477482,0.136,0.11679214031947545,0.38426190476190475,0.39790959080906313,1.36,1.3,17.19,8.18,DanteNani2004,75,100,False
-3,10,0.0021819512777734996,0.01665597839382353,0.0030000000000000005,0.02227015033536137,0.0030000000000000005,0.02227015033536137,0.03,0.03,17.19,8.18,DanteNani2004,75,100,False
-5,10,0.0,0.0,0.0,0.0,0.0,0.0,0.0,0.0,17.19,8.18,DanteNani2004,75,100,False
-4,10,0.0,0.0,0.0,0.0,0.0,0.0,0.0,0.0,17.19,8.18,DanteNani2004,75,100,False
3,5,0.03716511551798371,0.06812111301061809,0.04800000000000001,0.08584693919818559,0.06816666666666667,0.13327218715774572,0.24,0.24,41.19,21.31,Kutu_Mastor,237,100,False
20,5,0.02745441417486862,0.058835469008462586,0.04,0.08528028654224418,0.042166666666666665,0.08943817030507523,0.2,0.2,41.19,21.31,Kutu_Mastor,237,100,False
0,5,0.026811211799511375,0.05790664470436004,0.036000000000000004,0.07722458393307383,0.047,0.10351238966816874,0.18,0.18,41.19,21.31,Kutu_Mastor,237,100,False
5,5,0.026314803308724505,0.05702639011944782,0.036000000000000004,0.07722458393307384,0.04533333333333333,0.10153369346719791,0.18,0.18,41.19,21.31,Kutu_Mastor,237,100,False
6,5,0.0193469919961871,0.04836765801758707,0.028000000000000004,0.06974701760395541,0.03133333333333333,0.07932374103795088,0.14,0.14,41.19,21.31,Kutu_Mastor,237,100,False
18,5,0.01919835927288345,0.04799571987027755,0.028000000000000004,0.06974701760395541,0.030833333333333334,0.0780793216631681,0.14,0.14,41.19,21.31,Kutu_Mastor,237,100,False
17,5,0.017502558246515372,0.04556288335364007,0.026000000000000002,0.06759953379792624,0.0275,0.07190587281616535,0.13,0.13,41.19,21.31,Kutu_Mastor,237,100,False
15,5,0.01472982397296489,0.04215269327811267,0.022000000000000002,0.06289320754704403,0.023000000000000003,0.06606547104688247,0.11,0.11,41.19,21.31,Kutu_Mastor,237,100,False
13,5,0.009481620872471218,0.034780070056404565,0.014000000000000002,0.05128647999524856,0.015,0.05527707983925667,0.07,0.07,41.19,21.31,Kutu_Mastor,237,100,False
7,5,0.008318202820651446,0.033140800901641704,0.012000000000000002,0.047736651315188415,0.013500000000000002,0.054055246710839236,0.06,0.06,41.19,21.31,Kutu_Mastor,237,100,False
8,5,0.005545468547100965,0.0273448328066043,0.008,0.03938927711338648,0.009000000000000001,0.04459696053419883,0.04,0.04,41.19,21.31,Kutu_Mastor,237,100,False
12,5,0.005545468547100965,0.02734483280660431,0.008,0.03938927711338647,0.009000000000000001,0.04459696053419884,0.04,0.04,41.19,21.31,Kutu_Mastor,237,100,False
-1,5,0.004468535299918562,0.02568483529095779,0.006000000000000001,0.03428932159955305,0.007833333333333333,0.04577889328836019,0.03,0.03,41.19,21.31,Kutu_Mastor,237,100,False
9,5,0.0026241015502468357,0.01846124902354874,0.004,0.02814105882725794,0.004,0.02814105882725794,0.02,0.02,41.19,21.31,Kutu_Mastor,237,100,False
10,5,0.0026241015502468357,0.01846124902354874,0.004,0.02814105882725794,0.004,0.02814105882725794,0.02,0.02,41.19,21.31,Kutu_Mastor,237,100,False
-5,5,0.0,0.0,0.0,0.0,0.0,0.0,0.0,0.0,41.19,21.31,Kutu_Mastor,237,100,False
-4,5,0.0,0.0,0.0,0.0,0.0,0.0,0.0,0.0,41.19,21.31,Kutu_Mastor,237,100,False
-3,5,0.0,0.0,0.0,0.0,0.0,0.0,0.0,0.0,41.19,21.31,Kutu_Mastor,237,100,False
-2,5,0.0,0.0,0.0,0.0,0.0,0.0,0.0,0.0,41.19,21.31,Kutu_Mastor,237,100,False
3,10,0.057433121150246354,0.05866347137628429,0.07100000000000001,0.071484970518991,0.11393253968253968,0.12631263221610584,0.71,0.7,41.19,21.31,Kutu_Mastor,237,100,False
20,10,0.04775400874176341,0.056603012428149635,0.062,0.0735533888417183,0.08394047619047619,0.09325724232583123,0.62,0.62,41.19,21.31,Kutu_Mastor,237,100,False
18,10,0.045236979023527656,0.0526531244726822,0.06,0.06963106238227913,0.07867460317460317,0.0870650413068028,0.6,0.6,41.19,21.31,Kutu_Mastor,237,100,False
17,10,0.04350807317863284,0.05233726949547099,0.05800000000000001,0.06989169110021938,0.0743531746031746,0.08370981356642883,0.58,0.58,41.19,21.31,Kutu_Mastor,237,100,False
15,10,0.04269684482585616,0.05086291879551922,0.05800000000000001,0.06843119378491275,0.07267857142857143,0.07943323943038832,0.58,0.58,41.19,21.31,Kutu_Mastor,237,100,False
13,10,0.04058423075267206,0.048161414456068696,0.05600000000000001,0.06562827673397122,0.06842857142857142,0.07628557977360101,0.56,0.56,41.19,21.31,Kutu_Mastor,237,100,False
12,10,0.03927290823889418,0.04912057503144982,0.055,0.06871842709362769,0.06265079365079365,0.07361897405504482,0.55,0.55,41.19,21.31,Kutu_Mastor,237,100,False
0,10,0.037665629885721634,0.05016358317188634,0.046000000000000006,0.06100173867368144,0.07904365079365079,0.10594971162129875,0.46,0.46,41.19,21.31,Kutu_Mastor,237,100,False
10,10,0.03291400433873593,0.04579412846418714,0.047,0.06583573068132102,0.05135714285714285,0.06660078715416011,0.47,0.47,41.19,21.31,Kutu_Mastor,237,100,False
5,10,0.0314781294858635,0.04391222381664733,0.038000000000000006,0.05276209229966514,0.07036904761904762,0.10495365962057172,0.38,0.38,41.19,21.31,Kutu_Mastor,237,100,False
6,10,0.03076307659338478,0.04103242173833101,0.04,0.053181602347831036,0.0626031746031746,0.08713875379381517,0.4,0.4,41.19,21.31,Kutu_Mastor,237,100,False
9,10,0.029432764840562686,0.04455494790272923,0.042,0.06384957068585252,0.04519444444444445,0.06526658076372373,0.42,0.42,41.19,21.31,Kutu_Mastor,237,100,False
8,10,0.02778636526419867,0.04081434396745565,0.04,0.05860327153276883,0.04536904761904762,0.06639574559486033,0.4,0.4,41.19,21.31,Kutu_Mastor,237,100,False
7,10,0.02727326590586534,0.03672317314538594,0.038000000000000006,0.050811594954480434,0.05098015873015873,0.07175394101447116,0.38,0.38,41.19,21.31,Kutu_Mastor,237,100,False
-1,10,0.007999176795513718,0.024464624963290573,0.01,0.030151134457776358,0.017702380952380952,0.057267644479980874,0.1,0.1,41.19,21.31,Kutu_Mastor,237,100,False
-2,10,0.0021298206765310917,0.01218565916767694,0.0030000000000000005,0.017144660799776525,0.003968253968253968,0.022827261211481053,0.03,0.03,41.19,21.31,Kutu_Mastor,237,100,False
-5,10,0.0,0.0,0.0,0.0,0.0,0.0,0.0,0.0,41.19,21.31,Kutu_Mastor,237,100,False
-4,10,0.0,0.0,0.0,0.0,0.0,0.0,0.0,0.0,41.19,21.31,Kutu_Mastor,237,100,False
-3,10,0.0,0.0,0.0,0.0,0.0,0.0,0.0,0.0,41.19,21.31,Kutu_Mastor,237,100,False
20,5,0.15417221085580743,0.1533554953327913,0.16400000000000003,0.15143755588800728,0.3183333333333333,0.3160014277766833,0.82,0.74,14.55,8.34,Dadalt,68,100,False
18,5,0.15131844923963567,0.15072137212125641,0.16,0.14494861506789572,0.3175,0.3154048491307939,0.8,0.72,14.55,8.34,Dadalt,68,100,False
17,5,0.1496721924543688,0.14961477204632936,0.16,0.14494861506789572,0.3108333333333333,0.3077868484970469,0.8,0.72,14.55,8.34,Dadalt,68,100,False
15,5,0.14141006714412313,0.14581807839651073,0.15600000000000003,0.14377310969269277,0.2955,0.29428578725301124,0.78,0.68,14.55,8.34,Dadalt,68,100,False
13,5,0.1366414637688888,0.13836379956889253,0.15600000000000003,0.14093482984211625,0.2771666666666667,0.2685085276209356,0.78,0.68,14.55,8.34,Dadalt,68,100,False
12,5,0.13610236943173779,0.13718971376636108,0.158,0.14011539256028666,0.27649999999999997,0.2664887348299095,0.79,0.68,14.55,8.34,Dadalt,68,100,False
10,5,0.12449955770794732,0.13130133140083694,0.14600000000000002,0.13884079975557503,0.2475,0.2472789629586098,0.73,0.64,14.55,8.34,Dadalt,68,100,False
9,5,0.11150115853870585,0.1251936317823101,0.132,0.13094836672320412,0.22216666666666665,0.2410118843440334,0.66,0.59,14.55,8.34,Dadalt,68,100,False
8,5,0.09928674198551571,0.11261886787038727,0.126,0.13228374767517706,0.18766666666666665,0.20359590046124215,0.63,0.56,14.55,8.34,Dadalt,68,100,False
7,5,0.08838282747932719,0.10133745011350469,0.11800000000000001,0.12421877084524316,0.163,0.1739257552812934,0.59,0.53,14.55,8.34,Dadalt,68,100,False
6,5,0.0861868850317766,0.09908187604860409,0.12,0.12712834523274563,0.1555,0.1627150222050148,0.6,0.53,14.55,8.34,Dadalt,68,100,False
5,5,0.07855979149556935,0.09591471751439257,0.11200000000000002,0.1281413361105698,0.1355,0.14917759962191451,0.56,0.5,14.55,8.34,Dadalt,68,100,False
3,5,0.06618181481752067,0.09676858239177906,0.08200000000000002,0.11753357568857256,0.12366666666666667,0.17333754203644638,0.41,0.39,14.55,8.34,Dadalt,68,100,False
0,5,0.03783396391774988,0.07076145520389282,0.046000000000000006,0.08459051693633014,0.073,0.14220841157692582,0.23,0.23,14.55,8.34,Dadalt,68,100,False
-1,5,0.03079550819652838,0.06257773098149634,0.04,0.08040302522073699,0.05583333333333333,0.116927918168152,0.2,0.2,14.55,8.34,Dadalt,68,100,False
-2,5,0.027504394795449114,0.057423677078767006,0.038000000000000006,0.07885544888073254,0.04683333333333334,0.0996259840620744,0.19,0.19,14.55,8.34,Dadalt,68,100,False
-3,5,0.026415291960381407,0.05491184989292691,0.038000000000000006,0.07885544888073254,0.043,0.08989893315172423,0.19,0.19,14.55,8.34,Dadalt,68,100,False
-4,5,0.023642557686830924,0.05259381141865713,0.034,0.07550503361372739,0.0385,0.0861215373290514,0.17,0.17,14.55,8.34,Dadalt,68,100,False
-5,5,0.015324354866179477,0.043878396420758484,0.022000000000000002,0.06289320754704403,0.025,0.07194975800353798,0.11,0.11,14.55,8.34,Dadalt,68,100,False
20,10,0.12611803940735453,0.10483084810544534,0.113,0.08721852272923858,0.33281349206349203,0.30383014790561863,1.13,0.96,14.55,8.34,Dadalt,68,100,False
18,10,0.12555387737120247,0.10478987205458233,0.11200000000000002,0.08678313851960605,0.3323968253968254,0.3029910692323132,1.12,0.96,14.55,8.34,Dadalt,68,100,False
17,10,0.12428386854423312,0.10402629883537781,0.11200000000000002,0.08678313851960605,0.32559126984126985,0.2954911073752391,1.12,0.96,14.55,8.34,Dadalt,68,100,False
15,10,0.12166251617254482,0.1021143187839091,0.114,0.08878529316744009,0.31181349206349207,0.2809323264060165,1.14,0.96,14.55,8.34,Dadalt,68,100,False
13,10,0.11845444347558716,0.09883072102330442,0.115,0.08804842561071295,0.29419047619047617,0.25421886760014356,1.15,0.96,14.55,8.34,Dadalt,68,100,False
3,10,0.11832445709325867,0.08093836884754145,0.146,0.090364022518127,0.19148015873015872,0.13441912582533863,1.46,1.31,14.55,8.34,Dadalt,68,100,False
12,10,0.11770657382330717,0.0980136645246438,0.115,0.08804842561071295,0.291968253968254,0.2534416144124426,1.15,0.96,14.55,8.34,Dadalt,68,100,False
10,10,0.10979201344444864,0.09321156877383735,0.109,0.08539273500666901,0.2675873015873016,0.2316692969943784,1.09,0.91,14.55,8.34,Dadalt,68,100,False
9,10,0.10639265321349357,0.09032563246202174,0.111,0.08633385983225442,0.2465079365079365,0.22403915338712688,1.11,0.93,14.55,8.34,Dadalt,68,100,False
8,10,0.1017467365406637,0.08211140170337194,0.114,0.0876402195387944,0.2186547619047619,0.1823845505608167,1.14,0.95,14.55,8.34,Dadalt,68,100,False
7,10,0.10059695606310017,0.07943605094985877,0.11900000000000001,0.09067090007941976,0.1944642857142857,0.15283581866961188,1.19,1.01,14.55,8.34,Dadalt,68,100,False
5,10,0.0987496970987118,0.08128655162548357,0.121,0.09670845491747478,0.1711626984126984,0.1283353639479063,1.21,1.06,14.55,8.34,Dadalt,68,100,False
6,10,0.09816689784546394,0.07972465003462045,0.117,0.09107106782035333,0.18587301587301588,0.14266063257319123,1.17,1.01,14.55,8.34,Dadalt,68,100,False
0,10,0.07650799608073411,0.06824561891706296,0.09200000000000001,0.07872724939930138,0.12843650793650793,0.12786574693275135,0.92,0.91,14.55,8.34,Dadalt,68,100,False
-1,10,0.06348674760090747,0.06342616515248531,0.077,0.07501514998500454,0.10462301587301587,0.1106627956989571,0.77,0.77,14.55,8.34,Dadalt,68,100,False
-2,10,0.05611798799838513,0.060358067261780245,0.069,0.07343656645656368,0.09030555555555556,0.09834856440179399,0.69,0.69,14.55,8.34,Dadalt,68,100,False
-3,10,0.04164991923903602,0.055027656362637574,0.05,0.06590473688161073,0.07327380952380952,0.0939895373019123,0.5,0.5,14.55,8.34,Dadalt,68,100,False
-4,10,0.02872623961672835,0.046318342715172454,0.033,0.05328596381218923,0.05750793650793651,0.09187256426220528,0.33,0.33,14.55,8.34,Dadalt,68,100,False
-5,10,0.017672062824085368,0.037441466649332865,0.02,0.0426401432711221,0.03706349206349206,0.07928410973083652,0.2,0.2,14.55,8.34,Dadalt,68,100,False
20,5,0.34013039959655633,0.19848575890591735,0.34600000000000003,0.1986926970947545,0.5706666666666667,0.34734943124318013,1.73,1.64,32.46,18.08,yorkie_pro,187,100,False
17,5,0.3352480318765941,0.2016058110417709,0.34,0.19999999999999998,0.5703333333333334,0.35412100121523926,1.7,1.6,32.46,18.08,yorkie_pro,187,100,False
18,5,0.33351205356830166,0.19973918399985668,0.338,0.19836707123284084,0.5670000000000001,0.3507965922842597,1.69,1.59,32.46,18.08,yorkie_pro,187,100,False
15,5,0.32529757535442877,0.20248742473574935,0.33,0.20175993335414916,0.5578333333333333,0.3578716781852653,1.65,1.56,32.46,18.08,yorkie_pro,187,100,False
13,5,0.3105137134683218,0.20223542026962027,0.314,0.19746883144926794,0.5451666666666667,0.3597003912879507,1.57,1.48,32.46,18.08,yorkie_pro,187,100,False
12,5,0.30404522376605997,0.19779776887795608,0.306,0.19165414978891832,0.5455,0.35955652164283197,1.53,1.44,32.46,18.08,yorkie_pro,187,100,False
10,5,0.2882042937335886,0.19021839197818696,0.30400000000000005,0.1917068469082812,0.5241666666666667,0.35783184703427956,1.52,1.37,32.46,18.08,yorkie_pro,187,100,False
9,5,0.2814304262893958,0.19056218994271235,0.302,0.1917384582279631,0.5133333333333333,0.3565406177719618,1.51,1.34,32.46,18.08,yorkie_pro,187,100,False
8,5,0.2721301130200073,0.1847674390434488,0.30400000000000005,0.18086213288334052,0.5033333333333334,0.35142806305371166,1.52,1.31,32.46,18.08,yorkie_pro,187,100,False
7,5,0.26553977392252504,0.1860121816891532,0.30400000000000005,0.1852762065870109,0.5108333333333334,0.3604412979847472,1.52,1.27,32.46,18.08,yorkie_pro,187,100,False
6,5,0.24877562733430592,0.17791572406294834,0.29600000000000004,0.18308247299835098,0.5078333333333334,0.35768346049608996,1.48,1.17,32.46,18.08,yorkie_pro,187,100,False
5,5,0.23851614338576302,0.16738219335005303,0.28600000000000003,0.17810449775682854,0.5153333333333333,0.3629879741262365,1.43,1.11,32.46,18.08,yorkie_pro,187,100,False
3,5,0.2132499943533922,0.1593201991633741,0.262,0.18134180015883952,0.5338333333333334,0.39720159584788656,1.31,0.95,32.46,18.08,yorkie_pro,187,100,False
0,5,0.07967513141440258,0.10820932345892431,0.11200000000000002,0.13727506854649335,0.3343333333333333,0.4255505445810943,0.56,0.26,32.46,18.08,yorkie_pro,187,100,False
-1,5,0.03438955213415999,0.06066763159995674,0.062,0.09296463974234635,0.2303333333333333,0.38669931941543884,0.31,0.04,32.46,18.08,yorkie_pro,187,100,False
-2,5,0.011850532929296533,0.03299357404274482,0.03,0.07177405625652732,0.07316666666666666,0.20607898140489705,0.15,0.01,32.46,18.08,yorkie_pro,187,100,False
-5,5,0.0,0.0,0.0,0.0,0.0,0.0,0.0,0.0,32.46,18.08,yorkie_pro,187,100,False
-4,5,0.0,0.0,0.0,0.0,0.0,0.0,0.0,0.0,32.46,18.08,yorkie_pro,187,100,False
-3,5,0.0,0.0,0.0,0.0,0.0,0.0,0.0,0.0,32.46,18.08,yorkie_pro,187,100,False
20,10,0.26803069925086764,0.1400991229558624,0.247,0.12181705110284824,0.5774404761904762,0.33726505934967077,2.47,2.26,32.46,18.08,yorkie_pro,187,100,False
17,10,0.2665754879366483,0.14169461367288053,0.247,0.12181705110284825,0.5800238095238095,0.3398995350443431,2.47,2.25,32.46,18.08,yorkie_pro,187,100,False
18,10,0.26653313010746676,0.14105092256379728,0.247,0.12014721609489555,0.5764404761904762,0.33687963995316667,2.47,2.25,32.46,18.08,yorkie_pro,187,100,False
15,10,0.26611404833684305,0.14432919886308002,0.253,0.12984450685183396,0.5700238095238095,0.340735024237344,2.53,2.29,32.46,18.08,yorkie_pro,187,100,False
12,10,0.262072638697074,0.14322238044087757,0.257,0.13123731299913266,0.5578015873015874,0.34279927790295794,2.57,2.29,32.46,18.08,yorkie_pro,187,100,False
13,10,0.262034390438668,0.14531448330568783,0.255,0.12978225742925853,0.557468253968254,0.3429622545773436,2.55,2.27,32.46,18.08,yorkie_pro,187,100,False
10,10,0.25741633271641545,0.14146731273355684,0.263,0.1345812810613765,0.5378452380952381,0.3398802329854262,2.63,2.31,32.46,18.08,yorkie_pro,187,100,False
9,10,0.25077730180289115,0.13703274724672823,0.26,0.1255291828921696,0.5284523809523809,0.3369692998690851,2.6,2.23,32.46,18.08,yorkie_pro,187,100,False
8,10,0.245972487653543,0.12984912112314081,0.261,0.1196754871401083,0.5165357142857142,0.33451543876969436,2.61,2.23,32.46,18.08,yorkie_pro,187,100,False
7,10,0.24189652197873443,0.12894874616295587,0.263,0.12362782204600381,0.523797619047619,0.3439394599483036,2.63,2.19,32.46,18.08,yorkie_pro,187,100,False
6,10,0.23204497982721328,0.12221554671287589,0.257,0.12411708385653646,0.5219801587301588,0.33952919972498824,2.57,2.11,32.46,18.08,yorkie_pro,187,100,False
5,10,0.231116150632998,0.12019106296869801,0.262,0.12454361128179603,0.5281706349206349,0.346559660098612,2.62,2.14,32.46,18.08,yorkie_pro,187,100,False
3,10,0.20614825576198367,0.1109316435188745,0.235,0.11666666666666668,0.5496547619047619,0.37787705804812594,2.35,1.87,32.46,18.08,yorkie_pro,187,100,False
0,10,0.07897732360602505,0.08603809014343333,0.098,0.09742129690631865,0.3541309523809524,0.4123609773825178,0.98,0.64,32.46,18.08,yorkie_pro,187,100,False
-1,10,0.03274853917201288,0.04506098152717672,0.04800000000000001,0.05770002538381531,0.24630952380952378,0.3792993826459007,0.48,0.18,32.46,18.08,yorkie_pro,187,100,False
-2,10,0.010153020440643921,0.022348693377396003,0.024000000000000004,0.04292346959909278,0.08363888888888889,0.20511901008692437,0.24,0.02,32.46,18.08,yorkie_pro,187,100,False
-3,10,0.000465393818512497,0.0032784975969874916,0.002,0.01407052941362897,0.0025396825396825397,0.018009213000661117,0.02,0.0,32.46,18.08,yorkie_pro,187,100,False
-5,10,0.0,0.0,0.0,0.0,0.0,0.0,0.0,0.0,32.46,18.08,yorkie_pro,187,100,False
-4,10,0.0,0.0,0.0,0.0,0.0,0.0,0.0,0.0,32.46,18.08,yorkie_pro,187,100,False
17,5,0.17947182440321363,0.1799339047472663,0.14600000000000002,0.1445438663275938,0.4205,0.43275573393373457,0.73,0.73,23.48,23.48,Opelo_Stradyon,395,100,False
18,5,0.17911608413580754,0.17771129242354936,0.14200000000000002,0.14011539256028668,0.43016666666666664,0.44029435491208874,0.71,0.71,23.48,23.48,Opelo_Stradyon,395,100,False
20,5,0.17803915088862518,0.17650825963202454,0.138,0.13837440062191686,0.436,0.44553981180779334,0.69,0.69,23.48,23.48,Opelo_Stradyon,395,100,False
15,5,0.1770627948969921,0.17738639776513013,0.15200000000000002,0.14528272680215876,0.39916666666666667,0.4093970204022663,0.76,0.76,23.48,23.48,Opelo_Stradyon,395,100,False
13,5,0.17090213166857296,0.16888759824168487,0.14600000000000002,0.14172102343988519,0.3893333333333333,0.4060535202155762,0.73,0.73,23.48,23.48,Opelo_Stradyon,395,100,False
12,5,0.1657483778726395,0.1645332475356539,0.14400000000000002,0.13949403520791082,0.374,0.39206008609792337,0.72,0.72,23.48,23.48,Opelo_Stradyon,395,100,False
10,5,0.1590498220228708,0.15266484764780885,0.14800000000000002,0.138155234019087,0.3408333333333334,0.3560237999459392,0.74,0.74,23.48,23.48,Opelo_Stradyon,395,100,False
9,5,0.15263819858075783,0.14440888442746017,0.154,0.1417210234398852,0.30083333333333334,0.31299371773258866,0.77,0.77,23.48,23.48,Opelo_Stradyon,395,100,False
8,5,0.14790653576905968,0.1437678495875541,0.154,0.1473126270928942,0.2775,0.2919262913749969,0.77,0.77,23.48,23.48,Opelo_Stradyon,395,100,False
7,5,0.13489501086970068,0.14103214210250517,0.14,0.13780384243517663,0.25966666666666666,0.28732267746847673,0.7,0.7,23.48,23.48,Opelo_Stradyon,395,100,False
6,5,0.12643604664217695,0.13041721362388525,0.14,0.1318094737632215,0.24016666666666667,0.27114396845105176,0.7,0.7,23.48,23.48,Opelo_Stradyon,395,100,False
5,5,0.11144483852287473,0.1151716962015673,0.13,0.12185435916898851,0.21033333333333334,0.2501265672880425,0.65,0.65,23.48,23.48,Opelo_Stradyon,395,100,False
3,5,0.05699398016784319,0.08347997147688786,0.07600000000000001,0.1092860208051988,0.09516666666666668,0.14298593480937513,0.38,0.38,23.48,23.48,Opelo_Stradyon,395,100,False
0,5,0.0016958010263680803,0.0169580102636808,0.002,0.019999999999999993,0.003333333333333333,0.03333333333333334,0.01,0.01,23.48,23.48,Opelo_Stradyon,395,100,False
-5,5,0.0,0.0,0.0,0.0,0.0,0.0,0.0,0.0,23.48,23.48,Opelo_Stradyon,395,100,False
-4,5,0.0,0.0,0.0,0.0,0.0,0.0,0.0,0.0,23.48,23.48,Opelo_Stradyon,395,100,False
-3,5,0.0,0.0,0.0,0.0,0.0,0.0,0.0,0.0,23.48,23.48,Opelo_Stradyon,395,100,False
-2,5,0.0,0.0,0.0,0.0,0.0,0.0,0.0,0.0,23.48,23.48,Opelo_Stradyon,395,100,False
-1,5,0.0,0.0,0.0,0.0,0.0,0.0,0.0,0.0,23.48,23.48,Opelo_Stradyon,395,100,False
20,10,0.16833803034692754,0.11866640147246638,0.145,0.09252354327740621,0.47182142857142856,0.41307147230294344,1.45,1.45,23.48,23.48,Opelo_Stradyon,395,100,False
18,10,0.16714704002533273,0.11936321635386653,0.14400000000000002,0.09462312272132722,0.46220634920634923,0.41158019086219183,1.44,1.44,23.48,23.48,Opelo_Stradyon,395,100,False
17,10,0.16523161834150163,0.11847093376887714,0.14300000000000002,0.09455370981830401,0.4526785714285714,0.40416392752847974,1.43,1.43,23.48,23.48,Opelo_Stradyon,395,100,False
15,10,0.16381411861739523,0.11692534393561584,0.14700000000000002,0.09476712552783313,0.4300119047619047,0.3819222773000528,1.47,1.47,23.48,23.48,Opelo_Stradyon,395,100,False
13,10,0.16160345595172015,0.11473457866225857,0.14600000000000002,0.09472981248655238,0.4209325396825397,0.37858350538576413,1.46,1.46,23.48,23.48,Opelo_Stradyon,395,100,False
12,10,0.16122316921716354,0.11464394259069355,0.149,0.09795381306998462,0.405531746031746,0.36491999374301315,1.49,1.49,23.48,23.48,Opelo_Stradyon,395,100,False
10,10,0.15238531362084817,0.10592551744651425,0.14400000000000002,0.09246347900384748,0.3703214285714286,0.33085668269704227,1.44,1.44,23.48,23.48,Opelo_Stradyon,395,100,False
9,10,0.14898635292988283,0.10257378528407625,0.149,0.09586922911398155,0.3291428571428571,0.28934456223896765,1.49,1.49,23.48,23.48,Opelo_Stradyon,395,100,False
8,10,0.14588920580724365,0.09789879757451027,0.14800000000000002,0.09479376870796195,0.31150396825396826,0.26417913177785896,1.48,1.48,23.48,23.48,Opelo_Stradyon,395,100,False
7,10,0.1405528289779553,0.09483391319097026,0.145,0.0925235432774062,0.2980357142857143,0.2577187841412218,1.45,1.45,23.48,23.48,Opelo_Stradyon,395,100,False
6,10,0.1335325763818493,0.09364318728260343,0.14300000000000002,0.09666666666666665,0.27309126984126986,0.24739191800113094,1.43,1.43,23.48,23.48,Opelo_Stradyon,395,100,False
5,10,0.12959781959235914,0.0922675025667252,0.146,0.09683892697555967,0.24414285714285713,0.22765835611913482,1.46,1.46,23.48,23.48,Opelo_Stradyon,395,100,False
3,10,0.08580300960453183,0.06813150460895903,0.10700000000000001,0.08318775162367366,0.14788888888888888,0.12286793951778217,1.07,1.07,23.48,23.48,Opelo_Stradyon,395,100,False
0,10,0.006385333619826168,0.02083749472704712,0.009000000000000001,0.028762349126466132,0.012166666666666666,0.04433519822579925,0.09,0.09,23.48,23.48,Opelo_Stradyon,395,100,False
-4,10,0.0007336392209936006,0.007336392209936006,0.001,0.01,0.0014285714285714286,0.014285714285714284,0.01,0.01,23.48,23.48,Opelo_Stradyon,395,100,False
-3,10,0.0007336392209936006,0.007336392209936006,0.001,0.01,0.0014285714285714286,0.014285714285714284,0.01,0.01,23.48,23.48,Opelo_Stradyon,395,100,False
-1,10,0.0007336392209936006,0.007336392209936006,0.001,0.010000000000000002,0.0014285714285714286,0.014285714285714285,0.01,0.01,23.48,23.48,Opelo_Stradyon,395,100,False
-5,10,0.0006943122193677726,0.006943122193677728,0.001,0.01,0.00125,0.0125,0.01,0.01,23.48,23.48,Opelo_Stradyon,395,100,False
-2,10,0.0006943122193677726,0.006943122193677727,0.001,0.010000000000000002,0.00125,0.012499999999999999,0.01,0.01,23.48,23.48,Opelo_Stradyon,395,100,False
8,5,0.16352915163287093,0.12814888188709825,0.23,0.14873201444615788,0.33549999999999996,0.1956980512747311,1.15,0.83,16.53,8.52,Captn_Cook,79,100,False
12,5,0.1634768025366428,0.12070184861039131,0.22400000000000003,0.1371572863982122,0.31766666666666665,0.18074884758548043,1.12,0.89,16.53,8.52,Captn_Cook,79,100,False
3,5,0.16273119277983425,0.12890311569835214,0.23800000000000002,0.15490629295144726,0.35133333333333333,0.21147868054069263,1.19,0.78,16.53,8.52,Captn_Cook,79,100,False
10,5,0.16109184620888672,0.12918255352914595,0.222,0.14742229591663988,0.3278333333333333,0.19973404033535916,1.11,0.84,16.53,8.52,Captn_Cook,79,100,False
9,5,0.1604041502095959,0.12790770786076233,0.222,0.14742229591663988,0.32966666666666666,0.20219863332283097,1.11,0.82,16.53,8.52,Captn_Cook,79,100,False
13,5,0.15965657470383376,0.12251436875249493,0.218,0.13953747550642828,0.30983333333333335,0.1849726979581013,1.09,0.87,16.53,8.52,Captn_Cook,79,100,False
5,5,0.15912477736731753,0.13005741366206647,0.234,0.15584244828309357,0.3363333333333333,0.19679502744806035,1.17,0.78,16.53,8.52,Captn_Cook,79,100,False
7,5,0.1590155331761952,0.12866035573764542,0.23,0.15406937962286257,0.3293333333333333,0.19681983420897178,1.15,0.8,16.53,8.52,Captn_Cook,79,100,False
15,5,0.158087900914871,0.12228000552269166,0.21,0.14034589305344744,0.30066666666666664,0.19013138584483416,1.05,0.88,16.53,8.52,Captn_Cook,79,100,False
6,5,0.1560687822574458,0.1303808326939228,0.228,0.15575168011480925,0.32899999999999996,0.19884091741316834,1.14,0.77,16.53,8.52,Captn_Cook,79,100,False
17,5,0.15386583139333884,0.12253317144143396,0.20800000000000002,0.14472544539732654,0.27666666666666667,0.17651063562668914,1.04,0.88,16.53,8.52,Captn_Cook,79,100,False
18,5,0.15056336974181417,0.119355044051048,0.2,0.1421338109037403,0.2733333333333333,0.1820663289797104,1.0,0.86,16.53,8.52,Captn_Cook,79,100,False
20,5,0.1492179690183396,0.11982075989077404,0.19400000000000003,0.14057601559873634,0.26516666666666666,0.19501496388526052,0.97,0.86,16.53,8.52,Captn_Cook,79,100,False
0,5,0.12847049481087658,0.1066086230729369,0.21400000000000002,0.14840566843703248,0.26233333333333336,0.17792954380575074,1.07,0.64,16.53,8.52,Captn_Cook,79,100,False
-1,5,0.10387487334932997,0.1044876510240015,0.17600000000000002,0.14847371634213394,0.21466666666666664,0.1827781615543544,0.88,0.51,16.53,8.52,Captn_Cook,79,100,False
-2,5,0.07381007136062259,0.10069112571365933,0.12,0.1421338109037403,0.15383333333333332,0.18578638941424772,0.6,0.37,16.53,8.52,Captn_Cook,79,100,False
-3,5,0.04937243804041002,0.10160557392763217,0.07600000000000001,0.13567638264665233,0.1005,0.18475049149527076,0.38,0.23,16.53,8.52,Captn_Cook,79,100,False
-4,5,0.019699932687950755,0.0636257974074306,0.028000000000000004,0.08050346626579555,0.042833333333333334,0.12261770267828792,0.14,0.1,16.53,8.52,Captn_Cook,79,100,False
-5,5,0.0017494010334978905,0.013788256038017041,0.004,0.02814105882725794,0.004,0.02814105882725794,0.02,0.01,16.53,8.52,Captn_Cook,79,100,False
3,10,0.19094492590169979,0.10065686390531237,0.242,0.11475049789729351,0.36564682539682536,0.19100101270959077,2.42,1.71,16.53,8.52,Captn_Cook,79,100,False
5,10,0.19048467330570173,0.09828602703621889,0.243,0.11214618886421275,0.35564682539682535,0.1679130451637388,2.43,1.72,16.53,8.52,Captn_Cook,79,100,False
9,10,0.18999825540758664,0.096166172971974,0.23600000000000002,0.10779704086941358,0.35111111111111115,0.17120328845332564,2.36,1.74,16.53,8.52,Captn_Cook,79,100,False
8,10,0.18969679766213784,0.09600714130037057,0.23600000000000002,0.10685589276301902,0.35353174603174603,0.16838129350492673,2.36,1.72,16.53,8.52,Captn_Cook,79,100,False
6,10,0.18909286657185886,0.0980345261380897,0.24100000000000002,0.11109646368100223,0.3496825396825397,0.168834591299902,2.41,1.72,16.53,8.52,Captn_Cook,79,100,False
10,10,0.18876102825387342,0.09581427258845704,0.233,0.10546194679704249,0.34896031746031747,0.16894333981597148,2.33,1.74,16.53,8.52,Captn_Cook,79,100,False
7,10,0.18789324428864776,0.09827975014240141,0.237,0.11069568805303731,0.3489206349206349,0.16786916345884823,2.37,1.71,16.53,8.52,Captn_Cook,79,100,False
12,10,0.18722073087107152,0.09491687905914714,0.23199999999999998,0.10237581785171772,0.33534126984126983,0.15336151877352625,2.32,1.74,16.53,8.52,Captn_Cook,79,100,False
13,10,0.18701536442079217,0.09499547833723646,0.23199999999999998,0.10138435717006782,0.33060317460317457,0.15418608194369166,2.32,1.75,16.53,8.52,Captn_Cook,79,100,False
15,10,0.1843773865853623,0.09486028526709273,0.225,0.09885710532241611,0.3244920634920635,0.15675123316240044,2.25,1.75,16.53,8.52,Captn_Cook,79,100,False
17,10,0.18192921698221387,0.09603691907970444,0.222,0.10207939077111511,0.30354761904761907,0.13915020219287663,2.22,1.77,16.53,8.52,Captn_Cook,79,100,False
18,10,0.18108097211117336,0.09418996745097812,0.22,0.09949366763261822,0.3034246031746032,0.14189287465782285,2.2,1.76,16.53,8.52,Captn_Cook,79,100,False
20,10,0.1807417714087164,0.09708049916289653,0.21900000000000003,0.10415121097459569,0.2964126984126984,0.15853524307938005,2.19,1.76,16.53,8.52,Captn_Cook,79,100,False
0,10,0.12727578591427263,0.09249243282455662,0.169,0.11520293907586375,0.274484126984127,0.1636589323948815,1.69,1.09,16.53,8.52,Captn_Cook,79,100,False
-1,10,0.10549536538843317,0.08804902047324359,0.14400000000000002,0.10760946974963671,0.23391269841269843,0.1656552376450873,1.44,0.91,16.53,8.52,Captn_Cook,79,100,False
-2,10,0.07661911686515724,0.07731873982597887,0.10400000000000001,0.08980337668844342,0.18642857142857142,0.16762826995742522,1.04,0.66,16.53,8.52,Captn_Cook,79,100,False
-3,10,0.04827069149940308,0.07218135989744481,0.064,0.07979772407579534,0.12384920634920635,0.17880612282837313,0.64,0.4,16.53,8.52,Captn_Cook,79,100,False
-4,10,0.0173191873088259,0.04682986258137785,0.023000000000000003,0.050960471906858346,0.05194047619047619,0.1240486740205955,0.23,0.13,16.53,8.52,Captn_Cook,79,100,False
-5,10,0.003241166394060534,0.0158728221103055,0.007000000000000001,0.02931886695621029,0.008777777777777778,0.036572678232751135,0.07,0.02,16.53,8.52,Captn_Cook,79,100,False
3,5,0.14213802838821105,0.19309920020816812,0.128,0.16458088797569626,0.28583333333333333,0.3859293955071294,0.64,0.64,19.83,9.35,Dinterdos123,83,100,False
5,5,0.14184259949053749,0.18930734263048124,0.126,0.1599368562270685,0.2925,0.39246104698514145,0.63,0.63,19.83,9.35,Dinterdos123,83,100,False
6,5,0.13699031393937428,0.1860495749169551,0.12200000000000001,0.1580052422094172,0.2825,0.3869531549267225,0.61,0.61,19.83,9.35,Dinterdos123,83,100,False
7,5,0.13669488504170071,0.1855141494970837,0.12,0.1556997888323046,0.2875,0.3929754620898279,0.6,0.6,19.83,9.35,Dinterdos123,83,100,False
8,5,0.13506543473216184,0.17922477661598654,0.12,0.15308279927654653,0.28783333333333333,0.391455133076731,0.6,0.6,19.83,9.35,Dinterdos123,83,100,False
9,5,0.1349168020088582,0.1754193688191558,0.12,0.1477097891751993,0.28933333333333333,0.39056291930928877,0.6,0.6,19.83,9.35,Dinterdos123,83,100,False
13,5,0.13292373553588283,0.1747254273048433,0.12,0.14494861506789575,0.2813333333333333,0.38399722922681634,0.6,0.6,19.83,9.35,Dinterdos123,83,100,False
10,5,0.13235301182834389,0.1729602850399468,0.11800000000000001,0.142403609079222,0.28350000000000003,0.3845099421639129,0.59,0.59,19.83,9.35,Dinterdos123,83,100,False
15,5,0.1320557463817366,0.17409758230483244,0.11800000000000001,0.142403609079222,0.28300000000000003,0.3845864454277271,0.59,0.59,19.83,9.35,Dinterdos123,83,100,False
12,5,0.13190895020736668,0.17280551657003296,0.11800000000000001,0.142403609079222,0.2818333333333333,0.38392280105734433,0.59,0.59,19.83,9.35,Dinterdos123,83,100,False
17,5,0.12991588373439134,0.1732619848766491,0.11600000000000002,0.1426445748967508,0.2793333333333333,0.38494479030439094,0.58,0.58,19.83,9.35,Dinterdos123,83,100,False
18,5,0.12842902680105941,0.17214344046294539,0.11600000000000002,0.1426445748967508,0.2735,0.3786464685536472,0.58,0.58,19.83,9.35,Dinterdos123,83,100,False
20,5,0.12783633245677858,0.17196833886153526,0.11600000000000002,0.1426445748967508,0.2713333333333333,0.37806792185446453,0.58,0.58,19.83,9.35,Dinterdos123,83,100,False
0,5,0.030969119523411845,0.06998780738355172,0.05,0.09999999999999999,0.06483333333333334,0.13263484974546982,0.25,0.17,19.83,9.35,Dinterdos123,83,100,False
-1,5,0.008993326203541064,0.033053305869735566,0.02,0.06666666666666667,0.037333333333333336,0.1395061033143456,0.1,0.03,19.83,9.35,Dinterdos123,83,100,False
-2,5,0.0059533791175515735,0.020612594990123915,0.018000000000000002,0.05752469825293227,0.04066666666666666,0.1592864278760103,0.09,0.0,19.83,9.35,Dinterdos123,83,100,False
-3,5,0.0035148500908780307,0.013130777535331336,0.014000000000000002,0.05128647999524857,0.018833333333333334,0.07440957271604583,0.07,0.0,19.83,9.35,Dinterdos123,83,100,False
-4,5,0.0019268620250139934,0.009545296420684114,0.008,0.039389277113386474,0.009833333333333335,0.04963927113744961,0.04,0.0,19.83,9.35,Dinterdos123,83,100,False
-5,5,0.0,0.0,0.0,0.0,0.0,0.0,0.0,0.0,19.83,9.35,Dinterdos123,83,100,False
5,10,0.12917656036501646,0.12267455503313582,0.109,0.0877266185143346,0.33180952380952383,0.3676794195410298,1.09,1.07,19.83,9.35,Dinterdos123,83,100,False
6,10,0.12724542354950352,0.12066103799671885,0.109,0.0877266185143346,0.3223373015873016,0.3623285374068262,1.09,1.07,19.83,9.35,Dinterdos123,83,100,False
7,10,0.1253429233868576,0.12041273598556683,0.106,0.08624606564002696,0.3269087301587302,0.3684489546174607,1.06,1.04,19.83,9.35,Dinterdos123,83,100,False
3,10,0.1250218017254453,0.13089906514041674,0.10400000000000001,0.09311663154725407,0.31630555555555556,0.3674032660584162,1.04,1.03,19.83,9.35,Dinterdos123,83,100,False
8,10,0.12202626259571549,0.11754045458056749,0.10300000000000001,0.08581751840181856,0.32439285714285715,0.36877785613211217,1.03,1.01,19.83,9.35,Dinterdos123,83,100,False
9,10,0.12140566986185944,0.11895658940110057,0.10200000000000001,0.08643325211229223,0.3232261904761905,0.3695341236815507,1.02,1.0,19.83,9.35,Dinterdos123,83,100,False
10,10,0.12025722183325384,0.11810043105918767,0.10200000000000001,0.08643325211229223,0.31750396825396826,0.3636149310632167,1.02,1.0,19.83,9.35,Dinterdos123,83,100,False
12,10,0.11929139290535057,0.11730463718396902,0.10099999999999999,0.0846800275785682,0.31585714285714284,0.3631078955468401,1.01,0.99,19.83,9.35,Dinterdos123,83,100,False
13,10,0.11774405401992738,0.1165048266158595,0.099,0.08347866115772863,0.31410714285714286,0.3641096208982635,0.99,0.97,19.83,9.35,Dinterdos123,83,100,False
15,10,0.11663048774238101,0.11518537532941008,0.09700000000000002,0.08097262288308106,0.3157738095238095,0.3645796599599639,0.97,0.95,19.83,9.35,Dinterdos123,83,100,False
17,10,0.1161392546412309,0.11425191789145797,0.09700000000000002,0.08097262288308106,0.31442857142857145,0.36389847913579026,0.97,0.95,19.83,9.35,Dinterdos123,83,100,False
20,10,0.1160167977262332,0.11446956236500497,0.099,0.08225975119502045,0.3073690476190476,0.35669868543630473,0.99,0.97,19.83,9.35,Dinterdos123,83,100,False
18,10,0.115661124688131,0.11503560374340345,0.098,0.08285316206788049,0.30835714285714283,0.35791098973805846,0.98,0.96,19.83,9.35,Dinterdos123,83,100,False
0,10,0.03940403953336795,0.06067144981864714,0.052000000000000005,0.07314024165597863,0.08534126984126984,0.13124810308533386,0.52,0.42,19.83,9.35,Dinterdos123,83,100,False
-1,10,0.009203822851780261,0.02817735200755552,0.018000000000000002,0.045792681696639,0.04519047619047619,0.14097511559997977,0.18,0.05,19.83,9.35,Dinterdos123,83,100,False
-2,10,0.0045124670518951505,0.014010715287809684,0.011000000000000001,0.031446603773522014,0.043166666666666666,0.15961241284579233,0.11,0.0,19.83,9.35,Dinterdos123,83,100,False
-3,10,0.002858851009131529,0.009358460379826062,0.009000000000000001,0.02876234912646614,0.021083333333333332,0.07553080959882,0.09,0.0,19.83,9.35,Dinterdos123,83,100,False
-4,10,0.0015450312905120206,0.006811202804764215,0.005,0.02190429135575903,0.011261904761904761,0.05137859324009632,0.05,0.0,19.83,9.35,Dinterdos123,83,100,False
-5,10,0.0004759838134537911,0.0033499677727367523,0.002,0.01407052941362897,0.0026785714285714286,0.018887141897215617,0.02,0.0,19.83,9.35,Dinterdos123,83,100,False
20,5,0.28036507769195207,0.19202819623415185,0.324,0.19022580946301312,0.516,0.34916060962418327,1.62,1.32,48.0,17.9,Ebelha,191,100,False
18,5,0.2730738789194212,0.19213570991988305,0.316,0.1889471092687319,0.5118333333333333,0.3512307605236864,1.58,1.29,48.0,17.9,Ebelha,191,100,False
17,5,0.2711262706236211,0.1918101449884749,0.316,0.1867964916504839,0.5035000000000001,0.3486087065794976,1.58,1.29,48.0,17.9,Ebelha,191,100,False
15,5,0.2652835366299129,0.18868141088935475,0.31,0.18504708655481245,0.4965,0.34730237458724544,1.55,1.26,48.0,17.9,Ebelha,191,100,False
13,5,0.2543887618578839,0.18276850993729837,0.29600000000000004,0.17633760091072323,0.4836666666666667,0.3424590876463349,1.48,1.21,48.0,17.9,Ebelha,191,100,False
12,5,0.24420928698740238,0.17853448508853043,0.28800000000000003,0.17597061278991039,0.4628333333333333,0.3338451878155643,1.44,1.18,48.0,17.9,Ebelha,191,100,False
10,5,0.2262143146570676,0.1713028478541395,0.274,0.17443704545847713,0.4335,0.3244826236703177,1.37,1.11,48.0,17.9,Ebelha,191,100,False
9,5,0.2199315732818777,0.17124614279996522,0.276,0.17929153506357892,0.3983333333333334,0.307359231144433,1.38,1.12,48.0,17.9,Ebelha,191,100,False
8,5,0.21001482060486037,0.1685253991912431,0.268,0.18250778314661245,0.37416666666666665,0.29332620706066664,1.34,1.08,48.0,17.9,Ebelha,191,100,False
7,5,0.2009435575082184,0.16809914587549984,0.26,0.183126605208947,0.3665,0.2993023594242157,1.3,1.01,48.0,17.9,Ebelha,191,100,False
6,5,0.1960791038957029,0.16798397106850324,0.256,0.18219758394654853,0.36266666666666664,0.2996548706868869,1.28,0.98,48.0,17.9,Ebelha,191,100,False
3,5,0.19509087696005223,0.1748920867319009,0.242,0.19341690983494958,0.4438333333333333,0.37494971604508454,1.21,0.85,48.0,17.9,Ebelha,191,100,False
5,5,0.19236076717380474,0.1726492737555249,0.25,0.18504708655481247,0.37549999999999994,0.3143183796265242,1.25,0.93,48.0,17.9,Ebelha,191,100,False
0,5,0.10304583634788578,0.11720042730047618,0.158,0.16647261430376867,0.18166666666666667,0.17710573734290921,0.79,0.58,48.0,17.9,Ebelha,191,100,False
-1,5,0.055358315470975514,0.09751909753776489,0.08800000000000001,0.1539250768813493,0.0965,0.15471081962951946,0.44,0.31,48.0,17.9,Ebelha,191,100,False
-2,5,0.01662182067246928,0.07120351980115652,0.024,0.10742157110838556,0.02583333333333333,0.10573814617041266,0.12,0.08,48.0,17.9,Ebelha,191,100,False
-3,5,0.008037016459090234,0.04593514277754633,0.012000000000000002,0.06857864319910612,0.015,0.08572330399888266,0.06,0.03,48.0,17.9,Ebelha,191,100,False
-4,5,0.0069848549508251855,0.04018626928764524,0.008,0.048575672507912435,0.015,0.08572330399888266,0.04,0.03,48.0,17.9,Ebelha,191,100,False
-5,5,0.0042797252946905505,0.030109000320597643,0.004,0.02814105882725794,0.01,0.07035264706814486,0.02,0.02,48.0,17.9,Ebelha,191,100,False
20,10,0.2291502620358726,0.13408488575237415,0.243,0.1296888272720203,0.5251071428571429,0.33726504746484215,2.43,1.91,48.0,17.9,Ebelha,191,100,False
18,10,0.22601029255065058,0.13364045579039924,0.24100000000000002,0.12878217456173227,0.5207619047619048,0.3397261691310243,2.41,1.9,48.0,17.9,Ebelha,191,100,False
17,10,0.22464451942818872,0.1319689540295826,0.242,0.12806248474865695,0.5124285714285715,0.3372375510048328,2.42,1.9,48.0,17.9,Ebelha,191,100,False
15,10,0.2218952030803057,0.130613417884938,0.23800000000000002,0.12454361128179602,0.5071944444444444,0.3338592687299133,2.38,1.9,48.0,17.9,Ebelha,191,100,False
13,10,0.21930111897521296,0.13055063635027842,0.24,0.12633129445864139,0.4967896825396825,0.32599742442230345,2.4,1.89,48.0,17.9,Ebelha,191,100,False
12,10,0.2156761669364472,0.12827911145210824,0.24100000000000002,0.12560560368378346,0.47725793650793646,0.31607466099085874,2.41,1.9,48.0,17.9,Ebelha,191,100,False
3,10,0.21207169612448598,0.12184675954404998,0.253,0.11930353445448852,0.4760436507936508,0.33988978923424157,2.53,2.0,48.0,17.9,Ebelha,191,100,False
10,10,0.20615003159388634,0.12260611129287001,0.233,0.11811225614010198,0.45025396825396824,0.3045436985638672,2.33,1.87,48.0,17.9,Ebelha,191,100,False
5,10,0.2035401829102566,0.11720903704082553,0.255,0.11923578203363165,0.4016468253968254,0.28640479138831587,2.55,1.96,48.0,17.9,Ebelha,191,100,False
9,10,0.2025935593648137,0.12022350788031161,0.23800000000000002,0.12042013993103519,0.41637698412698415,0.286718878689968,2.38,1.89,48.0,17.9,Ebelha,191,100,False
8,10,0.19955992100682945,0.1195983245741595,0.23900000000000002,0.12051656493711732,0.3954920634920635,0.269465488987552,2.39,1.9,48.0,17.9,Ebelha,191,100,False
7,10,0.19772526447410818,0.11823698739167829,0.23900000000000002,0.11882845627290635,0.39248015873015873,0.27118675261659625,2.39,1.89,48.0,17.9,Ebelha,191,100,False
6,10,0.1972061396600994,0.11474912293079748,0.244,0.11574964275530096,0.38828174603174603,0.27224236515426403,2.44,1.89,48.0,17.9,Ebelha,191,100,False
0,10,0.1311822951901669,0.09029758860738696,0.179,0.10944764903271281,0.2227222222222222,0.14288009564776444,1.79,1.46,48.0,17.9,Ebelha,191,100,False
-1,10,0.07113680273214108,0.08464597686768752,0.1,0.11191627462193568,0.13082539682539682,0.14427910368487376,1.0,0.77,48.0,17.9,Ebelha,191,100,False
-2,10,0.013459353388911365,0.05007247734555517,0.017,0.0667499479816693,0.03003968253968254,0.10749228200896777,0.17,0.11,48.0,17.9,Ebelha,191,100,False
-3,10,0.0056571685747946665,0.032406871328742586,0.008,0.046449712136629635,0.015,0.08572330399888266,0.08,0.03,48.0,17.9,Ebelha,191,100,False
-4,10,0.004764130333159361,0.027353822043379696,0.005,0.029729419500528157,0.015,0.08572330399888266,0.05,0.03,48.0,17.9,Ebelha,191,100,False
-5,10,0.003439791112014981,0.02054115417596276,0.0030000000000000005,0.01714466079977653,0.011111111111111112,0.07106690545187014,0.03,0.03,48.0,17.9,Ebelha,191,100,False
10,5,0.39680799364822705,0.18802919115917152,0.43799999999999994,0.1600378743051819,0.8393333333333334,0.287062212429142,2.19,1.3,35.29,7.28,Moonshyla,144,100,False
9,5,0.3872422744428527,0.18964457720707759,0.424,0.16884635296354766,0.8111666666666666,0.316237126717047,2.12,1.29,35.29,7.28,Moonshyla,144,100,False
12,5,0.3824740909932516,0.19280833356099683,0.428,0.1557516801148092,0.8336666666666666,0.28300119173425375,2.14,1.2,35.29,7.28,Moonshyla,144,100,False
13,5,0.38109680414485014,0.19236860077371853,0.43799999999999994,0.1600378743051819,0.8270000000000001,0.2876018338168497,2.19,1.19,35.29,7.28,Moonshyla,144,100,False
15,5,0.37678244358179436,0.19434171067843087,0.44,0.1657550828021496,0.8203333333333334,0.2912546873945429,2.2,1.18,35.29,7.28,Moonshyla,144,100,False
17,5,0.3697215426910664,0.19639618498781117,0.436,0.16908547835310694,0.8061666666666666,0.29942570357951115,2.18,1.17,35.29,7.28,Moonshyla,144,100,False
18,5,0.36947443366853816,0.19618547865409933,0.436,0.16908547835310694,0.8061666666666666,0.29942570357951115,2.18,1.17,35.29,7.28,Moonshyla,144,100,False
8,5,0.369373118242523,0.18542881233404918,0.41,0.15922793521720785,0.763,0.3241372906115295,2.05,1.28,35.29,7.28,Moonshyla,144,100,False
20,5,0.36075826835842706,0.18983800486457067,0.434,0.1658890952389334,0.7845,0.30456916084425517,2.17,1.15,35.29,7.28,Moonshyla,144,100,False
7,5,0.3394924510913214,0.16145227422025674,0.398,0.1490576459567969,0.6658333333333333,0.31379948668714847,1.99,1.32,35.29,7.28,Moonshyla,144,100,False
6,5,0.29691388873431296,0.14211775275825925,0.37,0.1403458930534474,0.5346666666666667,0.2587598846228125,1.85,1.32,35.29,7.28,Moonshyla,144,100,False
5,5,0.2701050259561466,0.1322375467850959,0.344,0.13357553758987548,0.44566666666666666,0.18068363755445657,1.72,1.32,35.29,7.28,Moonshyla,144,100,False
3,5,0.2689118819546798,0.13036296919457047,0.36200000000000004,0.15227566709057222,0.38716666666666666,0.12295133763145791,1.81,1.44,35.29,7.28,Moonshyla,144,100,False
0,5,0.06370600179285296,0.06876724949482965,0.12200000000000001,0.1020793907711151,0.13416666666666668,0.11932693303378865,0.61,0.37,35.29,7.28,Moonshyla,144,100,False
-1,5,0.0421202023319064,0.06165598541877979,0.066,0.0945163125250522,0.0665,0.09536082460154628,0.33,0.31,35.29,7.28,Moonshyla,144,100,False
-2,5,0.032358148118244216,0.05795451975228416,0.04800000000000001,0.08584693919818556,0.050499999999999996,0.09086981474793061,0.24,0.24,35.29,7.28,Moonshyla,144,100,False
-3,5,0.021735976018492916,0.05013084342588028,0.032,0.07369058983549415,0.0345,0.0799921081966051,0.16,0.16,35.29,7.28,Moonshyla,144,100,False
-4,5,0.009630253595774865,0.03533287585545734,0.014000000000000002,0.05128647999524856,0.0155,0.057161387688056044,0.07,0.07,35.29,7.28,Moonshyla,144,100,False
-5,5,0.005545468547100965,0.027344832806604307,0.008,0.03938927711338648,0.009000000000000001,0.04459696053419883,0.04,0.04,35.29,7.28,Moonshyla,144,100,False
10,10,0.3555424870827214,0.14094569679304242,0.39299999999999996,0.11481649830415608,0.841,0.2825888416465167,3.93,1.53,35.29,7.28,Moonshyla,144,100,False
9,10,0.35024674793930854,0.1409294917812835,0.385,0.11135075167680682,0.8178333333333333,0.3002641467112324,3.85,1.55,35.29,7.28,Moonshyla,144,100,False
12,10,0.3460242084662555,0.14317864357424753,0.389,0.11537816609792863,0.8349166666666666,0.27953659092825217,3.89,1.44,35.29,7.28,Moonshyla,144,100,False
8,10,0.3419889272047796,0.13442692971592787,0.384,0.11345804190416506,0.7677619047619048,0.3137982175399123,3.84,1.61,35.29,7.28,Moonshyla,144,100,False
13,10,0.34138452277725295,0.1460284398512343,0.385,0.11838560518556095,0.82825,0.28422294238226264,3.85,1.41,35.29,7.28,Moonshyla,144,100,False
15,10,0.3356896477352454,0.1521102222971088,0.386,0.12310790208412924,0.8215833333333333,0.2879479017248504,3.86,1.34,35.29,7.28,Moonshyla,144,100,False
17,10,0.3309116910415426,0.15246035308180006,0.387,0.12525126261989852,0.8075952380952381,0.29586015999140375,3.87,1.32,35.29,7.28,Moonshyla,144,100,False
18,10,0.32965579507957643,0.15239471599193283,0.385,0.12091820425896228,0.8075952380952381,0.29586015999140375,3.85,1.31,35.29,7.28,Moonshyla,144,100,False
20,10,0.3227220741038713,0.14935798649701718,0.384,0.1228615053421921,0.7859285714285714,0.3011683683688537,3.84,1.28,35.29,7.28,Moonshyla,144,100,False
7,10,0.3164876332864013,0.12274138601506294,0.371,0.1208513570674757,0.6689285714285714,0.3078696270403194,3.71,1.65,35.29,7.28,Moonshyla,144,100,False
3,10,0.29833216609109947,0.09915611553166047,0.37800000000000006,0.10008077545743546,0.3919285714285714,0.11016755363442828,3.78,2.34,35.29,7.28,Moonshyla,144,100,False
6,10,0.2969559540928896,0.10526832752646195,0.366,0.11121005695384192,0.5377619047619048,0.25316092369418186,3.66,1.84,35.29,7.28,Moonshyla,144,100,False
5,10,0.2873088802339162,0.09926029974530387,0.36,0.10150384378451048,0.45233333333333337,0.16649856842759925,3.6,1.98,35.29,7.28,Moonshyla,144,100,False
0,10,0.11993528379943226,0.0745178701125511,0.166,0.09125389157330621,0.1739404761904762,0.08480028181526818,1.66,1.24,35.29,7.28,Moonshyla,144,100,False
-1,10,0.07604101470241525,0.06345471854014159,0.113,0.08721852272923859,0.12632142857142858,0.08074850570011391,1.13,0.78,35.29,7.28,Moonshyla,144,100,False
-2,10,0.05920611271022233,0.05475531230110475,0.08900000000000001,0.07640270765734508,0.10821031746031747,0.08619927147699642,0.89,0.59,35.29,7.28,Moonshyla,144,100,False
-3,10,0.04220985619252663,0.04783002823017598,0.067,0.0682464340282755,0.08822222222222223,0.08636576052189938,0.67,0.39,35.29,7.28,Moonshyla,144,100,False
-4,10,0.03542977839804728,0.04498690939534157,0.057,0.06705191716841209,0.06984920634920636,0.0796231170802232,0.57,0.34,35.29,7.28,Moonshyla,144,100,False
-5,10,0.024070288636216894,0.040151764330418685,0.032,0.05482755334738735,0.04359126984126984,0.07267266671521247,0.32,0.27,35.29,7.28,Moonshyla,144,100,False
0,5,0.12078938253533877,0.14989203277472374,0.11,0.13142574813455418,0.2703333333333333,0.36769506836462096,0.55,0.55,60.88,33.29,LocNguyen,572,100,False
-5,5,0.08505510169321027,0.14516317155441294,0.07600000000000001,0.11986524420229895,0.1885,0.3396513611603038,0.38,0.38,60.88,33.29,LocNguyen,572,100,False
-4,5,0.08475599969766924,0.1448644811545918,0.07600000000000001,0.11986524420229895,0.18816666666666668,0.3405637944527155,0.38,0.38,60.88,33.29,LocNguyen,572,100,False
-3,5,0.08111711281890628,0.14032402021449286,0.07,0.11146408580454256,0.18716666666666665,0.34119397374757526,0.35,0.35,60.88,33.29,LocNguyen,572,100,False
-2,5,0.0741852759901303,0.13396798683044225,0.066,0.11029803518493234,0.1691666666666667,0.3230429724743993,0.33,0.33,60.88,33.29,LocNguyen,572,100,False
3,5,0.07270256495325246,0.1075633345154753,0.094,0.1153124871684316,0.1655,0.22511070976262243,0.47,0.35,60.88,33.29,LocNguyen,572,100,False
-1,5,0.06635131207238043,0.12430893870788709,0.06,0.10444659357341868,0.15133333333333332,0.30119179656242023,0.3,0.3,60.88,33.29,LocNguyen,572,100,False
5,5,0.036997695027683526,0.07479169622777072,0.054000000000000006,0.0978764424149038,0.09033333333333333,0.17021772549906217,0.27,0.17,60.88,33.29,LocNguyen,572,100,False
6,5,0.022370923645991185,0.058575562778236875,0.036000000000000004,0.08706203523808743,0.050499999999999996,0.12346600835394017,0.18,0.11,60.88,33.29,LocNguyen,572,100,False
18,5,0.018347031088863902,0.049107865302187415,0.028000000000000004,0.0697470176039554,0.03833333333333334,0.10037807318213264,0.14,0.11,60.88,33.29,LocNguyen,572,100,False
17,5,0.018198398365560257,0.0487384956877834,0.028000000000000004,0.0697470176039554,0.03783333333333333,0.09943315775913415,0.14,0.11,60.88,33.29,LocNguyen,572,100,False
15,5,0.017519219216642044,0.04639970857957973,0.028000000000000004,0.0697470176039554,0.035333333333333335,0.09043106644167023,0.14,0.11,60.88,33.29,LocNguyen,572,100,False
20,5,0.017034980313740483,0.04779736142952524,0.026000000000000002,0.06759953379792624,0.036333333333333336,0.09910882363623798,0.13,0.1,60.88,33.29,LocNguyen,572,100,False
13,5,0.01605853571821498,0.04457533030403958,0.026000000000000002,0.06759953379792623,0.03283333333333333,0.08785557861401115,0.13,0.1,60.88,33.29,LocNguyen,572,100,False
12,5,0.015909902994911334,0.04416029253598653,0.026000000000000002,0.06759953379792623,0.03233333333333333,0.08674239116050714,0.13,0.1,60.88,33.29,LocNguyen,572,100,False
7,5,0.014414934529522243,0.04379669153378327,0.024000000000000004,0.06531972647421809,0.0325,0.09348517590761712,0.12,0.08,60.88,33.29,LocNguyen,572,100,False
10,5,0.012378216130407993,0.03916660814167733,0.02,0.06030226891555272,0.024666666666666667,0.07597034095504664,0.1,0.08,60.88,33.29,LocNguyen,572,100,False
9,5,0.009605481856857511,0.034730281991706725,0.016,0.054531984868858144,0.020166666666666666,0.07028461459139107,0.08,0.06,60.88,33.29,LocNguyen,572,100,False
8,5,0.007138125325238018,0.031093147669530658,0.012000000000000002,0.0477366513151884,0.016166666666666666,0.06541137200044743,0.06,0.04,60.88,33.29,LocNguyen,572,100,False
0,10,0.09931894844827967,0.09742274351538543,0.085,0.0757121075675696,0.2935674603174603,0.35345605778510525,0.85,0.85,60.88,33.29,LocNguyen,572,100,False
-3,10,0.07058210644641888,0.09895253495026299,0.061000000000000006,0.0764027076573451,0.20581746031746032,0.33383153243929353,0.61,0.61,60.88,33.29,LocNguyen,572,100,False
-1,10,0.07008000043860099,0.08920147207040512,0.069,0.07613783354528612,0.1831904761904762,0.2901412986302744,0.69,0.69,60.88,33.29,LocNguyen,572,100,False
-4,10,0.06952989307902001,0.10012557085611185,0.059000000000000004,0.07533762390570581,0.20428571428571426,0.33420825018657685,0.59,0.59,60.88,33.29,LocNguyen,572,100,False
-2,10,0.06894163906665,0.09411525787179921,0.063,0.07608474807008886,0.19385317460317458,0.31408834542447156,0.63,0.63,60.88,33.29,LocNguyen,572,100,False
-5,10,0.06883679413020577,0.10328085320835696,0.057,0.07818005635787949,0.2026349206349206,0.33444660574360896,0.57,0.57,60.88,33.29,LocNguyen,572,100,False
3,10,0.06363082001840795,0.07273838584197549,0.07800000000000001,0.07464393593398712,0.19071825396825395,0.2124593028334677,0.78,0.54,60.88,33.29,LocNguyen,572,100,False
5,10,0.037786408567531536,0.05299455848156232,0.059000000000000004,0.06681045100608411,0.12110714285714286,0.16291016631575772,0.59,0.31,60.88,33.29,LocNguyen,572,100,False
20,10,0.03631096707292391,0.04458492325392238,0.057,0.05904116009919339,0.09034126984126983,0.1026982568873453,0.57,0.41,60.88,33.29,LocNguyen,572,100,False
18,10,0.03620717445921387,0.045668555465059116,0.057,0.06072790781740128,0.08855555555555555,0.10286792150326488,0.57,0.41,60.88,33.29,LocNguyen,572,100,False
17,10,0.035172541642588595,0.04564274697546928,0.055,0.060927179584494236,0.08577380952380953,0.1028048711088275,0.55,0.4,60.88,33.29,LocNguyen,572,100,False
15,10,0.032643322288203346,0.04427281070295771,0.052000000000000005,0.06110100926607787,0.0791626984126984,0.09571593448611038,0.52,0.37,60.88,33.29,LocNguyen,572,100,False
13,10,0.030244524969057093,0.04130784183999973,0.047,0.055876848714134036,0.07363095238095238,0.09409472424162162,0.47,0.35,60.88,33.29,LocNguyen,572,100,False
12,10,0.02985633984567827,0.040919785504067004,0.046000000000000006,0.0558135423992378,0.06950396825396825,0.09191939662261256,0.46,0.36,60.88,33.29,LocNguyen,572,100,False
6,10,0.02907617649006975,0.04327566269644659,0.051000000000000004,0.061125801723688145,0.08743650793650794,0.12233521317553389,0.51,0.26,60.88,33.29,LocNguyen,572,100,False
7,10,0.026552631192191898,0.03825437792756764,0.05,0.06113406364191521,0.07349206349206348,0.0990711440378307,0.5,0.26,60.88,33.29,LocNguyen,572,100,False
10,10,0.025419232794790234,0.039003952357702626,0.04,0.05504818825631804,0.058011904761904765,0.08508015730186537,0.4,0.31,60.88,33.29,LocNguyen,572,100,False
9,10,0.024080387892033928,0.03558782565944473,0.043,0.055514125966443714,0.057940476190476195,0.08135071180812316,0.43,0.28,60.88,33.29,LocNguyen,572,100,False
8,10,0.023382951746118437,0.0354053932691996,0.043,0.05904116009919338,0.05811904761904762,0.0815524180857819,0.43,0.26,60.88,33.29,LocNguyen,572,100,False
7,5,0.17819592531963657,0.1485738857351283,0.18,0.1463357147593895,0.34983333333333333,0.31540591664693324,0.9,0.9,41.06,26.91,IM_C4,228,100,False
6,5,0.17590742994898764,0.15001910788773629,0.17600000000000002,0.14572701752373732,0.3526666666666667,0.3222371992339585,0.88,0.88,41.06,26.91,IM_C4,228,100,False
5,5,0.1753950901685555,0.1486843050772896,0.17600000000000002,0.14007213149017908,0.3543333333333333,0.3333469694180554,0.88,0.88,41.06,26.91,IM_C4,228,100,False
8,5,0.17337777999310056,0.14603675611149894,0.172,0.1421906530619429,0.3475,0.31023844962044217,0.86,0.86,41.06,26.91,IM_C4,228,100,False
9,5,0.17047041684326594,0.1410916063951031,0.17400000000000002,0.14114968056369212,0.33366666666666667,0.2938003246287589,0.87,0.87,41.06,26.91,IM_C4,228,100,False
10,5,0.16746256504177445,0.1392826592425023,0.17,0.1374368541872554,0.3328333333333333,0.29391943856035846,0.85,0.85,41.06,26.91,IM_C4,228,100,False
12,5,0.16353858001448998,0.13639923128443043,0.168,0.13549758654528118,0.3235,0.2866374485932132,0.84,0.84,41.06,26.91,IM_C4,228,100,False
13,5,0.1569923299858924,0.13427305572446321,0.162,0.1354230184990496,0.3103333333333333,0.2809094178024315,0.81,0.81,41.06,26.91,IM_C4,228,100,False
15,5,0.15271260469120185,0.1346981063590865,0.158,0.13422429592350862,0.30266666666666664,0.2815573174468323,0.79,0.79,41.06,26.91,IM_C4,228,100,False
17,5,0.14115143025131838,0.12622775631442074,0.15200000000000002,0.13063945294843618,0.27516666666666667,0.2545819728895081,0.76,0.76,41.06,26.91,IM_C4,228,100,False
18,5,0.13725361865893876,0.12374941241301876,0.14800000000000002,0.12591483413222387,0.27066666666666667,0.2539488358377422,0.74,0.74,41.06,26.91,IM_C4,228,100,False
3,5,0.12704449506831816,0.1537377143623003,0.11800000000000001,0.13953747550642828,0.276,0.3691933148144799,0.59,0.59,41.06,26.91,IM_C4,228,100,False
20,5,0.12645381677055548,0.12149450588926634,0.136,0.12351747105800724,0.252,0.2548770086969195,0.68,0.68,41.06,26.91,IM_C4,228,100,False
-3,5,0.008215877620060805,0.03712856391468906,0.01,0.04380858271151806,0.016,0.07748574323087057,0.05,0.05,41.06,26.91,IM_C4,228,100,False
-4,5,0.007920448722387256,0.03539669696750944,0.01,0.04380858271151806,0.014833333333333334,0.06974762103276815,0.05,0.05,41.06,26.91,IM_C4,228,100,False
-2,5,0.004319902576614916,0.024887788598939573,0.006000000000000001,0.03428932159955306,0.007333333333333334,0.04331390395813192,0.03,0.03,41.06,26.91,IM_C4,228,100,False
0,5,0.0040847850486739005,0.023375926636723734,0.006000000000000001,0.03428932159955306,0.006500000000000001,0.0373726794827073,0.03,0.03,41.06,26.91,IM_C4,228,100,False
-5,5,0.0033916020527361606,0.023860818221174265,0.004,0.028141058827257936,0.006666666666666666,0.04690176471209657,0.02,0.02,41.06,26.91,IM_C4,228,100,False
-1,5,0.0013120507751234179,0.013120507751234179,0.002,0.019999999999999993,0.002,0.019999999999999993,0.01,0.01,41.06,26.91,IM_C4,228,100,False
5,10,0.16422352897341994,0.11211962023694753,0.161,0.09938701010583714,0.379547619047619,0.3091693642180822,1.61,1.61,41.06,26.91,IM_C4,228,100,False
6,10,0.15696443816138936,0.11111275988431225,0.149,0.09586922911398156,0.37580555555555556,0.2998317163878221,1.49,1.49,41.06,26.91,IM_C4,228,100,False
7,10,0.1546108144550783,0.10614754276059875,0.146,0.09579017473497778,0.3716865079365079,0.29402982103139,1.46,1.46,41.06,26.91,IM_C4,228,100,False
8,10,0.14531209431434391,0.10613557822987284,0.133,0.09540450828980883,0.3626547619047619,0.29554657548953567,1.33,1.33,41.06,26.91,IM_C4,228,100,False
9,10,0.13923338194633414,0.10499987833027374,0.129,0.09352253550061956,0.34526190476190477,0.2824450700498341,1.29,1.28,41.06,26.91,IM_C4,228,100,False
10,10,0.137815095581525,0.10431002641705601,0.129,0.09565827225339715,0.3446388888888889,0.2824594959414309,1.29,1.26,41.06,26.91,IM_C4,228,100,False
12,10,0.12613132470600613,0.09973900694970701,0.11599999999999999,0.08729376850727674,0.3340555555555556,0.27652428173458204,1.16,1.11,41.06,26.91,IM_C4,228,100,False
13,10,0.12370819887252582,0.09698125153261483,0.11599999999999999,0.08494799359703334,0.32522222222222225,0.26707602791876317,1.16,1.1,41.06,26.91,IM_C4,228,100,False
15,10,0.12174955033323777,0.09602236349466772,0.11600000000000002,0.08494799359703332,0.3189166666666667,0.26689153415314393,1.16,1.09,41.06,26.91,IM_C4,228,100,False
3,10,0.11971937831867814,0.1061826833117189,0.11200000000000002,0.08561128973034414,0.3148809523809524,0.3442284737410825,1.12,1.12,41.06,26.91,IM_C4,228,100,False
17,10,0.11420822068929834,0.08940727206022175,0.113,0.08367203894378394,0.292734126984127,0.2389066906699694,1.13,1.05,41.06,26.91,IM_C4,228,100,False
18,10,0.11026114618863117,0.08580511648487277,0.109,0.07925792188682583,0.2868174603174603,0.2398192260235536,1.09,1.01,41.06,26.91,IM_C4,228,100,False
20,10,0.10487112258429741,0.08411547530497034,0.105,0.07833494518006402,0.2725952380952381,0.23843840389267904,1.05,0.97,41.06,26.91,IM_C4,228,100,False
0,10,0.024486187534237668,0.042024468066184366,0.035,0.05924610544247621,0.038035714285714284,0.06289500454845871,0.35,0.35,41.06,26.91,IM_C4,228,100,False
-1,10,0.010371242565622236,0.025387224430601433,0.015,0.03588702812826367,0.020658730158730158,0.05054454873411705,0.15,0.14,41.06,26.91,IM_C4,228,100,False
-2,10,0.010035800603347734,0.02643694203667661,0.013000000000000001,0.033799766898963114,0.02121825396825397,0.05911705539500626,0.13,0.13,41.06,26.91,IM_C4,228,100,False
-3,10,0.009690503829387277,0.028463486306985173,0.012000000000000002,0.03265986323710904,0.024456349206349207,0.08204121398401605,0.12,0.11,41.06,26.91,IM_C4,228,100,False
-4,10,0.007916874292441808,0.026210671321022207,0.009000000000000001,0.02876234912646614,0.01986111111111111,0.07316186526970087,0.09,0.09,41.06,26.91,IM_C4,228,100,False
-5,10,0.006527354584272972,0.02276879689289748,0.008,0.02726599243442908,0.014928571428571428,0.056599756982139524,0.08,0.08,41.06,26.91,IM_C4,228,100,False
17,5,0.12060199994439653,0.1354268558398495,0.188,0.17481880951893067,0.345,0.36361216249433226,0.94,0.47,34.29,9.94,HumanRat,161,100,False
18,5,0.11955777416469003,0.13409215080386122,0.18600000000000003,0.17582130506036892,0.3451666666666667,0.3651352700467304,0.93,0.46,34.29,9.94,HumanRat,161,100,False
20,5,0.11864429653547118,0.132246395623434,0.18600000000000003,0.17582130506036894,0.3463333333333333,0.36562892635089994,0.93,0.46,34.29,9.94,HumanRat,161,100,False
15,5,0.11456009260861137,0.13245948320150436,0.18,0.17407765595569785,0.32583333333333336,0.35955277589416357,0.9,0.46,34.29,9.94,HumanRat,161,100,False
13,5,0.10990817370431705,0.1282368056748276,0.17400000000000002,0.1624434633584214,0.3103333333333333,0.34395354396203043,0.87,0.45,34.29,9.94,HumanRat,161,100,False
12,5,0.09926581762143147,0.11980765800279755,0.166,0.16588909523893344,0.2668333333333333,0.29513921271521154,0.83,0.43,34.29,9.94,HumanRat,161,100,False
10,5,0.07713327851966684,0.09440525425592541,0.134,0.13942160463279657,0.19866666666666666,0.2286038236623384,0.67,0.36,34.29,9.94,HumanRat,161,100,False
9,5,0.07187997032742087,0.08629323113933492,0.128,0.1348998880576993,0.16833333333333333,0.1789183738797794,0.64,0.36,34.29,9.94,HumanRat,161,100,False
7,5,0.06873445138491002,0.09062313964661009,0.11600000000000002,0.1426445748967508,0.13633333333333333,0.1611438489900873,0.58,0.38,34.29,9.94,HumanRat,161,100,False
8,5,0.0687257276698749,0.08721096551542097,0.12,0.1392621247645583,0.14583333333333334,0.16631908199914114,0.6,0.36,34.29,9.94,HumanRat,161,100,False
6,5,0.0666533863939965,0.08842487717997273,0.10800000000000001,0.13756908273755597,0.11916666666666666,0.14643873856544068,0.54,0.41,34.29,9.94,HumanRat,161,100,False
5,5,0.044229329418252104,0.06857931946101292,0.07,0.10777829844714389,0.08616666666666667,0.13385954664016889,0.35,0.27,34.29,9.94,HumanRat,161,100,False
3,5,0.03771570284791495,0.06095151266985656,0.05600000000000001,0.09025217197084262,0.059333333333333335,0.09687368984668533,0.28,0.28,34.29,9.94,HumanRat,161,100,False
0,5,0.003936152325370253,0.022494665491574868,0.006000000000000001,0.03428932159955306,0.006000000000000001,0.03428932159955306,0.03,0.03,34.29,9.94,HumanRat,161,100,False
-5,5,0.0,0.0,0.0,0.0,0.0,0.0,0.0,0.0,34.29,9.94,HumanRat,161,100,False
-4,5,0.0,0.0,0.0,0.0,0.0,0.0,0.0,0.0,34.29,9.94,HumanRat,161,100,False
-3,5,0.0,0.0,0.0,0.0,0.0,0.0,0.0,0.0,34.29,9.94,HumanRat,161,100,False
-2,5,0.0,0.0,0.0,0.0,0.0,0.0,0.0,0.0,34.29,9.94,HumanRat,161,100,False
-1,5,0.0,0.0,0.0,0.0,0.0,0.0,0.0,0.0,34.29,9.94,HumanRat,161,100,False
17,10,0.10528117750837236,0.09848418975017761,0.154,0.10956295178590436,0.3691309523809524,0.3437807359274476,1.54,0.66,34.29,9.94,HumanRat,161,100,False
18,10,0.10460615235719421,0.09896265985102459,0.153,0.11051303684693184,0.3695357142857143,0.34523004094312926,1.53,0.65,34.29,9.94,HumanRat,161,100,False
20,10,0.10259660076288486,0.0958577536885308,0.15,0.1077782984471439,0.3713174603174603,0.34499424729177286,1.5,0.63,34.29,9.94,HumanRat,161,100,False
15,10,0.10218421647106529,0.09774449016758259,0.15,0.11326200964261064,0.350797619047619,0.34062685051509056,1.5,0.67,34.29,9.94,HumanRat,161,100,False
13,10,0.10155824206452403,0.09727798395379925,0.149,0.11054959123041626,0.33154761904761904,0.3278553852387157,1.49,0.7,34.29,9.94,HumanRat,161,100,False
12,10,0.09776626361920565,0.09369338868791043,0.14800000000000002,0.1114459600891931,0.2900238095238095,0.27814773583884167,1.48,0.73,34.29,9.94,HumanRat,161,100,False
3,10,0.09766503549939486,0.06908699099429415,0.13,0.09156330260447353,0.13333333333333333,0.07678365571277962,1.3,1.23,34.29,9.94,HumanRat,161,100,False
5,10,0.09622998046737044,0.06940674371642383,0.14100000000000001,0.08887057892227214,0.15940873015873014,0.10152244751661424,1.41,1.09,34.29,9.94,HumanRat,161,100,False
7,10,0.09565435382685726,0.07804877274461598,0.149,0.10199524647271707,0.1894642857142857,0.12790319927788385,1.49,0.93,34.29,9.94,HumanRat,161,100,False
6,10,0.09430218486785848,0.07302679920885331,0.14400000000000002,0.09777318630174614,0.17139285714285712,0.11744066812527644,1.44,0.98,34.29,9.94,HumanRat,161,100,False
8,10,0.09416572727245662,0.07458084669858814,0.15,0.09898474527915803,0.19512301587301586,0.13305251717007743,1.5,0.9,34.29,9.94,HumanRat,161,100,False
10,10,0.09006125289033451,0.08404713647992934,0.14800000000000002,0.1105358847532412,0.23304761904761903,0.20587731775989712,1.48,0.73,34.29,9.94,HumanRat,161,100,False
9,10,0.08896935566727332,0.07626300182935764,0.14800000000000002,0.10490977364412052,0.20882142857142857,0.15000404916136778,1.48,0.77,34.29,9.94,HumanRat,161,100,False
0,10,0.06476065715940023,0.049255808546501925,0.091,0.06976873775321414,0.0901388888888889,0.06133237615378703,0.91,0.91,34.29,9.94,HumanRat,161,100,False
-1,10,0.047077070389053996,0.049645372221932355,0.065,0.06871842709362767,0.07034523809523809,0.06923832428359537,0.65,0.65,34.29,9.94,HumanRat,161,100,False
-2,10,0.032186818689532555,0.04321682953965824,0.044000000000000004,0.05915226030330456,0.052333333333333336,0.06734943777998523,0.44,0.44,34.29,9.94,HumanRat,161,100,False
-3,10,0.024211824673909952,0.040050713183090766,0.033,0.05514901759246616,0.03977777777777777,0.06300294404438453,0.33,0.33,34.29,9.94,HumanRat,161,100,False
-4,10,0.018281458786050992,0.03487503471270342,0.025,0.04793724854411024,0.03115079365079365,0.05751825467780042,0.25,0.25,34.29,9.94,HumanRat,161,100,False
-5,10,0.009523645261198817,0.02477189194309049,0.013000000000000001,0.033799766898963114,0.018214285714285714,0.047414332691154845,0.13,0.13,34.29,9.94,HumanRat,161,100,False
20,5,0.08894071076230523,0.1268214255062082,0.11600000000000002,0.13686238756982555,0.2285,0.3215535992205921,0.58,0.36,27.24,5.73,KSTTK,138,100,False
18,5,0.0830514920531083,0.11878302886871292,0.11,0.1314257481345542,0.21783333333333332,0.3116990746398089,0.55,0.33,27.24,5.73,KSTTK,138,100,False
17,5,0.07662775634625835,0.1116612013948144,0.10600000000000001,0.13167146136264207,0.2005,0.2934895417406063,0.53,0.31,27.24,5.73,KSTTK,138,100,False
15,5,0.07160730210808622,0.1049113723841145,0.10400000000000001,0.13174815276722388,0.18416666666666667,0.2721900104627926,0.52,0.3,27.24,5.73,KSTTK,138,100,False
13,5,0.06464790654851674,0.0990128597309157,0.098,0.12869194287761823,0.16083333333333333,0.2363130449612446,0.49,0.27,27.24,5.73,KSTTK,138,100,False
12,5,0.0618733964596769,0.09363428474381437,0.09600000000000002,0.1254647924376163,0.157,0.23246809273836727,0.48,0.26,27.24,5.73,KSTTK,138,100,False
10,5,0.05518642036077104,0.08244374775286441,0.09200000000000001,0.11864555481250734,0.1305,0.17655919162747702,0.46,0.25,27.24,5.73,KSTTK,138,100,False
9,5,0.052127608661011286,0.08084490529310971,0.086,0.11460956999899066,0.12300000000000001,0.1742352216341819,0.43,0.24,27.24,5.73,KSTTK,138,100,False
6,5,0.04954804659413707,0.07762434187212597,0.08200000000000002,0.11044446476840657,0.11166666666666666,0.15865420260582236,0.41,0.24,27.24,5.73,KSTTK,138,100,False
8,5,0.04926288402673776,0.07953299893797539,0.08200000000000002,0.11044446476840657,0.11833333333333335,0.17097955063108197,0.41,0.22,27.24,5.73,KSTTK,138,100,False
7,5,0.049116795515387404,0.07786839855933528,0.08200000000000002,0.11044446476840655,0.11449999999999999,0.16462819040930102,0.41,0.23,27.24,5.73,KSTTK,138,100,False
5,5,0.04886044245944968,0.07715202612487018,0.08,0.11009637651263607,0.10766666666666666,0.153511461458427,0.4,0.24,27.24,5.73,KSTTK,138,100,False
3,5,0.0488396510770088,0.07544461563022534,0.07800000000000001,0.10971036248396793,0.09866666666666667,0.138427111128559,0.39,0.27,27.24,5.73,KSTTK,138,100,False
0,5,0.03637558191335406,0.0851271733316379,0.034,0.07550503361372739,0.08533333333333333,0.2162879362804856,0.17,0.17,27.24,5.73,KSTTK,138,100,False
-1,5,0.017819960070730355,0.05431615721222004,0.02,0.06030226891555272,0.03666666666666667,0.11442041524730084,0.1,0.1,27.24,5.73,KSTTK,138,100,False
-5,5,0.0,0.0,0.0,0.0,0.0,0.0,0.0,0.0,27.24,5.73,KSTTK,138,100,False
-4,5,0.0,0.0,0.0,0.0,0.0,0.0,0.0,0.0,27.24,5.73,KSTTK,138,100,False
-3,5,0.0,0.0,0.0,0.0,0.0,0.0,0.0,0.0,27.24,5.73,KSTTK,138,100,False
-2,5,0.0,0.0,0.0,0.0,0.0,0.0,0.0,0.0,27.24,5.73,KSTTK,138,100,False
20,10,0.09469941423734789,0.10773148371437341,0.10800000000000001,0.09916825819960456,0.25440873015873017,0.30727479267059077,1.08,0.57,27.24,5.73,KSTTK,138,100,False
18,10,0.0926250084316887,0.10512945067198769,0.10700000000000001,0.09666666666666668,0.24474206349206348,0.29722598904541087,1.07,0.57,27.24,5.73,KSTTK,138,100,False
17,10,0.08692667278066607,0.0975884291818715,0.10200000000000001,0.09098784467602183,0.23025396825396827,0.27817250247769465,1.02,0.54,27.24,5.73,KSTTK,138,100,False
5,10,0.08428099584306357,0.0787671385308519,0.106,0.08855746294030925,0.15536111111111112,0.13429750869127077,1.06,0.7,27.24,5.73,KSTTK,138,100,False
15,10,0.08327273348824704,0.09203007160380944,0.1,0.08989331499509896,0.21481349206349207,0.25692591987243585,1.0,0.54,27.24,5.73,KSTTK,138,100,False
6,10,0.08286827683347632,0.07703201799146422,0.10400000000000001,0.0839913415450989,0.15934126984126984,0.13820855866783197,1.04,0.68,27.24,5.73,KSTTK,138,100,False
13,10,0.08249744515991213,0.08807816802927239,0.1,0.08876253645985945,0.1947698412698413,0.21978074849555237,1.0,0.58,27.24,5.73,KSTTK,138,100,False
7,10,0.08237828545328667,0.07718865875532215,0.10400000000000001,0.0839913415450989,0.16175793650793652,0.14413044695996996,1.04,0.67,27.24,5.73,KSTTK,138,100,False
8,10,0.08227765357577475,0.07853848790179861,0.10300000000000001,0.08463230035055327,0.16326190476190475,0.15111804238633653,1.03,0.66,27.24,5.73,KSTTK,138,100,False
12,10,0.08214349419082075,0.08579059007545174,0.1,0.08761716542303612,0.19247619047619047,0.21540075276362217,1.0,0.59,27.24,5.73,KSTTK,138,100,False
10,10,0.08180265766555854,0.08145699088017994,0.10300000000000001,0.08814015468948797,0.16788888888888887,0.1584725611389019,1.03,0.63,27.24,5.73,KSTTK,138,100,False
9,10,0.0810182733363943,0.07978722088901094,0.10099999999999999,0.08586458683722453,0.1643611111111111,0.155862490723855,1.01,0.64,27.24,5.73,KSTTK,138,100,False
3,10,0.07324524718266104,0.07109021211282368,0.091,0.0792579218868258,0.14150396825396824,0.12209489242255248,0.91,0.62,27.24,5.73,KSTTK,138,100,False
0,10,0.04028228017815441,0.06773131478655312,0.03,0.046056618647183835,0.10278968253968253,0.21426082741219146,0.3,0.3,27.24,5.73,KSTTK,138,100,False
-1,10,0.028579465920619343,0.05064701334650393,0.026000000000000002,0.0440844002276808,0.05817460317460317,0.11843640863187617,0.26,0.26,27.24,5.73,KSTTK,138,100,False
-2,10,0.009140450144745082,0.026328588540798975,0.011000000000000001,0.03144660377352202,0.013884920634920634,0.04046453691561803,0.11,0.11,27.24,5.73,KSTTK,138,100,False
-3,10,0.003396577928754182,0.016776724816880202,0.004,0.019694638556693234,0.004428571428571428,0.022121550983926198,0.04,0.04,27.24,5.73,KSTTK,138,100,False
-4,10,0.0010235370494891941,0.01023537049489194,0.001,0.01,0.0016666666666666666,0.01666666666666667,0.01,0.01,27.24,5.73,KSTTK,138,100,False
-5,10,0.00090646680047143,0.0090646680047143,0.001,0.01,0.00125,0.0125,0.01,0.01,27.24,5.73,KSTTK,138,100,False
9,5,0.4525536435085457,0.20143733202474196,0.44,0.2127264093913242,0.6675,0.31660352905928674,2.2,2.2,15.44,15.44,DaiShi57,190,100,False
10,5,0.44869601148788996,0.20045960699815357,0.424,0.20553944790833856,0.6908333333333333,0.3235723629639498,2.12,2.12,15.44,15.44,DaiShi57,190,100,False
8,5,0.4468675067380639,0.19412512024795994,0.444,0.2061283311165374,0.6375,0.30712978315966644,2.22,2.22,15.44,15.44,DaiShi57,190,100,False
7,5,0.4428692019144283,0.19957343368781957,0.46,0.21555659689428777,0.5920000000000001,0.2985982966477585,2.3,2.3,15.44,15.44,DaiShi57,190,100,False
6,5,0.4321717229368362,0.1980940487259693,0.47,0.21904291355759026,0.5336666666666666,0.2818686642450296,2.35,2.35,15.44,15.44,DaiShi57,190,100,False
12,5,0.4256321420085208,0.20699037660989625,0.38799999999999996,0.19657676424853532,0.6983333333333333,0.32841062003768295,1.94,1.94,15.44,15.44,DaiShi57,190,100,False
5,5,0.41742963390269494,0.17113008054120993,0.478,0.1967308575262922,0.4843333333333333,0.25004848014783543,2.39,2.39,15.44,15.44,DaiShi57,190,100,False
13,5,0.4052787679903439,0.21526217663501518,0.366,0.20111808682583684,0.6831666666666666,0.3467218212405367,1.83,1.83,15.44,15.44,DaiShi57,190,100,False
15,5,0.3872882068493675,0.21735796544102945,0.33799999999999997,0.1963196733427756,0.6848333333333333,0.3661236796788059,1.69,1.69,15.44,15.44,DaiShi57,190,100,False
3,5,0.3837681489238042,0.1187156152846442,0.484,0.15355714890488809,0.37949999999999995,0.10819027072770768,2.42,2.42,15.44,15.44,DaiShi57,190,100,False
0,5,0.378837163570342,0.12054672156470482,0.486,0.15636011271575895,0.3545,0.10430828756728228,2.43,2.43,15.44,15.44,DaiShi57,190,100,False
17,5,0.37015109902542287,0.21484875482562715,0.314,0.18910741963660802,0.6838333333333334,0.38143987792492334,1.57,1.57,15.44,15.44,DaiShi57,190,100,False
18,5,0.3627088498588405,0.22192715010687047,0.30400000000000005,0.19587668765750757,0.6765000000000001,0.3919725863086709,1.52,1.52,15.44,15.44,DaiShi57,190,100,False
20,5,0.34820617662409425,0.2178043633928557,0.28600000000000003,0.18695864610532287,0.6706666666666666,0.3976722392580895,1.43,1.43,15.44,15.44,DaiShi57,190,100,False
-1,5,0.32216294918614347,0.13844568762394757,0.41,0.17837651700316892,0.3353333333333333,0.11740459268631012,2.05,2.05,15.44,15.44,DaiShi57,190,100,False
-2,5,0.23981239679052022,0.14231596321218615,0.306,0.17397317800933187,0.291,0.14308646817130324,1.53,1.53,15.44,15.44,DaiShi57,190,100,False
-3,5,0.13446003423030167,0.15632802216849923,0.172,0.19073488925678483,0.17366666666666666,0.17493272716902453,0.86,0.86,15.44,15.44,DaiShi57,190,100,False
-4,5,0.052360974038467234,0.1294394071025213,0.064,0.15276574791940023,0.06616666666666667,0.14805993796459108,0.32,0.32,15.44,15.44,DaiShi57,190,100,False
-5,5,0.02326310341724068,0.08029004454358672,0.026000000000000002,0.08832904506457774,0.037000000000000005,0.12253357953833764,0.13,0.13,15.44,15.44,DaiShi57,190,100,False
0,10,0.36748983594495244,0.11700089833617298,0.409,0.140054102100408,0.35692857142857143,0.09717080243435411,4.09,4.09,15.44,15.44,DaiShi57,190,100,False
3,10,0.36053040160472155,0.12400633976435084,0.395,0.1493250809408111,0.38075,0.10441767736739477,3.95,3.95,15.44,15.44,DaiShi57,190,100,False
5,10,0.3433539152156178,0.12959695066487206,0.33899999999999997,0.1384583225043084,0.4881230158730158,0.24349618372880238,3.39,3.39,15.44,15.44,DaiShi57,190,100,False
6,10,0.3370592529566171,0.13898653233907174,0.313,0.13828312341794358,0.5401230158730158,0.2707719034861685,3.13,3.13,15.44,15.44,DaiShi57,190,100,False
7,10,0.3355586331950891,0.13977987532648187,0.29600000000000004,0.13327271349235806,0.5980119047619048,0.287528298298831,2.96,2.96,15.44,15.44,DaiShi57,190,100,False
9,10,0.33387673556780945,0.15005555877998256,0.275,0.13734495390671023,0.6675,0.31660352905928674,2.75,2.75,15.44,15.44,DaiShi57,190,100,False
8,10,0.33347431536175753,0.1450271985219479,0.281,0.13461129974932276,0.6397222222222222,0.30283852189810595,2.81,2.81,15.44,15.44,DaiShi57,190,100,False
10,10,0.3311745791589826,0.14996245338945596,0.267,0.13637070688740197,0.6908333333333333,0.3235723629639498,2.67,2.67,15.44,15.44,DaiShi57,190,100,False
12,10,0.31461183772861,0.15161895057441852,0.247,0.12748935388311977,0.6983333333333333,0.32841062003768295,2.47,2.47,15.44,15.44,DaiShi57,190,100,False
-1,10,0.3083395003552788,0.11803905415417773,0.34299999999999997,0.13872070625337207,0.3403333333333333,0.1058920738919175,3.43,3.43,15.44,15.44,DaiShi57,190,100,False
13,10,0.30302985284448464,0.15052764895865106,0.23800000000000002,0.12208624207932073,0.6865000000000001,0.34083062695985755,2.38,2.38,15.44,15.44,DaiShi57,190,100,False
15,10,0.2852656173980901,0.15195247896669953,0.215,0.11838560518556093,0.6895119047619047,0.3579352159119583,2.15,2.15,15.44,15.44,DaiShi57,190,100,False
17,10,0.277687604930003,0.15318683827107427,0.20800000000000002,0.12033622929445675,0.6889285714285713,0.3729878370539242,2.08,2.08,15.44,15.44,DaiShi57,190,100,False
18,10,0.27419617157247983,0.15318017373167198,0.205,0.11923578203363165,0.6857619047619048,0.3770714913578251,2.05,2.05,15.44,15.44,DaiShi57,190,100,False
20,10,0.26540107917539246,0.15502819173557367,0.19699999999999998,0.11845384388576476,0.6793730158730159,0.3839266515855467,1.97,1.97,15.44,15.44,DaiShi57,190,100,False
-2,10,0.22034739688231741,0.12337557904073979,0.242,0.1364632632697248,0.2947896825396825,0.13682116725499718,2.42,2.42,15.44,15.44,DaiShi57,190,100,False
-3,10,0.1261797672285937,0.11209958178136925,0.14,0.11634153830577251,0.20305555555555554,0.15392647584645117,1.4,1.4,15.44,15.44,DaiShi57,190,100,False
-4,10,0.05654713043720192,0.09499884299801162,0.064,0.09694317819207186,0.09396031746031745,0.1457474609719025,0.64,0.64,15.44,15.44,DaiShi57,190,100,False
-5,10,0.0216794412356216,0.0603650008506434,0.022000000000000002,0.05787482137765048,0.04592857142857142,0.1250204614600635,0.22,0.22,15.44,15.44,DaiShi57,190,100,False
3,5,0.09888359102103009,0.11323691939078674,0.14400000000000002,0.14792845663640336,0.21066666666666667,0.21956134209035133,0.72,0.47,32.02,12.67,dareggon,145,100,False
5,5,0.0879619405006929,0.10716250824072152,0.128,0.14076271315281405,0.19983333333333334,0.239287839293329,0.64,0.41,32.02,12.67,dareggon,145,100,False
6,5,0.08342372763513146,0.11221549354614116,0.114,0.1310563145207341,0.20733333333333334,0.2738748024324388,0.57,0.36,32.02,12.67,dareggon,145,100,False
8,5,0.07833830890036181,0.11544280110950152,0.10200000000000001,0.1255130883754175,0.22083333333333333,0.3210652775650341,0.51,0.3,32.02,12.67,dareggon,145,100,False
7,5,0.07830282833880825,0.108447013827619,0.11,0.13142574813455418,0.2003333333333333,0.27378934614152917,0.55,0.33,32.02,12.67,dareggon,145,100,False
10,5,0.07599154481031006,0.11522262908544827,0.1,0.12552918289216958,0.21616666666666667,0.3214066219145927,0.5,0.29,32.02,12.67,dareggon,145,100,False
9,5,0.0757042282079602,0.11306519676075025,0.10200000000000001,0.12869194287761826,0.20916666666666667,0.31087991951018273,0.51,0.3,32.02,12.67,dareggon,145,100,False
12,5,0.06471771803394026,0.10283737515894747,0.094,0.12211933226615398,0.17783333333333332,0.2635450178451045,0.47,0.26,32.02,12.67,dareggon,145,100,False
13,5,0.061708611568595605,0.0979152879875771,0.094,0.12211933226615398,0.166,0.24664892101059394,0.47,0.26,32.02,12.67,dareggon,145,100,False
15,5,0.0551489388147926,0.09427735629517087,0.086,0.11808232019838676,0.152,0.2412704868222548,0.43,0.23,32.02,12.67,dareggon,145,100,False
17,5,0.054105501021562655,0.09347788998929317,0.086,0.11808232019838676,0.14633333333333332,0.23740530630396503,0.43,0.23,32.02,12.67,dareggon,145,100,False
18,5,0.046870942810696335,0.08851869549999672,0.07600000000000001,0.11644567814906642,0.13033333333333333,0.22534896246079072,0.38,0.19,32.02,12.67,dareggon,145,100,False
20,5,0.04574974545439714,0.08739326512794807,0.07600000000000001,0.11644567814906641,0.13083333333333333,0.225560469170742,0.38,0.18,32.02,12.67,dareggon,145,100,False
0,5,0.02308945950266036,0.052401829018883725,0.034,0.07550503361372737,0.03966666666666667,0.08988644788235235,0.17,0.16,32.02,12.67,dareggon,145,100,False
-1,5,0.016487772917999247,0.04494649513919192,0.024000000000000004,0.0653197264742181,0.0265,0.072632672059515,0.12,0.12,32.02,12.67,dareggon,145,100,False
-2,5,0.007154784768831675,0.031372562347941814,0.01,0.04380858271151807,0.012,0.05276209229966514,0.05,0.05,32.02,12.67,dareggon,145,100,False
-3,5,0.005694101270404611,0.02806564849419497,0.008,0.039389277113386474,0.0095,0.046976783434140974,0.04,0.04,32.02,12.67,dareggon,145,100,False
-4,5,0.004382050495281193,0.025042923116362928,0.006000000000000001,0.03428932159955306,0.0075,0.04286165199944133,0.03,0.03,32.02,12.67,dareggon,145,100,False
-5,5,0.002921366996854129,0.02055259012862047,0.004,0.028141058827257946,0.005,0.03517632353407243,0.02,0.02,32.02,12.67,dareggon,145,100,False
3,10,0.08109586244848271,0.07943867298472167,0.10800000000000001,0.09393743888483666,0.2297301587301587,0.2055203726522787,1.08,0.64,32.02,12.67,dareggon,145,100,False
5,10,0.07663032097987467,0.0730919361886216,0.10300000000000001,0.08581751840181855,0.22646031746031745,0.2232480494301074,1.03,0.61,32.02,12.67,dareggon,145,100,False
6,10,0.07311110031972672,0.07745872331000042,0.09700000000000002,0.08581751840181853,0.23276984126984124,0.2596229827050561,0.97,0.55,32.02,12.67,dareggon,145,100,False
7,10,0.0675218275673828,0.0737129985209479,0.091,0.08176709965419215,0.22456746031746033,0.26069677897245574,0.91,0.5,32.02,12.67,dareggon,145,100,False
8,10,0.06676829553223439,0.07903701400117631,0.086,0.08290191356493089,0.24245238095238095,0.30987521307552185,0.86,0.46,32.02,12.67,dareggon,145,100,False
10,10,0.0596022423062687,0.0785472429269851,0.07400000000000001,0.07865022940753949,0.23099603174603175,0.31413697025261095,0.74,0.39,32.02,12.67,dareggon,145,100,False
9,10,0.058698837162456004,0.07734469248652895,0.075,0.08087276451565165,0.22528571428571428,0.3033325612397419,0.75,0.38,32.02,12.67,dareggon,145,100,False
0,10,0.051291476459771446,0.0558904508510083,0.077,0.07895146188218008,0.09241666666666667,0.09091677139406366,0.77,0.63,32.02,12.67,dareggon,145,100,False
12,10,0.05085791420386418,0.06865109903440411,0.066,0.07278028371042322,0.19117460317460316,0.25754394789409146,0.66,0.35,32.02,12.67,dareggon,145,100,False
13,10,0.04831289558131209,0.06547229936437597,0.066,0.07278028371042322,0.1788015873015873,0.24102684649236034,0.66,0.34,32.02,12.67,dareggon,145,100,False
15,10,0.045664666572722785,0.06331897482219744,0.065,0.07159792333764037,0.16845238095238094,0.23464522867962498,0.65,0.33,32.02,12.67,dareggon,145,100,False
17,10,0.04346562252976227,0.06221762385423589,0.063,0.07057484028184606,0.16123412698412698,0.23171570432170507,0.63,0.31,32.02,12.67,dareggon,145,100,False
18,10,0.040428372242049135,0.058837976061421264,0.06,0.06963106238227915,0.15067460317460318,0.21885566120342845,0.6,0.29,32.02,12.67,dareggon,145,100,False
20,10,0.03951915518382816,0.05790234532192776,0.05800000000000001,0.0669388383586695,0.15009126984126986,0.2190889391840989,0.58,0.29,32.02,12.67,dareggon,145,100,False
-1,10,0.01838578214936268,0.03902415692442196,0.023000000000000003,0.04893822120745189,0.03673412698412699,0.0774492644823574,0.23,0.23,32.02,12.67,dareggon,145,100,False
-2,10,0.007669850215151302,0.02470281090757411,0.009000000000000001,0.02876234912646614,0.017952380952380952,0.0591841390665441,0.09,0.09,32.02,12.67,dareggon,145,100,False
-3,10,0.004521048908474992,0.019878342231793588,0.005,0.021904291355759036,0.011166666666666667,0.04952382686757384,0.05,0.05,32.02,12.67,dareggon,145,100,False
-4,10,0.003521842924261545,0.017573889232821355,0.004,0.01969463855669324,0.0085,0.04384027482771632,0.04,0.04,32.02,12.67,dareggon,145,100,False
-5,10,0.002714474509702872,0.015549090074381836,0.0030000000000000005,0.01714466079977653,0.006666666666666666,0.03870809344719135,0.03,0.03,32.02,12.67,dareggon,145,100,False
3,5,0.09372929022096974,0.11281722802979806,0.11600000000000002,0.13387767671733894,0.1991666666666667,0.2629088660152129,0.58,0.46,18.79,7.16,pensa89,92,100,False
5,5,0.08297437858586074,0.11332507548867349,0.1,0.11547005383792515,0.18983333333333335,0.2685841728629181,0.5,0.39,18.79,7.16,pensa89,92,100,False
6,5,0.08161891838150248,0.11264668936541404,0.098,0.11545255704960775,0.1905,0.270025718939676,0.49,0.38,18.79,7.16,pensa89,92,100,False
7,5,0.07697914100470231,0.1059367285216825,0.09600000000000002,0.10817120735671809,0.17816666666666667,0.2507306382837692,0.48,0.38,18.79,7.16,pensa89,92,100,False
0,5,0.07601134377255778,0.10974468664255413,0.114,0.1484056684370325,0.16566666666666666,0.23227054738588898,0.57,0.35,18.79,7.16,pensa89,92,100,False
9,5,0.06811540008260397,0.0993799049182615,0.094,0.11876468542900497,0.16666666666666663,0.24912867237319095,0.47,0.32,18.79,7.16,pensa89,92,100,False
8,5,0.06650704062852224,0.09668860634143199,0.09200000000000001,0.11162708479847556,0.16183333333333333,0.23569386781713123,0.46,0.31,18.79,7.16,pensa89,92,100,False
10,5,0.06483050342654936,0.09129898462940038,0.10200000000000001,0.1222516034473763,0.16149999999999998,0.22154815697402186,0.51,0.3,18.79,7.16,pensa89,92,100,False
15,5,0.06339643928814215,0.08739394440175427,0.10800000000000001,0.13156401829182215,0.1655,0.21846899941113773,0.54,0.28,18.79,7.16,pensa89,92,100,False
12,5,0.06330272196946586,0.09106337682483343,0.10400000000000001,0.13174815276722388,0.1605,0.22614783907401179,0.52,0.28,18.79,7.16,pensa89,92,100,False
13,5,0.06202355599185,0.08717243462378553,0.10600000000000001,0.12856629779725687,0.1628333333333333,0.21447159246171496,0.53,0.27,18.79,7.16,pensa89,92,100,False
17,5,0.06048889763168302,0.08530159937164551,0.10800000000000001,0.13156401829182215,0.16216666666666665,0.21551565547618828,0.54,0.26,18.79,7.16,pensa89,92,100,False
18,5,0.056555157642716326,0.08247873969013624,0.10400000000000001,0.13174815276722385,0.1565,0.21559427695533162,0.52,0.23,18.79,7.16,pensa89,92,100,False
20,5,0.055515585850836796,0.08594544782401439,0.10200000000000001,0.1348249894410446,0.15833333333333333,0.23055707678699794,0.51,0.21,18.79,7.16,pensa89,92,100,False
-1,5,0.047541155916053256,0.08883568978297403,0.08200000000000002,0.13953747550642828,0.11866666666666667,0.2013183261961062,0.41,0.2,18.79,7.16,pensa89,92,100,False
-2,5,0.029530986382389632,0.062177602705821435,0.062,0.11615037275406866,0.10433333333333333,0.18737689561443002,0.31,0.11,18.79,7.16,pensa89,92,100,False
-3,5,0.020481665519882793,0.046849072130012846,0.052000000000000005,0.10490977364412055,0.09699999999999999,0.18844838713237796,0.26,0.04,18.79,7.16,pensa89,92,100,False
-4,5,0.019980131178925192,0.04727793236591199,0.05,0.1039619199903542,0.09416666666666666,0.18752291292846374,0.25,0.04,18.79,7.16,pensa89,92,100,False
-5,5,0.011888736770148128,0.03130943595948707,0.032,0.07898344027949047,0.07083333333333333,0.1717960677340692,0.16,0.01,18.79,7.16,pensa89,92,100,False
3,10,0.09995260666471528,0.08722734848748753,0.10300000000000001,0.07713951678941898,0.23775396825396825,0.24046008396112575,1.03,0.79,18.79,7.16,pensa89,92,100,False
6,10,0.08932106614399922,0.08721886438262354,0.098,0.08162491202216554,0.2181031746031746,0.2551394375448635,0.98,0.66,18.79,7.16,pensa89,92,100,False
5,10,0.08717711475326033,0.09091812068004261,0.09300000000000001,0.07818005635787949,0.21754761904761902,0.25405154846508365,0.93,0.64,18.79,7.16,pensa89,92,100,False
7,10,0.08365879872283495,0.08593814999529245,0.094,0.08017657281452502,0.2061904761904762,0.23640059496944582,0.94,0.63,18.79,7.16,pensa89,92,100,False
0,10,0.07902012206260421,0.08778775580342074,0.096,0.09526146899322661,0.192515873015873,0.21907265534749634,0.96,0.57,18.79,7.16,pensa89,92,100,False
8,10,0.07886652457528193,0.08177554289481968,0.09,0.07587869106393282,0.19483333333333333,0.22037537938777965,0.9,0.6,18.79,7.16,pensa89,92,100,False
9,10,0.07648004082342164,0.0819213255860573,0.08900000000000001,0.07771353768420235,0.19768253968253968,0.2345290129797479,0.89,0.57,18.79,7.16,pensa89,92,100,False
10,10,0.07007386255409674,0.07335341221282043,0.08700000000000001,0.0786951668968895,0.18625396825396826,0.20963530364672786,0.87,0.5,18.79,7.16,pensa89,92,100,False
12,10,0.06780600539243377,0.07367915222513377,0.08700000000000001,0.08367203894378397,0.18543650793650795,0.21452290256698373,0.87,0.46,18.79,7.16,pensa89,92,100,False
13,10,0.0650488796154797,0.07186901678644031,0.085,0.08333333333333333,0.18317063492063493,0.2042913717793203,0.85,0.43,18.79,7.16,pensa89,92,100,False
15,10,0.06463677848813018,0.07103497583656725,0.085,0.08572330399888264,0.1845753968253968,0.2090167079388804,0.85,0.42,18.79,7.16,pensa89,92,100,False
18,10,0.06325026987528384,0.07030834504718653,0.08800000000000001,0.08678313851960606,0.18089285714285716,0.20398156819317673,0.88,0.41,18.79,7.16,pensa89,92,100,False
20,10,0.06235185503614135,0.07192330869452249,0.086,0.08530397222150723,0.1834484126984127,0.21894761503419632,0.86,0.39,18.79,7.16,pensa89,92,100,False
17,10,0.06138165115358486,0.06950336019131564,0.08200000000000002,0.0833393937190243,0.1798253968253968,0.20694841312152826,0.82,0.39,18.79,7.16,pensa89,92,100,False
-1,10,0.04911974353365519,0.0746230527029912,0.068,0.09087676192837121,0.13961904761904761,0.1951652530930464,0.68,0.31,18.79,7.16,pensa89,92,100,False
-2,10,0.03384004988004107,0.06235813102817206,0.052000000000000005,0.08816880045536163,0.11478968253968254,0.18492242279387647,0.52,0.21,18.79,7.16,pensa89,92,100,False
-3,10,0.020177703425572374,0.045349351174576925,0.033,0.0636515133481927,0.10061111111111112,0.1877028270716364,0.33,0.08,18.79,7.16,pensa89,92,100,False
-4,10,0.01672882119305705,0.037366694735932966,0.028000000000000004,0.05333333333333334,0.0975952380952381,0.18683922405587214,0.28,0.05,18.79,7.16,pensa89,92,100,False
-5,10,0.010870692394347625,0.028740855818031503,0.019000000000000003,0.04425591326123389,0.07308333333333333,0.17159733080498057,0.19,0.02,18.79,7.16,pensa89,92,100,False
5,5,0.03065300571401337,0.07121154922968334,0.034,0.07550503361372739,0.06433333333333334,0.16362579464558963,0.17,0.17,32.63,17.87,MarnikBe,163,100,False
3,5,0.029785016559867147,0.07156979233610969,0.032,0.07369058983549413,0.064,0.16677975960975666,0.16,0.16,32.63,17.87,MarnikBe,163,100,False
6,5,0.027880271440462887,0.06530438090591684,0.032,0.07369058983549413,0.0565,0.13725084558134645,0.16,0.16,32.63,17.87,MarnikBe,163,100,False
7,5,0.026270955218732177,0.06399645238332015,0.03,0.07177405625652734,0.0535,0.1353238415340848,0.15,0.15,32.63,17.87,MarnikBe,163,100,False
8,5,0.021904745119404257,0.05787596174730748,0.026000000000000002,0.06759953379792623,0.043166666666666666,0.11835230084624652,0.13,0.13,32.63,17.87,MarnikBe,163,100,False
0,5,0.021103106682087237,0.06940148509433745,0.02,0.06030226891555273,0.050166666666666665,0.18540299480484076,0.1,0.1,32.63,17.87,MarnikBe,163,100,False
9,5,0.016138162891381803,0.04952546853147382,0.02,0.06030226891555273,0.030666666666666665,0.09837969003761265,0.1,0.1,32.63,17.87,MarnikBe,163,100,False
10,5,0.012388984022305817,0.04290846425314308,0.016,0.05453198486885815,0.022666666666666665,0.0820103740939815,0.08,0.08,32.63,17.87,MarnikBe,163,100,False
-1,5,0.011695801026368078,0.049564379905152785,0.012000000000000002,0.047736651315188415,0.026166666666666668,0.12334777875181967,0.06,0.06,32.63,17.87,MarnikBe,163,100,False
12,5,0.004233417771977547,0.0242242293376603,0.006000000000000001,0.03428932159955305,0.006999999999999999,0.040214073620707926,0.03,0.03,32.63,17.87,MarnikBe,163,100,False
-2,5,0.0033916020527361606,0.033916020527361604,0.002,0.02,0.01,0.1,0.01,0.01,32.63,17.87,MarnikBe,163,100,False
13,5,0.002921366996854129,0.020552590128620474,0.004,0.02814105882725794,0.005,0.03517632353407242,0.02,0.02,32.63,17.87,MarnikBe,163,100,False
-5,5,0.0,0.0,0.0,0.0,0.0,0.0,0.0,0.0,32.63,17.87,MarnikBe,163,100,False
-4,5,0.0,0.0,0.0,0.0,0.0,0.0,0.0,0.0,32.63,17.87,MarnikBe,163,100,False
-3,5,0.0,0.0,0.0,0.0,0.0,0.0,0.0,0.0,32.63,17.87,MarnikBe,163,100,False
15,5,0.0,0.0,0.0,0.0,0.0,0.0,0.0,0.0,32.63,17.87,MarnikBe,163,100,False
17,5,0.0,0.0,0.0,0.0,0.0,0.0,0.0,0.0,32.63,17.87,MarnikBe,163,100,False
18,5,0.0,0.0,0.0,0.0,0.0,0.0,0.0,0.0,32.63,17.87,MarnikBe,163,100,False
20,5,0.0,0.0,0.0,0.0,0.0,0.0,0.0,0.0,32.63,17.87,MarnikBe,163,100,False
5,10,0.025318772047885983,0.04900262581596506,0.025,0.04578165130223675,0.07237301587301587,0.16313416874086456,0.25,0.25,32.63,17.87,MarnikBe,163,100,False
3,10,0.025181215786472016,0.049263034934820156,0.025,0.045781651302236756,0.07396825396825396,0.16641997134440784,0.25,0.24,32.63,17.87,MarnikBe,163,100,False
6,10,0.023654035534716886,0.045711590086525464,0.024000000000000004,0.045215533220835116,0.06492857142857143,0.13735663622432437,0.24,0.24,32.63,17.87,MarnikBe,163,100,False
7,10,0.022738900747570047,0.045092398028518034,0.023000000000000003,0.044619604333847374,0.06273412698412698,0.13602917373761783,0.23,0.23,32.63,17.87,MarnikBe,163,100,False
0,10,0.02112673545573033,0.04793995958066406,0.021,0.040936018074033236,0.06527380952380953,0.18649463598660695,0.21,0.2,32.63,17.87,MarnikBe,163,100,False
8,10,0.02111460879569779,0.041716437731506004,0.023000000000000003,0.044619604333847374,0.05441269841269841,0.11982802673096757,0.23,0.23,32.63,17.87,MarnikBe,163,100,False
9,10,0.017673272902267376,0.03681971735834274,0.02,0.040201512610368494,0.04441269841269842,0.10306378528347701,0.2,0.2,32.63,17.87,MarnikBe,163,100,False
10,10,0.01574949894440586,0.033757557658891865,0.019000000000000003,0.03942772444036626,0.036825396825396824,0.08825726425686783,0.19,0.19,32.63,17.87,MarnikBe,163,100,False
-1,10,0.014111033797008876,0.03663244617549474,0.016,0.036845294917747066,0.03901984126984127,0.1268178607140828,0.16,0.15,32.63,17.87,MarnikBe,163,100,False
12,10,0.011819529778666573,0.027519374832447173,0.016,0.036845294917747066,0.023551587301587303,0.05762028696043631,0.16,0.16,32.63,17.87,MarnikBe,163,100,False
-2,10,0.009158950038479264,0.03143718217934234,0.011000000000000001,0.03450955072018601,0.021496031746031746,0.1055984639968276,0.11,0.11,32.63,17.87,MarnikBe,163,100,False
13,10,0.008988232767203794,0.024711758178296565,0.012000000000000002,0.032659863237109045,0.01823015873015873,0.05243002605986184,0.12,0.12,32.63,17.87,MarnikBe,163,100,False
15,10,0.006897602801804611,0.0208744636007769,0.01,0.030151134457776365,0.012373015873015874,0.03817162805569596,0.1,0.1,32.63,17.87,MarnikBe,163,100,False
-3,10,0.003510684246681534,0.01542462436813159,0.005,0.02190429135575903,0.006456349206349205,0.028777828086457572,0.05,0.05,32.63,17.87,MarnikBe,163,100,False
17,10,0.003286376820165079,0.01439909717035826,0.005,0.02190429135575903,0.005444444444444444,0.02387224382917494,0.05,0.05,32.63,17.87,MarnikBe,163,100,False
18,10,0.002597500233066815,0.012791945416811489,0.004,0.019694638556693237,0.004222222222222222,0.020818756591430208,0.04,0.04,32.63,17.87,MarnikBe,163,100,False
20,10,0.0019612923510772978,0.011210647073794558,0.0030000000000000005,0.01714466079977653,0.003222222222222222,0.01843719517323857,0.03,0.03,32.63,17.87,MarnikBe,163,100,False
-4,10,0.0006943122193677726,0.006943122193677728,0.001,0.01,0.00125,0.0125,0.01,0.01,32.63,17.87,MarnikBe,163,100,False
-5,10,0.0,0.0,0.0,0.0,0.0,0.0,0.0,0.0,32.63,17.87,MarnikBe,163,100,False
7,5,0.4125672118615992,0.2100549497226762,0.42200000000000004,0.20279860139377864,0.787,0.30599674301208946,2.11,1.67,90.2,39.17,Edison-great,459,100,False
6,5,0.4091735959298976,0.21012147375182763,0.42,0.20201010075756312,0.7759999999999999,0.3088601832457735,2.1,1.68,90.2,39.17,Edison-great,459,100,False
8,5,0.4061640864360371,0.21421302096131797,0.42200000000000004,0.20478123335734044,0.7665000000000001,0.307979321751092,2.11,1.65,90.2,39.17,Edison-great,459,100,False
9,5,0.39809684077601337,0.21159462066029686,0.42,0.20201010075756315,0.7561666666666667,0.30875419452614067,2.1,1.62,90.2,39.17,Edison-great,459,100,False
5,5,0.3951735159163895,0.19546758098264055,0.42,0.18748737331221837,0.696,0.3106428655208258,2.1,1.75,90.2,39.17,Edison-great,459,100,False
10,5,0.3939978730237553,0.21154388218072756,0.424,0.20156959847730765,0.7415,0.3089889290074294,2.12,1.63,90.2,39.17,Edison-great,459,100,False
12,5,0.37678951625589163,0.2063679157943716,0.42,0.20201010075756312,0.7081666666666666,0.3199019122255551,2.1,1.57,90.2,39.17,Edison-great,459,100,False
13,5,0.37641653237001177,0.20506362087240843,0.426,0.1982855812134904,0.7051666666666666,0.31535431589987456,2.13,1.58,90.2,39.17,Edison-great,459,100,False
15,5,0.37124868307010034,0.2058307329877322,0.42800000000000005,0.1990279407824972,0.6934999999999999,0.3211921448905529,2.14,1.57,90.2,39.17,Edison-great,459,100,False
17,5,0.35935980788128014,0.2006531623816717,0.42200000000000004,0.19673085752629224,0.6778333333333333,0.32465171703494405,2.11,1.53,90.2,39.17,Edison-great,459,100,False
18,5,0.35473674754309564,0.201940212033176,0.42,0.19796949055831606,0.6731666666666666,0.3231951091266882,2.1,1.5,90.2,39.17,Edison-great,459,100,False
20,5,0.35053603647532744,0.19576950911826835,0.42200000000000004,0.19673085752629224,0.6635,0.31836506267383224,2.11,1.49,90.2,39.17,Edison-great,459,100,False
3,5,0.3223854902997759,0.12481180350782294,0.41,0.14319584667528074,0.43200000000000005,0.11248344434860294,2.05,1.8,90.2,39.17,Edison-great,459,100,False
-1,5,0.07048177489058183,0.07499182037242422,0.10200000000000001,0.10822722075860265,0.11,0.11415035273840826,0.51,0.51,90.2,39.17,Edison-great,459,100,False
-2,5,0.06508493906678452,0.0775421818994999,0.094,0.11175369742826807,0.0995,0.11403858110217775,0.47,0.47,90.2,39.17,Edison-great,459,100,False
0,5,0.05874467839043358,0.09148111069529972,0.064,0.09797958971132711,0.12233333333333332,0.1962073046481868,0.32,0.32,90.2,39.17,Edison-great,459,100,False
-3,5,0.04087349422134841,0.06439044131596358,0.05800000000000001,0.09120960431441374,0.0675,0.10692558537637666,0.29,0.29,90.2,39.17,Edison-great,459,100,False
-4,5,0.02492896472734494,0.05173117641333507,0.038000000000000006,0.07885544888073252,0.038000000000000006,0.07885544888073252,0.19,0.19,90.2,39.17,Edison-great,459,100,False
-5,5,0.010496406200987343,0.03577436650810191,0.016,0.054531984868858144,0.016,0.054531984868858144,0.08,0.08,90.2,39.17,Edison-great,459,100,False
6,10,0.37554039444252113,0.13550023254476998,0.40700000000000003,0.12165109904554869,0.7800952380952382,0.2992413734328376,4.07,3.07,90.2,39.17,Edison-great,459,100,False
7,10,0.3698654941546806,0.14295261481117455,0.39799999999999996,0.1302522804624033,0.7909285714285714,0.29646953477171384,3.98,2.94,90.2,39.17,Edison-great,459,100,False
5,10,0.36403869031739616,0.13235025052783295,0.402,0.1180480983978714,0.7007619047619048,0.30091172909970376,4.02,3.11,90.2,39.17,Edison-great,459,100,False
8,10,0.35920606010936706,0.14679128514114034,0.39,0.13446489534747752,0.7704285714285715,0.29878778313831844,3.9,2.81,90.2,39.17,Edison-great,459,100,False
9,10,0.3523374513516126,0.14752829881203777,0.386,0.13708362116576583,0.7600952380952382,0.29972327227952233,3.86,2.75,90.2,39.17,Edison-great,459,100,False
10,10,0.3448632430943481,0.147071791067386,0.38,0.1340887690293187,0.7456666666666666,0.2996853007093932,3.8,2.69,90.2,39.17,Edison-great,459,100,False
12,10,0.3393304541491917,0.14878338494426407,0.384,0.14264457489675078,0.7150119047619047,0.3057074496901129,3.84,2.72,90.2,39.17,Edison-great,459,100,False
3,10,0.33831750162059676,0.10344301259877671,0.418,0.11315493981280889,0.4348571428571429,0.10277674427154795,4.18,3.47,90.2,39.17,Edison-great,459,100,False
13,10,0.33614444943083266,0.14888528661868408,0.382,0.14451591083631066,0.7103452380952381,0.30450549950576256,3.82,2.69,90.2,39.17,Edison-great,459,100,False
15,10,0.3289218224199526,0.14412166010155747,0.377,0.1391569131040441,0.6986071428571428,0.3108922857643196,3.77,2.63,90.2,39.17,Edison-great,459,100,False
17,10,0.32223674868126556,0.14362109907203202,0.373,0.14060116240162052,0.6831190476190475,0.3144072336018913,3.73,2.61,90.2,39.17,Edison-great,459,100,False
18,10,0.3198687992046106,0.1439796611843298,0.37200000000000005,0.1414784846404626,0.6786904761904762,0.3125797958086789,3.72,2.59,90.2,39.17,Edison-great,459,100,False
20,10,0.3144507999602091,0.14447752057072513,0.36700000000000005,0.14498693776065524,0.6675952380952381,0.31054441846764413,3.67,2.55,90.2,39.17,Edison-great,459,100,False
0,10,0.15483417132498642,0.08845247026474692,0.19699999999999998,0.10959521481849065,0.2110277777777778,0.15035996104415972,1.97,1.97,90.2,39.17,Edison-great,459,100,False
-1,10,0.09056764983788126,0.07127152937324809,0.114,0.09103223982122315,0.14517460317460318,0.0963466084889606,1.14,1.14,90.2,39.17,Edison-great,459,100,False
-2,10,0.06950504428341589,0.06259153555495163,0.086,0.07787584005740461,0.12780555555555556,0.10236527912602263,0.86,0.86,90.2,39.17,Edison-great,459,100,False
-3,10,0.04436694113979269,0.05250703523790573,0.053000000000000005,0.06269212893420538,0.09449206349206349,0.10577425473704408,0.53,0.53,90.2,39.17,Edison-great,459,100,False
-4,10,0.027275986152491292,0.04446544734570152,0.034,0.05545040554177648,0.054218253968253964,0.08477491087502745,0.34,0.34,90.2,39.17,Edison-great,459,100,False
-5,10,0.011171777701978169,0.032151162206534675,0.014000000000000002,0.040251733132897774,0.021555555555555553,0.05977928393998713,0.14,0.14,90.2,39.17,Edison-great,459,100,False
7,5,0.16948113064434905,0.15586089344150986,0.18,0.15954480704349316,0.3125,0.2936799203604081,0.9,0.89,23.96,11.67,TheRealist68,149,100,False
8,5,0.16592259832943487,0.15009563295393935,0.17800000000000002,0.15280541531469014,0.30866666666666664,0.2897179246608832,0.89,0.88,23.96,11.67,TheRealist68,149,100,False
5,5,0.16429014922733404,0.15506454712019807,0.16400000000000003,0.1460040126748978,0.3256666666666667,0.3214499627677875,0.82,0.82,23.96,11.67,TheRealist68,149,100,False
6,5,0.16381991417145206,0.152472732326558,0.168,0.14966629547095767,0.3145,0.3048951080880553,0.84,0.84,23.96,11.67,TheRealist68,149,100,False
9,5,0.1604776184339908,0.1446805548475672,0.17600000000000002,0.15117051714049687,0.29266666666666663,0.27173549560834503,0.88,0.87,23.96,11.67,TheRealist68,149,100,False
3,5,0.16011704282508904,0.16091249849532013,0.158,0.15121060301660882,0.31366666666666665,0.3275798066759657,0.79,0.79,23.96,11.67,TheRealist68,149,100,False
10,5,0.1554584026206495,0.142870914659184,0.17400000000000002,0.15739033379377898,0.27416666666666667,0.2629088660152129,0.87,0.86,23.96,11.67,TheRealist68,149,100,False
12,5,0.15218129306658976,0.14110623453811746,0.17400000000000002,0.1548019262271512,0.264,0.26067253086999476,0.87,0.86,23.96,11.67,TheRealist68,149,100,False
13,5,0.15001525698433965,0.1439402712334782,0.172,0.15832456116050556,0.2583333333333333,0.2629635557445777,0.86,0.85,23.96,11.67,TheRealist68,149,100,False
15,5,0.14328439974867702,0.141083333564529,0.162,0.15490629295144726,0.2533333333333333,0.2748124551796834,0.81,0.8,23.96,11.67,TheRealist68,149,100,False
17,5,0.13808433843003054,0.13672575518067814,0.15600000000000003,0.14928787186797426,0.25,0.275087987148477,0.78,0.77,23.96,11.67,TheRealist68,149,100,False
18,5,0.13516297143317643,0.13645413561327846,0.15200000000000002,0.14803766924384995,0.247,0.2762623308033063,0.76,0.75,23.96,11.67,TheRealist68,149,100,False
0,5,0.13498980871311425,0.17338090544594104,0.13,0.15666989036012804,0.28600000000000003,0.36731439574275515,0.65,0.58,23.96,11.67,TheRealist68,149,100,False
20,5,0.13054580340995423,0.1350856139956355,0.14600000000000002,0.14454386632759372,0.2415,0.27846878697596483,0.73,0.72,23.96,11.67,TheRealist68,149,100,False
-1,5,0.108814674960299,0.15875297955032402,0.094,0.13167146136264207,0.24366666666666667,0.36456991557800916,0.47,0.46,23.96,11.67,TheRealist68,149,100,False
-2,5,0.0428732252150069,0.10730788209477912,0.032,0.07898344027949049,0.11283333333333333,0.2962812443567358,0.16,0.16,23.96,11.67,TheRealist68,149,100,False
-3,5,0.005531464700081436,0.03991911723526648,0.004,0.028141058827257943,0.015,0.11135075167680683,0.02,0.02,23.96,11.67,TheRealist68,149,100,False
-4,5,0.0031564845247951446,0.022269477816684955,0.004,0.028141058827257943,0.005833333333333333,0.04146415432968691,0.02,0.02,23.96,11.67,TheRealist68,149,100,False
-5,5,0.0013120507751234179,0.013120507751234179,0.002,0.019999999999999993,0.002,0.019999999999999993,0.01,0.01,23.96,11.67,TheRealist68,149,100,False
5,10,0.1586724060423675,0.11747666984540434,0.155,0.1122542208605543,0.34934920634920635,0.3007011461418472,1.55,1.53,23.96,11.67,TheRealist68,149,100,False
6,10,0.1568497806561033,0.11605421298457465,0.154,0.10863710324755627,0.3382142857142857,0.28386860599978025,1.54,1.53,23.96,11.67,TheRealist68,149,100,False
8,10,0.15619383137910442,0.11125087165028345,0.156,0.10947071929899055,0.3285753968253968,0.2717743193427903,1.56,1.55,23.96,11.67,TheRealist68,149,100,False
7,10,0.1548456265348837,0.11026315129940831,0.15200000000000002,0.10098504739801728,0.3351309523809524,0.2727569937801791,1.52,1.51,23.96,11.67,TheRealist68,149,100,False
3,10,0.1539659571530032,0.11704331353159672,0.15,0.10963668190985178,0.3428492063492063,0.30356261261630096,1.5,1.47,23.96,11.67,TheRealist68,149,100,False
9,10,0.1537541257554911,0.11082916014094493,0.156,0.10947071929899059,0.3129523809523809,0.25353080260578076,1.56,1.55,23.96,11.67,TheRealist68,149,100,False
12,10,0.1530628232949582,0.09984407388887391,0.163,0.10115993936995679,0.29576984126984124,0.2331701698131273,1.63,1.61,23.96,11.67,TheRealist68,149,100,False
10,10,0.15274167181919276,0.10376631971134295,0.159,0.10550025132815102,0.3019920634920635,0.23863588328982163,1.59,1.57,23.96,11.67,TheRealist68,149,100,False
13,10,0.15235097818221982,0.1004835597709053,0.163,0.10215357818184113,0.2933253968253968,0.23360272746218955,1.63,1.61,23.96,11.67,TheRealist68,149,100,False
15,10,0.151497030062947,0.10050777298105994,0.163,0.10313764461812058,0.29304761904761906,0.24346408295810848,1.63,1.61,23.96,11.67,TheRealist68,149,100,False
18,10,0.1498295619618148,0.09849951297780943,0.16400000000000003,0.10202000200000394,0.28734126984126984,0.24534801125651082,1.64,1.62,23.96,11.67,TheRealist68,149,100,False
17,10,0.1495992743797569,0.09872397615533723,0.163,0.10215357818184116,0.2885634920634921,0.24502849142820235,1.63,1.61,23.96,11.67,TheRealist68,149,100,False
20,10,0.14261989315938123,0.09338798990755288,0.155,0.09252354327740622,0.28414285714285714,0.24659371265053898,1.55,1.53,23.96,11.67,TheRealist68,149,100,False
0,10,0.10704740183639813,0.11453321154781317,0.096,0.08752488823532459,0.3103214285714286,0.3516799493591679,0.96,0.81,23.96,11.67,TheRealist68,149,100,False
-1,10,0.08526037486330532,0.10905537404824218,0.075,0.07961396760860398,0.2640793650793651,0.3535051609911521,0.75,0.62,23.96,11.67,TheRealist68,149,100,False
-2,10,0.04993489665951738,0.08126808742520082,0.053000000000000005,0.06883591968139771,0.14784126984126986,0.28865858924917875,0.53,0.43,23.96,11.67,TheRealist68,149,100,False
-3,10,0.0162178401839409,0.038766840387010705,0.024000000000000004,0.04948216697442473,0.037686507936507935,0.1183210210349213,0.24,0.18,23.96,11.67,TheRealist68,149,100,False
-4,10,0.004906441070935322,0.019967201343392037,0.008,0.030748244591432296,0.011734126984126984,0.0482592597272868,0.08,0.05,23.96,11.67,TheRealist68,149,100,False
-5,10,0.002029311167512753,0.011550755348868874,0.004,0.019694638556693237,0.005428571428571429,0.027972068407753466,0.04,0.02,23.96,11.67,TheRealist68,149,100,False
-1,5,0.07250799820112093,0.09809667098038134,0.126,0.15739033379377906,0.17216666666666666,0.2046739900421534,0.63,0.36,45.98,25.59,MeloniaShaby,220,100,False
0,5,0.06655189983813455,0.08472970567320284,0.124,0.1498281844263116,0.12016666666666667,0.13524087916909125,0.62,0.39,45.98,25.59,MeloniaShaby,220,100,False
20,5,0.061115364873864986,0.1105359262582225,0.062,0.10897131491703438,0.12933333333333333,0.24890467121678406,0.31,0.31,45.98,25.59,MeloniaShaby,220,100,False
13,5,0.06048249324765978,0.1104689433307711,0.062,0.10897131491703438,0.12616666666666668,0.23694007776003997,0.31,0.31,45.98,25.59,MeloniaShaby,220,100,False
15,5,0.06016089091508139,0.11015570108578851,0.062,0.10897131491703435,0.125,0.23596995186213474,0.31,0.31,45.98,25.59,MeloniaShaby,220,100,False
17,5,0.06010057954534886,0.11467690296016518,0.06,0.11191627462193571,0.12633333333333333,0.24974936931801742,0.3,0.3,45.98,25.59,MeloniaShaby,220,100,False
12,5,0.059118095602726684,0.10318830601146167,0.064,0.10965510669477473,0.1175,0.20736136904866675,0.32,0.32,45.98,25.59,MeloniaShaby,220,100,False
18,5,0.05863989604692179,0.11050561463136206,0.05800000000000001,0.10747797519266518,0.12583333333333335,0.24954925696108907,0.29,0.29,45.98,25.59,MeloniaShaby,220,100,False
5,5,0.05583065529951491,0.09178027705702708,0.064,0.10202000200000394,0.10766666666666666,0.17930874876859945,0.32,0.32,45.98,25.59,MeloniaShaby,220,100,False
-2,5,0.05444201714249292,0.08431764300697278,0.098,0.14069093572060495,0.16983333333333334,0.22924135605644838,0.49,0.21,45.98,25.59,MeloniaShaby,220,100,False
6,5,0.054181161795859835,0.09347841549871841,0.06,0.10050378152592122,0.1065,0.18486344946877667,0.3,0.3,45.98,25.59,MeloniaShaby,220,100,False
7,5,0.05403252907255619,0.09334255481217105,0.06,0.1005037815259212,0.106,0.1845387370026831,0.3,0.3,45.98,25.59,MeloniaShaby,220,100,False
9,5,0.05257000902519538,0.09239085702720626,0.05800000000000001,0.09967624358568865,0.105,0.18728523053288954,0.29,0.29,45.98,25.59,MeloniaShaby,220,100,False
10,5,0.051728193305954,0.09274049200007066,0.05600000000000001,0.09880089150213253,0.10466666666666667,0.1890088745474349,0.28,0.28,45.98,25.59,MeloniaShaby,220,100,False
8,5,0.05155522369667925,0.09282470350080864,0.05600000000000001,0.09880089150213252,0.1035,0.18765633213376784,0.28,0.28,45.98,25.59,MeloniaShaby,220,100,False
3,5,0.049087537582274986,0.08046076402416452,0.064,0.10202000200000393,0.08349999999999999,0.13677163990199678,0.32,0.32,45.98,25.59,MeloniaShaby,220,100,False
-3,5,0.040571396486311494,0.07070813321191963,0.07800000000000001,0.12356652810808788,0.13949999999999999,0.21196868614426023,0.39,0.15,45.98,25.59,MeloniaShaby,220,100,False
-4,5,0.019326338908892512,0.047020103323508956,0.04800000000000001,0.09896433394884946,0.09666666666666666,0.19125082982882255,0.24,0.03,45.98,25.59,MeloniaShaby,220,100,False
-5,5,0.012664340191232354,0.03373063611518885,0.034,0.0806789372084865,0.075,0.17468104652041674,0.17,0.01,45.98,25.59,MeloniaShaby,220,100,False
0,10,0.13325504027407992,0.08312276592382872,0.193,0.11913408115618841,0.17533730158730157,0.0986362225264277,1.93,1.66,45.98,25.59,MeloniaShaby,220,100,False
-1,10,0.09237942076300594,0.09051778054854871,0.129,0.12168430756293394,0.2039404761904762,0.18497724406380886,1.29,1.0,45.98,25.59,MeloniaShaby,220,100,False
3,10,0.08237076925299762,0.0668257551916971,0.10400000000000001,0.08277998098891574,0.14206349206349206,0.11682015046933347,1.04,1.04,45.98,25.59,MeloniaShaby,220,100,False
20,10,0.07733949067961048,0.08772870331646596,0.09700000000000002,0.0926108399528245,0.1779285714285714,0.2310018653938389,0.97,0.79,45.98,25.59,MeloniaShaby,220,100,False
17,10,0.07656156811500851,0.08791489075391265,0.094,0.0896908269804914,0.1765753968253968,0.23186747488821668,0.94,0.79,45.98,25.59,MeloniaShaby,220,100,False
5,10,0.075641023356721,0.0708407990758356,0.09,0.07849596270902194,0.15538888888888888,0.161159462372481,0.9,0.89,45.98,25.59,MeloniaShaby,220,100,False
18,10,0.07547269362655,0.08700247453217957,0.09300000000000001,0.09129262530097068,0.1750079365079365,0.23230643888657035,0.93,0.77,45.98,25.59,MeloniaShaby,220,100,False
15,10,0.07507685389563946,0.08745386306488173,0.09300000000000001,0.09239244361073926,0.1699404761904762,0.2197883908713058,0.93,0.78,45.98,25.59,MeloniaShaby,220,100,False
13,10,0.07341772693584414,0.08679662104794533,0.09,0.0904534033733291,0.1678373015873016,0.22187412880323956,0.9,0.76,45.98,25.59,MeloniaShaby,220,100,False
7,10,0.07277333774499767,0.0752755928044791,0.09,0.0834847109936722,0.15404761904761904,0.16728423798334097,0.9,0.81,45.98,25.59,MeloniaShaby,220,100,False
6,10,0.07172131294806527,0.07386133275096146,0.086,0.08042814724141585,0.1523531746031746,0.16887604151895194,0.86,0.81,45.98,25.59,MeloniaShaby,220,100,False
9,10,0.0710652471014961,0.0762121115461124,0.08900000000000001,0.08633385983225443,0.1508095238095238,0.17124750605620584,0.89,0.79,45.98,25.59,MeloniaShaby,220,100,False
10,10,0.07049888097753466,0.07892350821126755,0.08800000000000001,0.08908060134144545,0.14945238095238095,0.17392400540325667,0.88,0.78,45.98,25.59,MeloniaShaby,220,100,False
8,10,0.07033301793191189,0.07477029963097549,0.08700000000000001,0.08245598764789552,0.1511825396825397,0.17138694257437476,0.87,0.78,45.98,25.59,MeloniaShaby,220,100,False
12,10,0.06967884655836641,0.08052858693062771,0.086,0.08647998542314793,0.1577579365079365,0.19258507165139116,0.86,0.73,45.98,25.59,MeloniaShaby,220,100,False
-2,10,0.047785750571350954,0.06735585090100674,0.067,0.09107106782035333,0.1801785714285714,0.22426396874611895,0.67,0.38,45.98,25.59,MeloniaShaby,220,100,False
-3,10,0.0313592138905287,0.0481186749913176,0.049,0.06741249472052227,0.14797222222222223,0.2086444945275227,0.49,0.21,45.98,25.59,MeloniaShaby,220,100,False
-4,10,0.017542706200834274,0.03362700159584826,0.034,0.05545040554177648,0.10760714285714286,0.1888924176664411,0.34,0.09,45.98,25.59,MeloniaShaby,220,100,False
-5,10,0.011933699460067988,0.02836713520643948,0.025,0.05198095999517711,0.0814563492063492,0.17425095889149933,0.25,0.05,45.98,25.59,MeloniaShaby,220,100,False
3,5,0.24911379733127273,0.12408895443884596,0.306,0.15427903357883793,0.33666666666666667,0.1374776790371643,1.53,1.53,187.09,26.89,Irseus,775,100,False
5,5,0.19163785869601196,0.11387307497271904,0.258,0.15121060301660882,0.247,0.11809800187614543,1.29,1.28,187.09,26.89,Irseus,775,100,False
6,5,0.164894831872464,0.11367704421908925,0.228,0.15575168011480922,0.21100000000000002,0.11718786896687143,1.14,1.13,187.09,26.89,Irseus,775,100,False
7,5,0.1339208981311778,0.10703330734101693,0.188,0.14993601328836276,0.18366666666666667,0.12635305852423492,0.94,0.91,187.09,26.89,Irseus,775,100,False
8,5,0.12060177703605948,0.10216567787981765,0.17,0.1431958466752807,0.17300000000000001,0.1274761481617967,0.85,0.82,187.09,26.89,Irseus,775,100,False
9,5,0.10644084022169978,0.09569009959677383,0.15,0.13446489534747752,0.162,0.13035563889833304,0.75,0.72,187.09,26.89,Irseus,775,100,False
10,5,0.09556068376946777,0.09503819340009491,0.134,0.13349989596333858,0.14866666666666667,0.13429117233627938,0.67,0.64,187.09,26.89,Irseus,775,100,False
0,5,0.08866302892729187,0.12049183026224648,0.098,0.12869194287761826,0.1733333333333333,0.26060018785959826,0.49,0.48,187.09,26.89,Irseus,775,100,False
12,5,0.08860813173106954,0.09576912723316179,0.126,0.13530362414610597,0.13783333333333334,0.13473286951574262,0.63,0.59,187.09,26.89,Irseus,775,100,False
13,5,0.08452334668239565,0.09419817312770586,0.12,0.13333333333333336,0.13333333333333333,0.13546279323182564,0.6,0.56,187.09,26.89,Irseus,775,100,False
15,5,0.07961340535807403,0.09335950059617874,0.114,0.13410383433682418,0.12733333333333333,0.136813175965786,0.57,0.52,187.09,26.89,Irseus,775,100,False
17,5,0.07572679727380499,0.08615087832128616,0.10800000000000001,0.12200347734736289,0.12783333333333333,0.13717232152021705,0.54,0.49,187.09,26.89,Irseus,775,100,False
18,5,0.07534304702256032,0.08581340339037646,0.10800000000000001,0.12200347734736289,0.1265,0.1357957591955221,0.54,0.49,187.09,26.89,Irseus,775,100,False
20,5,0.07519441429925668,0.08570246680120212,0.10800000000000001,0.12200347734736289,0.126,0.1354279909794897,0.54,0.49,187.09,26.89,Irseus,775,100,False
-1,5,0.0017989452745991058,0.013948612215505425,0.004,0.02814105882725794,0.0045000000000000005,0.031857479340007266,0.02,0.01,187.09,26.89,Irseus,775,100,False
-5,5,0.0,0.0,0.0,0.0,0.0,0.0,0.0,0.0,187.09,26.89,Irseus,775,100,False
-4,5,0.0,0.0,0.0,0.0,0.0,0.0,0.0,0.0,187.09,26.89,Irseus,775,100,False
-3,5,0.0,0.0,0.0,0.0,0.0,0.0,0.0,0.0,187.09,26.89,Irseus,775,100,False
-2,5,0.0,0.0,0.0,0.0,0.0,0.0,0.0,0.0,187.09,26.89,Irseus,775,100,False
3,10,0.2580856865145577,0.11259467594118854,0.30400000000000005,0.1262673130443281,0.3433730158730159,0.12337158999771825,3.04,2.82,187.09,26.89,Irseus,775,100,False
5,10,0.20718886391229577,0.09977141618316406,0.273,0.1254124508503156,0.26588492063492064,0.08381189945590489,2.73,2.31,187.09,26.89,Irseus,775,100,False
6,10,0.1887231572792777,0.08707146428139902,0.267,0.11106008929558553,0.23895238095238094,0.07140907756011497,2.67,2.11,187.09,26.89,Irseus,775,100,False
7,10,0.16743261003335108,0.08689365571949463,0.252,0.10775955276503893,0.22301190476190477,0.07425878192001048,2.52,1.83,187.09,26.89,Irseus,775,100,False
8,10,0.14698336214456015,0.08273258086979285,0.233,0.10254833794928916,0.21479761904761904,0.07577276248407393,2.33,1.55,187.09,26.89,Irseus,775,100,False
9,10,0.13353426971180735,0.07736904326246505,0.221,0.09979271445644647,0.20659523809523808,0.08162471442556062,2.21,1.37,187.09,26.89,Irseus,775,100,False
10,10,0.12088326320213216,0.07327124637653455,0.207,0.0956160250294073,0.20012698412698413,0.08468732288010257,2.07,1.2,187.09,26.89,Irseus,775,100,False
12,10,0.10921823998070293,0.06750967824476083,0.195,0.09142530206997326,0.19330158730158728,0.08614104430945772,1.95,1.04,187.09,26.89,Irseus,775,100,False
13,10,0.10637743762692925,0.06648278550149223,0.193,0.0912926253009707,0.19167460317460316,0.08635358777812166,1.93,1.0,187.09,26.89,Irseus,775,100,False
15,10,0.09868429324593894,0.06506843968959586,0.185,0.09252354327740621,0.1894642857142857,0.08815610723162276,1.85,0.88,187.09,26.89,Irseus,775,100,False
0,10,0.09749477988861364,0.09371903499840344,0.10700000000000001,0.09239244361073927,0.21214285714285716,0.24128483251317331,1.07,1.04,187.09,26.89,Irseus,775,100,False
17,10,0.0967384702613827,0.06501317097209486,0.185,0.09574271077563382,0.18863492063492063,0.08910812010156453,1.85,0.86,187.09,26.89,Irseus,775,100,False
18,10,0.09597135005324672,0.06536480865649275,0.18600000000000003,0.09849370589540277,0.1861626984126984,0.08957550383833326,1.86,0.85,187.09,26.89,Irseus,775,100,False
20,10,0.09570828639440711,0.06464139352579504,0.187,0.09708373975724525,0.18576190476190477,0.08937776559985754,1.87,0.85,187.09,26.89,Irseus,775,100,False
-1,10,0.008077135345271014,0.019560478223355982,0.02,0.04264014327112209,0.025813492063492066,0.05597204606681495,0.2,0.07,187.09,26.89,Irseus,775,100,False
-2,10,0.004852548859531622,0.013346260029330155,0.016,0.03949172013974523,0.01720238095238095,0.04160072027675159,0.16,0.03,187.09,26.89,Irseus,775,100,False
-3,10,0.0012811938814971588,0.005097295072282239,0.006000000000000001,0.0238683256575942,0.006111111111111111,0.024331695899890714,0.06,0.0,187.09,26.89,Irseus,775,100,False
-5,10,0.000694244268773387,0.003985064400100993,0.0030000000000000005,0.01714466079977653,0.0037777777777777775,0.02217840798548601,0.03,0.0,187.09,26.89,Irseus,775,100,False
-4,10,0.0004329167055111359,0.003046322437449347,0.002,0.01407052941362897,0.002111111111111111,0.014873201444615786,0.02,0.0,187.09,26.89,Irseus,775,100,False
20,5,0.09503138311142706,0.12732388973683173,0.1,0.12226812728383042,0.19266666666666665,0.2833216476100782,0.5,0.5,37.86,21.92,AkiAki_Akira,234,100,False
18,5,0.09193520995636445,0.12408099375580317,0.098,0.1222516034473763,0.18600000000000003,0.2748198062839102,0.49,0.49,37.86,21.92,AkiAki_Akira,234,100,False
17,5,0.09068347055097357,0.12041086083401821,0.098,0.1222516034473763,0.18100000000000002,0.2642039055421091,0.49,0.49,37.86,21.92,AkiAki_Akira,234,100,False
15,5,0.08599382385993305,0.12270921507298774,0.08800000000000001,0.11830452060660905,0.17800000000000002,0.2772204509973578,0.44,0.44,37.86,21.92,AkiAki_Akira,234,100,False
13,5,0.08149911512510964,0.11831445921950912,0.086,0.11808232019838677,0.1635,0.25377835049202124,0.43,0.43,37.86,21.92,AkiAki_Akira,234,100,False
10,5,0.08061099188315525,0.11603933740196128,0.086,0.1180823201983868,0.16149999999999998,0.25094317035431496,0.43,0.43,37.86,21.92,AkiAki_Akira,234,100,False
12,5,0.08033569707328986,0.11855899895416104,0.084,0.11782541441823273,0.162,0.2544009931581741,0.42,0.42,37.86,21.92,AkiAki_Akira,234,100,False
9,5,0.06885671603598839,0.10163323132910342,0.07600000000000001,0.10928602080519882,0.13683333333333333,0.21624920933663677,0.38,0.38,37.86,21.92,AkiAki_Akira,234,100,False
8,5,0.06279286836135864,0.09338704684869675,0.07400000000000001,0.10882290311521854,0.11716666666666667,0.174953176355696,0.37,0.37,37.86,21.92,AkiAki_Akira,234,100,False
7,5,0.05960408016087002,0.08888153891218507,0.07400000000000001,0.10882290311521857,0.10566666666666666,0.15924943200437142,0.37,0.37,37.86,21.92,AkiAki_Akira,234,100,False
6,5,0.049041230059561985,0.07945363615951967,0.066,0.10657192762437841,0.07933333333333334,0.12686587206553818,0.33,0.33,37.86,21.92,AkiAki_Akira,234,100,False
3,5,0.0451915625388291,0.07011587626688298,0.06,0.09211323729436767,0.08016666666666666,0.12826422556599676,0.3,0.3,37.86,21.92,AkiAki_Akira,234,100,False
5,5,0.039509628566510274,0.07247064374352273,0.054000000000000006,0.09787644241490379,0.06366666666666668,0.11635070249387969,0.27,0.27,37.86,21.92,AkiAki_Akira,234,100,False
0,5,0.011957089699414407,0.03823861054937677,0.018000000000000002,0.057524698252932285,0.018500000000000003,0.05931213444927852,0.09,0.09,37.86,21.92,AkiAki_Akira,234,100,False
-1,5,0.0052482031004936714,0.025840365784084905,0.008,0.03938927711338647,0.008,0.03938927711338647,0.04,0.04,37.86,21.92,AkiAki_Akira,234,100,False
-2,5,0.0013120507751234179,0.013120507751234179,0.002,0.02,0.002,0.02,0.01,0.01,37.86,21.92,AkiAki_Akira,234,100,False
-5,5,0.0,0.0,0.0,0.0,0.0,0.0,0.0,0.0,37.86,21.92,AkiAki_Akira,234,100,False
-4,5,0.0,0.0,0.0,0.0,0.0,0.0,0.0,0.0,37.86,21.92,AkiAki_Akira,234,100,False
-3,5,0.0,0.0,0.0,0.0,0.0,0.0,0.0,0.0,37.86,21.92,AkiAki_Akira,234,100,False
20,10,0.08701607122916438,0.08525953856804859,0.085,0.07436600722307896,0.22359920634920635,0.2682615724542752,0.85,0.85,37.86,21.92,AkiAki_Akira,234,100,False
18,10,0.08509653717656841,0.08266963424443674,0.084,0.07347094526395993,0.21858730158730158,0.2592409801057758,0.84,0.84,37.86,21.92,AkiAki_Akira,234,100,False
17,10,0.08371369742451383,0.0803846589706035,0.083,0.07255092255537736,0.21358730158730158,0.24862185786144989,0.83,0.83,37.86,21.92,AkiAki_Akira,234,100,False
15,10,0.08321166752201775,0.08237939537916276,0.081,0.0706320670013903,0.21685714285714286,0.25948251227321395,0.81,0.81,37.86,21.92,AkiAki_Akira,234,100,False
13,10,0.08096091078698026,0.08042559747734081,0.081,0.07204796382208932,0.20255555555555557,0.23664273775306693,0.81,0.81,37.86,21.92,AkiAki_Akira,234,100,False
12,10,0.0809242534134499,0.08040980149151919,0.081,0.0720479638220893,0.2026111111111111,0.23676395611558834,0.81,0.81,37.86,21.92,AkiAki_Akira,234,100,False
10,10,0.07954536765032894,0.07892570197909882,0.081,0.0720479638220893,0.1977063492063492,0.23465190623223553,0.81,0.81,37.86,21.92,AkiAki_Akira,234,100,False
9,10,0.07617278299100118,0.07391198211740921,0.08200000000000002,0.07300200633744891,0.1768174603174603,0.19957016229879965,0.82,0.82,37.86,21.92,AkiAki_Akira,234,100,False
8,10,0.07107957445829846,0.06831071783484345,0.08,0.07247430753394786,0.1558174603174603,0.15913546758181624,0.8,0.8,37.86,21.92,AkiAki_Akira,234,100,False
7,10,0.06524356609908874,0.06400666476343614,0.075,0.0701729465267237,0.13974603174603176,0.14679539319645654,0.75,0.75,37.86,21.92,AkiAki_Akira,234,100,False
3,10,0.06210147511908159,0.06193178161295485,0.07600000000000001,0.07401883462192498,0.12076190476190476,0.11813510947229477,0.76,0.76,37.86,21.92,AkiAki_Akira,234,100,False
6,10,0.05967243137399913,0.05848644810533064,0.07300000000000001,0.0694203998777875,0.11752777777777779,0.11719712515920694,0.73,0.73,37.86,21.92,AkiAki_Akira,234,100,False
5,10,0.057833014969205766,0.058694476824996074,0.07300000000000001,0.07227193316379688,0.10738095238095237,0.11049708368665796,0.73,0.73,37.86,21.92,AkiAki_Akira,234,100,False
0,10,0.05751849209789703,0.05056156475860248,0.081,0.07204796382208932,0.08896031746031746,0.07342892236953785,0.81,0.81,37.86,21.92,AkiAki_Akira,234,100,False
-1,10,0.0478420169869018,0.04858943836929405,0.069,0.07063206700139031,0.07227380952380952,0.06872209934729265,0.69,0.69,37.86,21.92,AkiAki_Akira,234,100,False
-2,10,0.037523675458033305,0.04549182340160909,0.055,0.06723244767373877,0.0561031746031746,0.0639110996818136,0.55,0.55,37.86,21.92,AkiAki_Akira,234,100,False
-3,10,0.026482947669284485,0.037066032265731616,0.03900000000000001,0.05485518124198395,0.04317857142857143,0.058123464143079485,0.39,0.39,37.86,21.92,AkiAki_Akira,234,100,False
-4,10,0.02163066820492349,0.031710565151454054,0.032,0.046882617226215076,0.03744444444444445,0.05507434692067846,0.32,0.32,37.86,21.92,AkiAki_Akira,234,100,False
-5,10,0.002544831527958068,0.012529884282702887,0.004,0.019694638556693247,0.004,0.019694638556693247,0.04,0.04,37.86,21.92,AkiAki_Akira,234,100,False
15,5,0.3827785206773316,0.2078664681125162,0.42200000000000004,0.1946662515562199,0.7191666666666667,0.33731939092306096,2.11,1.51,85.95,51.45,GrumbleDango,488,100,False
18,5,0.38254404639353223,0.20730404253292709,0.424,0.19546370662110296,0.7238333333333332,0.3324251516980649,2.12,1.48,85.95,51.45,GrumbleDango,488,100,False
17,5,0.38205589723020345,0.20740131871980955,0.424,0.19338557287962252,0.72,0.336249867009599,2.12,1.49,85.95,51.45,GrumbleDango,488,100,False
20,5,0.3819880865113916,0.20488405644521163,0.42200000000000004,0.19466625155621992,0.7304999999999999,0.33119732285552467,2.11,1.47,85.95,51.45,GrumbleDango,488,100,False
13,5,0.3773234161341314,0.21036956533070783,0.41600000000000004,0.19628879980603306,0.7013333333333333,0.3402207641372999,2.08,1.5,85.95,51.45,GrumbleDango,488,100,False
12,5,0.3746952875892203,0.2117097386177378,0.41600000000000004,0.19628879980603306,0.6888333333333333,0.34096528156444783,2.08,1.5,85.95,51.45,GrumbleDango,488,100,False
10,5,0.3683180104731305,0.2042737655788601,0.406,0.18739037199160347,0.68,0.3383710234268732,2.03,1.48,85.95,51.45,GrumbleDango,488,100,False
9,5,0.35978277927221697,0.1968313654409832,0.4,0.18202008991128732,0.6558333333333333,0.3369032322177807,2.0,1.48,85.95,51.45,GrumbleDango,488,100,False
8,5,0.3488423394583502,0.1975189661345131,0.392,0.1818424226264781,0.6226666666666667,0.3362875820226955,1.96,1.47,85.95,51.45,GrumbleDango,488,100,False
7,5,0.3224318797863985,0.1895810000890923,0.374,0.16974133619163367,0.5628333333333333,0.32737824477432087,1.87,1.44,85.95,51.45,GrumbleDango,488,100,False
6,5,0.3032572920584278,0.17706133986296954,0.364,0.1617580185513428,0.4996666666666667,0.3035792838678472,1.82,1.46,85.95,51.45,GrumbleDango,488,100,False
5,5,0.2653248495516538,0.15085582409192602,0.34,0.14907119849998599,0.409,0.23787569965183172,1.7,1.4,85.95,51.45,GrumbleDango,488,100,False
3,5,0.26442773208114123,0.12743724828866826,0.34800000000000003,0.13815523401908697,0.3618333333333333,0.17020313670466752,1.74,1.54,85.95,51.45,GrumbleDango,488,100,False
0,5,0.045049060056314094,0.07412513084114299,0.05600000000000001,0.09025217197084258,0.08533333333333333,0.14786698909711546,0.28,0.28,85.95,51.45,GrumbleDango,488,100,False
-1,5,0.02340560589975569,0.05665376776246006,0.03,0.07177405625652734,0.043,0.10739179034263575,0.15,0.15,85.95,51.45,GrumbleDango,488,100,False
-2,5,0.012537616745609466,0.043347689202100755,0.016,0.054531984868858144,0.023166666666666665,0.08324557668825036,0.08,0.08,85.95,51.45,GrumbleDango,488,100,False
-3,5,0.008069081445690901,0.035946540439063916,0.01,0.043808582711518065,0.015333333333333332,0.07125143982241817,0.05,0.05,85.95,51.45,GrumbleDango,488,100,False
-5,5,0.006757030670567484,0.03373301473208468,0.008,0.039389277113386474,0.013333333333333332,0.06877964619449367,0.04,0.04,85.95,51.45,GrumbleDango,488,100,False
-4,5,0.006757030670567484,0.03373301473208468,0.008,0.039389277113386474,0.013333333333333332,0.06877964619449367,0.04,0.04,85.95,51.45,GrumbleDango,488,100,False
18,10,0.3254554137241709,0.13963324871216953,0.34600000000000003,0.13059305285713116,0.7300238095238094,0.3199827448951329,3.46,2.45,85.95,51.45,GrumbleDango,488,100,False
20,10,0.32514989897956587,0.13735578124288977,0.34600000000000003,0.13136424801507318,0.7366904761904762,0.31857615855412363,3.46,2.44,85.95,51.45,GrumbleDango,488,100,False
17,10,0.32338071439605004,0.13955761419174334,0.344,0.1297394436257657,0.7261904761904762,0.3240283758063816,3.44,2.43,85.95,51.45,GrumbleDango,488,100,False
15,10,0.32192613206097137,0.139173156388961,0.342,0.1311795746603899,0.7251785714285713,0.32548200302657143,3.42,2.41,85.95,51.45,GrumbleDango,488,100,False
13,10,0.3179175709247381,0.13851700659482752,0.33899999999999997,0.1309599368146803,0.7087738095238094,0.32601166067185317,3.39,2.39,85.95,51.45,GrumbleDango,488,100,False
12,10,0.31686875652189067,0.13881789778297876,0.34,0.13180947376322144,0.6962738095238095,0.32707590646372176,3.4,2.4,85.95,51.45,GrumbleDango,488,100,False
10,10,0.31604664611302674,0.14322838659743467,0.34,0.13333333333333333,0.6874404761904762,0.3245751854750057,3.4,2.43,85.95,51.45,GrumbleDango,488,100,False
9,10,0.31322137075368284,0.139524712701075,0.341,0.13264595544135335,0.6630952380952381,0.3239013341394449,3.41,2.47,85.95,51.45,GrumbleDango,488,100,False
8,10,0.3070124604795764,0.13916344585771323,0.34,0.12870763988845632,0.6315952380952381,0.3211557292465871,3.4,2.46,85.95,51.45,GrumbleDango,488,100,False
7,10,0.29308506312383587,0.13804999746521784,0.33799999999999997,0.12853486733650182,0.5696388888888889,0.3167964112392792,3.38,2.46,85.95,51.45,GrumbleDango,488,100,False
6,10,0.2788721969511862,0.13275291718363472,0.33299999999999996,0.13108328758018042,0.5059166666666667,0.2943204467006211,3.33,2.44,85.95,51.45,GrumbleDango,488,100,False
5,10,0.26270104344315603,0.11622962322257195,0.335,0.12742595393943001,0.41756746031746034,0.22478370990148433,3.35,2.5,85.95,51.45,GrumbleDango,488,100,False
3,10,0.25813644161089483,0.11538112535597014,0.33399999999999996,0.1350046763125731,0.3656904761904762,0.16324183171875895,3.34,2.58,85.95,51.45,GrumbleDango,488,100,False
0,10,0.04184854305592763,0.05262971342270364,0.046000000000000006,0.05581354239923779,0.1050515873015873,0.14415827903470652,0.46,0.46,85.95,51.45,GrumbleDango,488,100,False
-1,10,0.027452881734977,0.041506506411268206,0.032,0.04688261722621507,0.0664563492063492,0.11102576452306333,0.32,0.32,85.95,51.45,GrumbleDango,488,100,False
-2,10,0.02345120813634046,0.038472909067119344,0.03,0.048199920365414754,0.04999206349206349,0.09235570570357278,0.3,0.3,85.95,51.45,GrumbleDango,488,100,False
-3,10,0.023405154294267573,0.03666842324866759,0.032,0.048989794855663564,0.04568650793650794,0.08307092102330511,0.32,0.32,85.95,51.45,GrumbleDango,488,100,False
-4,10,0.018386281323306913,0.034473509439907186,0.025,0.04578165130223675,0.036123015873015876,0.07922079748280586,0.25,0.25,85.95,51.45,GrumbleDango,488,100,False
-5,10,0.016842121208189027,0.03224186697387316,0.023000000000000003,0.04229525846816508,0.033944444444444444,0.07780440862025893,0.23,0.23,85.95,51.45,GrumbleDango,488,100,False
5,5,0.7834365254496691,0.1613932927976693,0.762,0.17682954184379618,0.985,0.08572330399888263,3.81,3.53,106.18,45.76,Vurnox,661,100,False
6,5,0.7543511956204135,0.16166124053056763,0.75,0.15142421513513926,0.96,0.13632996217214535,3.75,3.41,106.18,45.76,Vurnox,661,100,False
7,5,0.7182420882222615,0.17072460898634442,0.722,0.15800524220941714,0.9516666666666667,0.15587089250103262,3.61,3.19,106.18,45.76,Vurnox,661,100,False
3,5,0.6874882150198406,0.16410414200266205,0.69,0.1592279352172079,0.8433333333333333,0.23548788812706578,3.45,3.34,106.18,45.76,Vurnox,661,100,False
8,5,0.6807652352067413,0.17877942031516633,0.6940000000000001,0.15687606895285533,0.9483333333333333,0.15658927811380324,3.47,2.97,106.18,45.76,Vurnox,661,100,False
9,5,0.6533893678181519,0.17274037172250437,0.672,0.15444916786614768,0.9316666666666668,0.18816707002071212,3.36,2.79,106.18,45.76,Vurnox,661,100,False
10,5,0.6311832711882146,0.1773132082843828,0.6559999999999999,0.15063501947060348,0.9233333333333333,0.20159298261529504,3.28,2.67,106.18,45.76,Vurnox,661,100,False
20,5,0.6136212486277048,0.18333445849353755,0.642,0.1640275906823316,0.9275,0.18221075043958737,3.21,2.54,106.18,45.76,Vurnox,661,100,False
18,5,0.6089889038130258,0.18766686484178757,0.63,0.16666666666666666,0.9258333333333333,0.18686339741353652,3.15,2.52,106.18,45.76,Vurnox,661,100,False
12,5,0.6088665907934949,0.18016005946611502,0.634,0.1558424482830936,0.9191666666666667,0.20428044311395246,3.17,2.52,106.18,45.76,Vurnox,661,100,False
17,5,0.6076548824011606,0.19134400886282812,0.63,0.16666666666666663,0.9225,0.19579437609501887,3.15,2.52,106.18,45.76,Vurnox,661,100,False
13,5,0.6014980166525888,0.18097224700135767,0.62,0.15439683882250904,0.9191666666666667,0.20428044311395246,3.1,2.48,106.18,45.76,Vurnox,661,100,False
15,5,0.6012160097168543,0.1930798213508501,0.624,0.16399063782097226,0.9091666666666667,0.21224278021956622,3.12,2.5,106.18,45.76,Vurnox,661,100,False
0,5,0.49079604745254807,0.15350736112398874,0.5880000000000001,0.18383127969401558,0.48700000000000004,0.06407329557145632,2.94,2.78,106.18,45.76,Vurnox,661,100,False
-1,5,0.4788503060035791,0.1508072538373224,0.5880000000000001,0.20264912204760885,0.48416666666666663,0.07739353137111674,2.94,2.67,106.18,45.76,Vurnox,661,100,False
-2,5,0.4052472512933669,0.1527482126328066,0.5,0.20792383998070837,0.46950000000000003,0.0992976174689848,2.5,2.25,106.18,45.76,Vurnox,661,100,False
-3,5,0.24822156371138038,0.16217405481095828,0.33,0.22087978356535662,0.35733333333333334,0.17783016904779966,1.65,1.39,106.18,45.76,Vurnox,661,100,False
-4,5,0.08516910243723158,0.1048134417591969,0.134,0.16094418381237108,0.19566666666666666,0.21939642742789975,0.67,0.41,106.18,45.76,Vurnox,661,100,False
-5,5,0.03769997828560752,0.07140797761566499,0.07800000000000001,0.12994171187439577,0.11816666666666667,0.19271372615076893,0.39,0.14,106.18,45.76,Vurnox,661,100,False
5,10,0.6704942921837744,0.11216995598817178,0.662,0.11261806375012975,0.985,0.08572330399888263,6.62,5.57,106.18,45.76,Vurnox,661,100,False
6,10,0.654092816250821,0.11695949099168716,0.672,0.1119884553934652,0.96,0.13632996217214535,6.72,5.42,106.18,45.76,Vurnox,661,100,False
7,10,0.6240662116567298,0.12372584051598967,0.655,0.11043989178267838,0.9516666666666667,0.15587089250103262,6.55,5.07,106.18,45.76,Vurnox,661,100,False
3,10,0.6218541120826876,0.1273206736670198,0.631,0.1252835168566065,0.8433333333333333,0.23548788812706578,6.31,5.68,106.18,45.76,Vurnox,661,100,False
8,10,0.5975850850725642,0.12958711338999984,0.638,0.11171753703339544,0.9483333333333333,0.15658927811380324,6.38,4.82,106.18,45.76,Vurnox,661,100,False
9,10,0.5757607418607535,0.13203659763552525,0.62,0.11720654306553768,0.9316666666666668,0.18816707002071212,6.2,4.6,106.18,45.76,Vurnox,661,100,False
10,10,0.5530005048960104,0.1329867694614111,0.599,0.11763236687822676,0.9233333333333333,0.20159298261529504,5.99,4.37,106.18,45.76,Vurnox,661,100,False
12,10,0.5244102332444354,0.13931825322143068,0.567,0.12637526289075351,0.9191666666666667,0.20428044311395246,5.67,4.03,106.18,45.76,Vurnox,661,100,False
13,10,0.5149399475209024,0.14060285635168213,0.555,0.12583057392117916,0.9191666666666667,0.20428044311395246,5.55,3.91,106.18,45.76,Vurnox,661,100,False
15,10,0.5028735307896635,0.1410989271741613,0.5379999999999999,0.12853486733650182,0.9091666666666667,0.21224278021956622,5.38,3.77,106.18,45.76,Vurnox,661,100,False
17,10,0.4998604827026912,0.14321096318193866,0.53,0.1337115846843043,0.9225,0.19579437609501887,5.3,3.69,106.18,45.76,Vurnox,661,100,False
18,10,0.4997958569289482,0.14227194348687475,0.529,0.13580660640570597,0.9258333333333333,0.18686339741353652,5.29,3.68,106.18,45.76,Vurnox,661,100,False
20,10,0.4982987589794433,0.14381319685044816,0.529,0.1430511669425886,0.9275,0.18221075043958737,5.29,3.65,106.18,45.76,Vurnox,661,100,False
0,10,0.4253212755119033,0.12632698765411576,0.48100000000000004,0.150215333653547,0.488,0.0567586893924518,4.81,4.1,106.18,45.76,Vurnox,661,100,False
-1,10,0.38645023642383625,0.13959275243635275,0.424,0.16884635296354764,0.48583333333333334,0.06809805928961812,4.24,3.61,106.18,45.76,Vurnox,661,100,False
-2,10,0.33583237512820496,0.1382948466800393,0.35700000000000004,0.1634569723755515,0.4711666666666667,0.0925039811683072,3.57,3.23,106.18,45.76,Vurnox,661,100,False
-3,10,0.22493482636227285,0.13540466121863295,0.255,0.15658927811380324,0.3686626984126984,0.15804014137316855,2.55,2.28,106.18,45.76,Vurnox,661,100,False
-4,10,0.07477342046258363,0.08490516296835282,0.096,0.10339685242263949,0.20825,0.21137065938555297,0.96,0.69,106.18,45.76,Vurnox,661,100,False
-5,10,0.030071319852712,0.05007265781642851,0.047,0.07171069824248152,0.12394047619047618,0.19125186989332785,0.47,0.22,106.18,45.76,Vurnox,661,100,False
17,5,0.08763517782343314,0.13491644534726677,0.09,0.12512619892159138,0.22983333333333333,0.35194899863914597,0.45,0.33,20.45,12.71,xF0x,135,100,False
18,5,0.08763517782343314,0.13491644534726677,0.09,0.12512619892159138,0.22983333333333333,0.35194899863914597,0.45,0.33,20.45,12.71,xF0x,135,100,False
20,5,0.0874396564556024,0.13538637194689676,0.09,0.12512619892159135,0.23233333333333334,0.35298009787373213,0.45,0.32,20.45,12.71,xF0x,135,100,False
13,5,0.0868609667216076,0.13740360902919518,0.086,0.12473810949183073,0.22983333333333333,0.36080635936223315,0.43,0.32,20.45,12.71,xF0x,135,100,False
12,5,0.08647721647036294,0.13722372221591522,0.086,0.12473810949183073,0.2285,0.36066635392730895,0.43,0.32,20.45,12.71,xF0x,135,100,False
15,5,0.08604657757459117,0.13497701850462215,0.08800000000000001,0.12494847422886451,0.22683333333333333,0.3526944147110217,0.44,0.32,20.45,12.71,xF0x,135,100,False
10,5,0.08515299687062072,0.13600213236136038,0.084,0.11782541441823272,0.22066666666666668,0.3519954341097608,0.42,0.32,20.45,12.71,xF0x,135,100,False
9,5,0.08374185761329485,0.13611183695824147,0.08200000000000002,0.11753357568857256,0.21866666666666668,0.3526815664556636,0.41,0.31,20.45,12.71,xF0x,135,100,False
8,5,0.08029341807177418,0.13232977269025062,0.08200000000000002,0.11753357568857258,0.209,0.33715336357863995,0.41,0.3,20.45,12.71,xF0x,135,100,False
7,5,0.07592131565748392,0.12847144914682015,0.07800000000000001,0.11333333333333336,0.19683333333333333,0.32699954694724537,0.39,0.29,20.45,12.71,xF0x,135,100,False
6,5,0.07239508549173014,0.12689688196949514,0.07200000000000001,0.10832051206181283,0.18716666666666665,0.3260556971142369,0.36,0.28,20.45,12.71,xF0x,135,100,False
5,5,0.06328238968604415,0.11602901348103435,0.068,0.10719565798533584,0.154,0.28129211244763414,0.34,0.27,20.45,12.71,xF0x,135,100,False
3,5,0.04830618026490046,0.08845098110824645,0.06,0.10050378152592121,0.09533333333333333,0.1993406640319539,0.3,0.28,20.45,12.71,xF0x,135,100,False
0,5,0.014861651747073566,0.04828675893132252,0.02,0.06030226891555271,0.033666666666666664,0.10772569813261537,0.1,0.08,20.45,12.71,xF0x,135,100,False
-5,5,0.0013120507751234179,0.013120507751234179,0.002,0.02,0.002,0.02,0.01,0.01,20.45,12.71,xF0x,135,100,False
-4,5,0.0013120507751234179,0.013120507751234179,0.002,0.02,0.002,0.02,0.01,0.01,20.45,12.71,xF0x,135,100,False
-3,5,0.0013120507751234179,0.013120507751234179,0.002,0.02,0.002,0.02,0.01,0.01,20.45,12.71,xF0x,135,100,False
-2,5,0.0013120507751234179,0.013120507751234179,0.002,0.02,0.002,0.02,0.01,0.01,20.45,12.71,xF0x,135,100,False
-1,5,0.0013120507751234179,0.013120507751234179,0.002,0.02,0.002,0.02,0.01,0.01,20.45,12.71,xF0x,135,100,False
13,10,0.070465615099795,0.0918095718725267,0.07100000000000001,0.07951240294584377,0.25214285714285717,0.35006337780023233,0.71,0.47,20.45,12.71,xF0x,135,100,False
15,10,0.06953060435586217,0.09065280717423356,0.07,0.07977240352174657,0.24670238095238095,0.34325572077335675,0.7,0.47,20.45,12.71,xF0x,135,100,False
12,10,0.06951596771255945,0.09147279155312377,0.07,0.07849596270902194,0.2505595238095238,0.35010461512648555,0.7,0.46,20.45,12.71,xF0x,135,100,False
20,10,0.06874070373885877,0.09177859484090863,0.067,0.07920692756152946,0.2484246031746032,0.345267122005255,0.67,0.45,20.45,12.71,xF0x,135,100,False
17,10,0.06831929123054714,0.09152752698974617,0.067,0.07920692756152946,0.24592460317460318,0.344330949415736,0.67,0.45,20.45,12.71,xF0x,135,100,False
18,10,0.068268947761754,0.09147063035507737,0.067,0.07920692756152946,0.24592460317460318,0.344330949415736,0.67,0.45,20.45,12.71,xF0x,135,100,False
8,10,0.0681378868400272,0.09249081976128286,0.07200000000000001,0.08418354166265925,0.23007539682539682,0.3274269832959322,0.72,0.48,20.45,12.71,xF0x,135,100,False
10,10,0.06809271776027587,0.09148630065909666,0.069,0.0787464926267202,0.2411190476190476,0.34245277575791444,0.69,0.45,20.45,12.71,xF0x,135,100,False
9,10,0.06784280781685474,0.09237441632465643,0.069,0.080018937152591,0.24025793650793653,0.3426699635314795,0.69,0.45,20.45,12.71,xF0x,135,100,False
6,10,0.06544047926057411,0.08953346094790103,0.07200000000000001,0.08297498710363554,0.21175396825396825,0.31576967239011255,0.72,0.49,20.45,12.71,xF0x,135,100,False
7,10,0.06418313065978276,0.09004336712219986,0.068,0.08150106896491754,0.2174484126984127,0.31813990739347264,0.68,0.45,20.45,12.71,xF0x,135,100,False
5,10,0.06039116472554361,0.08242996833357051,0.07,0.08102873913406629,0.1801984126984127,0.27170813498004026,0.7,0.5,20.45,12.71,xF0x,135,100,False
3,10,0.04748446760906,0.06360290628773668,0.05800000000000001,0.0713222874483754,0.11851984126984126,0.19505757187075926,0.58,0.48,20.45,12.71,xF0x,135,100,False
0,10,0.020807808371613862,0.03707224786425349,0.03,0.04819992036541475,0.05791666666666666,0.11203287541116204,0.3,0.22,20.45,12.71,xF0x,135,100,False
-3,10,0.019035175926365066,0.03479720242612101,0.028000000000000004,0.05140451577852127,0.03201984126984127,0.057371478922041065,0.28,0.27,20.45,12.71,xF0x,135,100,False
-5,10,0.01890420283705257,0.03450173004419142,0.027000000000000003,0.04893822120745189,0.03240873015873016,0.05793203421221997,0.27,0.27,20.45,12.71,xF0x,135,100,False
-4,10,0.018846098499674318,0.034420575236875854,0.027000000000000003,0.04893822120745189,0.03215873015873016,0.05758131051278031,0.27,0.27,20.45,12.71,xF0x,135,100,False
-2,10,0.017693180686051108,0.034208756593563414,0.026000000000000002,0.05049252369900864,0.029686507936507938,0.0562478537312313,0.26,0.25,20.45,12.71,xF0x,135,100,False
-1,10,0.015602994250135824,0.030797603704839083,0.026000000000000002,0.04845074558223793,0.03192063492063492,0.05868248133013964,0.26,0.2,20.45,12.71,xF0x,135,100,False
0,5,0.13839135655704182,0.14059847717928003,0.166,0.14786015779318734,0.2658333333333333,0.2636548669926064,0.83,0.71,35.49,19.37,alfalfy,161,100,False
-1,5,0.07633371150404382,0.0853027299725026,0.166,0.15322789523708755,0.21350000000000002,0.19438953048528504,0.83,0.31,35.49,19.37,alfalfy,161,100,False
3,5,0.04455685436369015,0.08604725863402857,0.052000000000000005,0.09263810329350543,0.08883333333333333,0.2008686942339008,0.26,0.26,35.49,19.37,alfalfy,161,100,False
-2,5,0.043379638566246805,0.0499136136306837,0.13,0.13446489534747752,0.191,0.19690962564943512,0.65,0.08,35.49,19.37,alfalfy,161,100,False
-3,5,0.033833038375036546,0.03805919721879962,0.114,0.12473810949183077,0.18566666666666667,0.19945239285250593,0.57,0.01,35.49,19.37,alfalfy,161,100,False
-4,5,0.032912850146481494,0.035049560735558975,0.11200000000000002,0.12167185543107496,0.18983333333333335,0.2016332721327917,0.56,0.0,35.49,19.37,alfalfy,161,100,False
-5,5,0.030107231075423447,0.03530739591255066,0.10200000000000001,0.12225160344737629,0.1733333333333333,0.20263416804824907,0.51,0.0,35.49,19.37,alfalfy,161,100,False
5,5,0.022153866494364804,0.05611437171009583,0.028000000000000004,0.06974701760395541,0.041333333333333326,0.10934146311237813,0.14,0.14,35.49,19.37,alfalfy,161,100,False
7,5,0.02047819955580489,0.057208029930872054,0.024000000000000004,0.06531972647421809,0.040999999999999995,0.12110184377480208,0.12,0.12,35.49,19.37,alfalfy,161,100,False
6,5,0.02035574026740608,0.056692699520523505,0.024000000000000004,0.06531972647421809,0.0405,0.1185692626006843,0.12,0.12,35.49,19.37,alfalfy,161,100,False
8,5,0.013512224792201225,0.04723143467589054,0.016,0.05453198486885816,0.026833333333333334,0.09906677338656784,0.08,0.08,35.49,19.37,alfalfy,161,100,False
9,5,0.011669627591463243,0.04357071278310676,0.014000000000000002,0.05128647999524856,0.02283333333333333,0.0891301964498672,0.07,0.07,35.49,19.37,alfalfy,161,100,False
10,5,0.008937070599837124,0.03576426320139898,0.012000000000000002,0.04773665131518841,0.015666666666666666,0.0637765811312086,0.06,0.06,35.49,19.37,alfalfy,161,100,False
12,5,0.004852285551163225,0.027797303433528386,0.006000000000000001,0.03428932159955305,0.009166666666666667,0.05283091424004351,0.03,0.03,35.49,19.37,alfalfy,161,100,False
13,5,0.004852285551163225,0.027797303433528386,0.006000000000000001,0.03428932159955305,0.009166666666666667,0.05283091424004351,0.03,0.03,35.49,19.37,alfalfy,161,100,False
15,5,0.004468535299918562,0.025684835290957785,0.006000000000000001,0.03428932159955305,0.007833333333333333,0.04577889328836019,0.03,0.03,35.49,19.37,alfalfy,161,100,False
17,5,0.0031564845247951446,0.022269477816684955,0.004,0.028141058827257943,0.005833333333333333,0.04146415432968691,0.02,0.02,35.49,19.37,alfalfy,161,100,False
18,5,0.0031564845247951446,0.022269477816684955,0.004,0.028141058827257943,0.005833333333333333,0.04146415432968691,0.02,0.02,35.49,19.37,alfalfy,161,100,False
20,5,0.003007851801491498,0.021336047727256363,0.004,0.028141058827257943,0.005333333333333333,0.03869939402165228,0.02,0.02,35.49,19.37,alfalfy,161,100,False
0,10,0.12019385286205315,0.10250214708980435,0.145,0.107661084384791,0.2892142857142857,0.24441600949349737,1.45,1.04,35.49,19.37,alfalfy,161,100,False
-1,10,0.07927195614111804,0.07201645235810256,0.127,0.1081104934216785,0.2300952380952381,0.18097292884356175,1.27,0.71,35.49,19.37,alfalfy,161,100,False
3,10,0.06059282521959511,0.06031142756116682,0.07100000000000001,0.06711214796175431,0.13627777777777778,0.19032634648357233,0.71,0.71,35.49,19.37,alfalfy,161,100,False
-2,10,0.04949175246622056,0.05549995606466616,0.095,0.09885710532241611,0.1970277777777778,0.19281069906846773,0.95,0.37,35.49,19.37,alfalfy,161,100,False
-3,10,0.03501731084323321,0.04544691607940101,0.079,0.0902241876682968,0.19244444444444445,0.19494087662602513,0.79,0.18,35.49,19.37,alfalfy,161,100,False
5,10,0.02643159896960234,0.044440792709740926,0.031,0.050642338656962355,0.06091269841269841,0.11229086484140605,0.31,0.31,35.49,19.37,alfalfy,161,100,False
-4,10,0.02619823889213426,0.03539174880217938,0.065,0.07961396760860398,0.19094444444444444,0.20088135861605316,0.65,0.06,35.49,19.37,alfalfy,161,100,False
-5,10,0.022546015322798322,0.03048952831244232,0.05800000000000001,0.07410066862659939,0.17625,0.20116933347187235,0.58,0.03,35.49,19.37,alfalfy,161,100,False
6,10,0.021600698195119915,0.042377554289696966,0.024000000000000004,0.045215533220835116,0.054841269841269843,0.12093066086257276,0.24,0.24,35.49,19.37,alfalfy,161,100,False
7,10,0.02016254398327422,0.040317267940389145,0.022000000000000002,0.04163331998932266,0.05324603174603174,0.12272254461260704,0.22,0.22,35.49,19.37,alfalfy,161,100,False
8,10,0.015673669139247733,0.03541267488302018,0.018000000000000002,0.03861229196653692,0.039246031746031744,0.10301756496502139,0.18,0.18,35.49,19.37,alfalfy,161,100,False
9,10,0.013213294739676851,0.03293106008083364,0.015,0.035887028128263665,0.03325793650793651,0.09359922637559646,0.15,0.15,35.49,19.37,alfalfy,161,100,False
10,10,0.011445487858686371,0.029062510977008526,0.014000000000000002,0.034873508801977704,0.026119047619047618,0.07101387152466995,0.14,0.14,35.49,19.37,alfalfy,161,100,False
12,10,0.008968851022510054,0.02613704781685611,0.011000000000000001,0.031446603773522014,0.020396825396825396,0.06384125656651625,0.11,0.11,35.49,19.37,alfalfy,161,100,False
13,10,0.008203441816692572,0.02525274805968024,0.01,0.03015113445777636,0.018829365079365078,0.06243833025384067,0.1,0.1,35.49,19.37,alfalfy,161,100,False
15,10,0.006436792250838026,0.0223221464354254,0.008,0.02726599243442908,0.01440079365079365,0.053312034042546745,0.08,0.08,35.49,19.37,alfalfy,161,100,False
17,10,0.006367018527892976,0.022109874301859258,0.008,0.02726599243442908,0.014083333333333331,0.05248717175323126,0.08,0.08,35.49,19.37,alfalfy,161,100,False
18,10,0.006367018527892976,0.022109874301859258,0.008,0.02726599243442908,0.014083333333333331,0.05248717175323126,0.08,0.08,35.49,19.37,alfalfy,161,100,False
20,10,0.006149125605370814,0.021361812324686983,0.008,0.02726599243442908,0.013027777777777779,0.048996500214769645,0.08,0.08,35.49,19.37,alfalfy,161,100,False
20,5,0.4251704897383242,0.15951293911007758,0.57,0.10396191999035419,0.8033333333333332,0.29218208427343784,2.85,1.67,87.15,16.15,Siipn,448,100,False
18,5,0.4246139472078365,0.1579899288579667,0.57,0.10396191999035419,0.8083333333333332,0.29121537958424737,2.85,1.66,87.15,16.15,Siipn,448,100,False
15,5,0.424374161730889,0.15880054774138955,0.5760000000000001,0.09961542211541506,0.81,0.28893744735642785,2.88,1.64,87.15,16.15,Siipn,448,100,False
17,5,0.4239368114725145,0.15846269994012152,0.57,0.10396191999035419,0.81,0.28893744735642785,2.85,1.65,87.15,16.15,Siipn,448,100,False
13,5,0.4217293442077533,0.16100134991061163,0.572,0.10643915129919501,0.8095,0.28995776425283915,2.86,1.62,87.15,16.15,Siipn,448,100,False
12,5,0.42012002798602266,0.16186631821297026,0.57,0.10777829844714387,0.8095,0.28995776425283915,2.85,1.61,87.15,16.15,Siipn,448,100,False
10,5,0.40383448703519037,0.17015901226917482,0.54,0.12226812728383037,0.8065000000000001,0.2954185810796911,2.7,1.52,87.15,16.15,Siipn,448,100,False
9,5,0.3946618640544659,0.17161012191040348,0.522,0.13895715494025818,0.8016666666666667,0.30630761442982113,2.61,1.47,87.15,16.15,Siipn,448,100,False
3,5,0.39027626916332486,0.18462928021967992,0.462,0.19004518335693674,0.6456666666666666,0.2892055374178998,2.31,1.68,87.15,16.15,Siipn,448,100,False
5,5,0.38955261229347565,0.16660691798180383,0.48,0.14770978917519928,0.7401666666666666,0.30420818636413127,2.4,1.56,87.15,16.15,Siipn,448,100,False
8,5,0.3876036879747612,0.1668280580707042,0.504,0.1434918080933507,0.7975,0.3064163723856695,2.52,1.47,87.15,16.15,Siipn,448,100,False
7,5,0.3846715826206401,0.16971585408853837,0.496,0.14349180809335066,0.7683333333333333,0.3150677336187836,2.48,1.5,87.15,16.15,Siipn,448,100,False
6,5,0.38087414523547986,0.1666222639200439,0.484,0.13387767671733897,0.7448333333333333,0.30402919959891056,2.42,1.53,87.15,16.15,Siipn,448,100,False
0,5,0.3058007073129136,0.2034598765301314,0.308,0.20581446975272652,0.5203333333333333,0.32929012516622264,1.54,1.44,87.15,16.15,Siipn,448,100,False
-1,5,0.16394654901318248,0.18122621568240418,0.14400000000000002,0.16100693253159107,0.3491666666666666,0.3972928523771147,0.72,0.71,87.15,16.15,Siipn,448,100,False
-2,5,0.03998068495983221,0.09390789306291346,0.038000000000000006,0.08382280492958122,0.09616666666666668,0.2532599463968469,0.19,0.18,87.15,16.15,Siipn,448,100,False
-3,5,0.005914602005081675,0.029080514893294166,0.01,0.04380858271151806,0.016,0.0774857432308706,0.05,0.03,87.15,16.15,Siipn,448,100,False
-5,5,0.0036092706240739526,0.02975527922566428,0.008,0.06305360874492098,0.01,0.07035264706814486,0.04,0.01,87.15,16.15,Siipn,448,100,False
-4,5,0.0031765883147059893,0.025575640747074913,0.008,0.06305360874492098,0.008333333333333333,0.05981171354710612,0.04,0.01,87.15,16.15,Siipn,448,100,False
18,10,0.41504296304046484,0.12537984028956767,0.587,0.11069568805303734,0.8083333333333332,0.29121537958424737,5.87,3.11,87.15,16.15,Siipn,448,100,False
20,10,0.4148229927267025,0.125823657414136,0.584,0.10983918455927498,0.8033333333333332,0.29218208427343784,5.84,3.12,87.15,16.15,Siipn,448,100,False
17,10,0.4146095746900053,0.12558275368978414,0.587,0.11069568805303735,0.81,0.28893744735642785,5.87,3.1,87.15,16.15,Siipn,448,100,False
15,10,0.4097426363006567,0.1258563504747861,0.58,0.10636320469566207,0.81,0.28893744735642785,5.8,3.03,87.15,16.15,Siipn,448,100,False
13,10,0.40480839421547904,0.12671335917642357,0.575,0.1149220201139481,0.8095,0.28995776425283915,5.75,2.96,87.15,16.15,Siipn,448,100,False
12,10,0.40190577847596454,0.12720744814205043,0.5710000000000001,0.1139688066485251,0.8095,0.28995776425283915,5.71,2.93,87.15,16.15,Siipn,448,100,False
10,10,0.4015538610567795,0.12540737785405773,0.563,0.11160446028522138,0.8065000000000001,0.2954185810796911,5.63,3.04,87.15,16.15,Siipn,448,100,False
9,10,0.40119370506039537,0.1225499190102672,0.556,0.10280903155704255,0.805,0.2982882327702572,5.56,3.08,87.15,16.15,Siipn,448,100,False
8,10,0.3993875333108885,0.1201254271571499,0.5489999999999999,0.10298082590973186,0.8008333333333333,0.29844692455929256,5.49,3.12,87.15,16.15,Siipn,448,100,False
7,10,0.3985484480863248,0.11662768733448696,0.5429999999999999,0.10372360318936985,0.7716666666666667,0.3076420953158483,5.43,3.19,87.15,16.15,Siipn,448,100,False
6,10,0.3951763843130156,0.11373557179454687,0.5369999999999999,0.10603506185896408,0.7448333333333333,0.30402919959891056,5.37,3.2,87.15,16.15,Siipn,448,100,False
5,10,0.38915141939156994,0.11688441020897258,0.505,0.11403968828899216,0.7401666666666666,0.30420818636413127,5.05,3.13,87.15,16.15,Siipn,448,100,False
3,10,0.3647163211902546,0.11915172406367598,0.436,0.11679214031947542,0.649,0.2825630249611516,4.36,3.05,87.15,16.15,Siipn,448,100,False
0,10,0.24558967233658324,0.13317800287307907,0.24400000000000002,0.12895853221211473,0.5352619047619048,0.30792952436257776,2.44,1.99,87.15,16.15,Siipn,448,100,False
-1,10,0.15222398330133846,0.11380188780061175,0.14300000000000002,0.09666666666666665,0.3888373015873016,0.36575570605129554,1.43,1.34,87.15,16.15,Siipn,448,100,False
-2,10,0.05935514078236,0.07302302753534147,0.07100000000000001,0.0756053015083044,0.1429563492063492,0.24370086905692737,0.71,0.64,87.15,16.15,Siipn,448,100,False
-3,10,0.028933488659951805,0.03916074388857998,0.055,0.06723244767373877,0.06098412698412698,0.08682626883590576,0.55,0.35,87.15,16.15,Siipn,448,100,False
-4,10,0.015250923406965324,0.03226752427205079,0.035,0.0625630994607957,0.04073015873015873,0.07635725593291795,0.35,0.15,87.15,16.15,Siipn,448,100,False
-5,10,0.0038440956259226445,0.0210481142690337,0.008,0.036735472631979973,0.01576190476190476,0.07528531284243357,0.08,0.02,87.15,16.15,Siipn,448,100,False
5,5,0.07909521884098496,0.12971422949837438,0.07,0.1039619199903542,0.21933333333333332,0.369325529582436,0.35,0.29,41.49,16.4,Haileytokar,198,100,False
6,5,0.07636613573030684,0.12327694195885033,0.07200000000000001,0.10058415241563513,0.2115,0.3522788964377811,0.36,0.29,41.49,16.4,Haileytokar,198,100,False
7,5,0.07598967949001201,0.12249577345375824,0.07400000000000001,0.09704731741878196,0.22066666666666668,0.357806322971937,0.37,0.27,41.49,16.4,Haileytokar,198,100,False
9,5,0.0751350819999074,0.12314487558857713,0.07600000000000001,0.10162318990896088,0.21349999999999997,0.34983317332444214,0.38,0.28,41.49,16.4,Haileytokar,198,100,False
13,5,0.07495887567224445,0.12480154180301295,0.07800000000000001,0.10971036248396791,0.21633333333333332,0.3524722688903346,0.39,0.26,41.49,16.4,Haileytokar,198,100,False
8,5,0.07420678147602863,0.11978489034052543,0.07400000000000001,0.09704731741878196,0.21483333333333335,0.3500352315120055,0.37,0.27,41.49,16.4,Haileytokar,198,100,False
12,5,0.07407746379289278,0.12404712488095693,0.07600000000000001,0.10552418459933033,0.21466666666666664,0.35151013000012504,0.38,0.26,41.49,16.4,Haileytokar,198,100,False
10,5,0.07402120818918884,0.12330793492250298,0.07400000000000001,0.1011249851731145,0.2125,0.35051969593598775,0.37,0.27,41.49,16.4,Haileytokar,198,100,False
15,5,0.07298594328707723,0.12114810590092802,0.07800000000000001,0.10971036248396791,0.20833333333333331,0.3379104935977894,0.39,0.26,41.49,16.4,Haileytokar,198,100,False
-3,5,0.07120359533374412,0.10052280123853724,0.08800000000000001,0.12494847422886449,0.12033333333333333,0.16625504726395746,0.44,0.44,41.49,16.4,Haileytokar,198,100,False
-4,5,0.07057256025647267,0.09942290834200906,0.086,0.12145581563480257,0.12216666666666667,0.16774156743504806,0.43,0.43,41.49,16.4,Haileytokar,198,100,False
17,5,0.07040201901875477,0.11762473294050635,0.07800000000000001,0.10971036248396791,0.19833333333333333,0.32635369464238334,0.39,0.26,41.49,16.4,Haileytokar,198,100,False
20,5,0.07030211148891195,0.11623677371579147,0.08200000000000002,0.11044446476840657,0.19866666666666666,0.3226632300788136,0.41,0.26,41.49,16.4,Haileytokar,198,100,False
18,5,0.06995795739777758,0.11716009679038382,0.07800000000000001,0.10971036248396791,0.19666666666666668,0.3252211541430422,0.39,0.26,41.49,16.4,Haileytokar,198,100,False
-5,5,0.06794845870622583,0.09952038179884046,0.08200000000000002,0.12092238098144703,0.11816666666666667,0.1682266221753553,0.41,0.41,41.49,16.4,Haileytokar,198,100,False
-2,5,0.06763902367173323,0.09603175277342736,0.084,0.11782541441823274,0.11616666666666667,0.16180545259458293,0.42,0.42,41.49,16.4,Haileytokar,198,100,False
3,5,0.06233742895530523,0.11105582737923358,0.05600000000000001,0.09025217197084262,0.16116666666666668,0.30666973172234924,0.28,0.26,41.49,16.4,Haileytokar,198,100,False
-1,5,0.05802880869047551,0.0761930079490576,0.08200000000000002,0.10672346972385684,0.0925,0.11991333851665024,0.41,0.41,41.49,16.4,Haileytokar,198,100,False
0,5,0.03932501906964566,0.06202414548673198,0.05800000000000001,0.09120960431441374,0.06233333333333333,0.09937006981184413,0.29,0.29,41.49,16.4,Haileytokar,198,100,False
5,10,0.08484026565779627,0.09247602490341555,0.10400000000000001,0.08980337668844345,0.26940079365079367,0.3443361556500532,1.04,0.67,41.49,16.4,Haileytokar,198,100,False
6,10,0.08376994514074422,0.08734961644854039,0.106,0.08506681865665149,0.26175,0.3269070493202957,1.06,0.68,41.49,16.4,Haileytokar,198,100,False
7,10,0.08332153760392753,0.08790207967372295,0.105,0.08572330399888264,0.26683730158730157,0.33416675691493386,1.05,0.66,41.49,16.4,Haileytokar,198,100,False
10,10,0.08311252342870999,0.08707975582261908,0.10700000000000001,0.08439325934114775,0.2620674603174603,0.32589767809985576,1.07,0.67,41.49,16.4,Haileytokar,198,100,False
8,10,0.08310162508571806,0.08735548055815204,0.10700000000000001,0.08791065253018446,0.26151984126984124,0.3264647440354187,1.07,0.67,41.49,16.4,Haileytokar,198,100,False
12,10,0.08300299858527437,0.08639983392949485,0.10800000000000001,0.08370221386594623,0.26413492063492067,0.3266485570692008,1.08,0.66,41.49,16.4,Haileytokar,198,100,False
9,10,0.0825815275726269,0.08749612231760208,0.10700000000000001,0.08675403521602108,0.261218253968254,0.32602895118508907,1.07,0.66,41.49,16.4,Haileytokar,198,100,False
13,10,0.08220063184630472,0.08641902103247188,0.10700000000000001,0.08318775162367367,0.2658015873015873,0.3274294563745228,1.07,0.64,41.49,16.4,Haileytokar,198,100,False
15,10,0.08117991634950635,0.08334193559375877,0.10700000000000001,0.08072274534579221,0.2581349206349206,0.31257648307814556,1.07,0.65,41.49,16.4,Haileytokar,198,100,False
18,10,0.07794311615929018,0.07989272890448725,0.105,0.08087276451565163,0.24526984126984125,0.30149316311749597,1.05,0.63,41.49,16.4,Haileytokar,198,100,False
17,10,0.07767494898851365,0.08051821394495283,0.10400000000000001,0.08155062875603752,0.24593650793650795,0.3030994171700654,1.04,0.62,41.49,16.4,Haileytokar,198,100,False
20,10,0.07720430816474454,0.07938363568212756,0.105,0.08087276451565163,0.24414285714285713,0.30015537890716254,1.05,0.62,41.49,16.4,Haileytokar,198,100,False
3,10,0.06406810639613292,0.08441862664938504,0.07200000000000001,0.08174856746652066,0.1946388888888889,0.29442575535661347,0.72,0.55,41.49,16.4,Haileytokar,198,100,False
-2,10,0.0620471883872077,0.0709157255754776,0.08,0.08645662192537641,0.14192857142857143,0.15265204873828975,0.8,0.6,41.49,16.4,Haileytokar,198,100,False
-3,10,0.06178111360886453,0.07310048988232615,0.079,0.08795660086863089,0.14289285714285715,0.15787251359885365,0.79,0.58,41.49,16.4,Haileytokar,198,100,False
-4,10,0.059883983156411365,0.07441027134986403,0.075,0.08918825850158446,0.13720238095238094,0.16169932585662028,0.75,0.56,41.49,16.4,Haileytokar,198,100,False
-5,10,0.0560859387365203,0.07477459787751033,0.069,0.0895499409223251,0.13023015873015872,0.16409882701842157,0.69,0.51,41.49,16.4,Haileytokar,198,100,False
-1,10,0.05562449901093076,0.06068320223361308,0.079,0.08077278269468266,0.1185515873015873,0.11201886139682894,0.79,0.59,41.49,16.4,Haileytokar,198,100,False
0,10,0.05452537728166321,0.05821536923205001,0.079,0.07951240294584375,0.10290079365079365,0.0948743570872779,0.79,0.64,41.49,16.4,Haileytokar,198,100,False
