uncertainty_weight,k,avg_precision_at_k,std_precision_at_k,avg_hit_rate,std_hit_rate,avg_hits,baseline_avg_precision_at_k,baseline_std_precision_at_k,baseline_avg_hit_rate,baseline_std_hit_rate,baseline_avg_hits,feature_set,numeric_features,n_numeric_features,n_runs,clip_predictions,svd_explained_variance
14,5,0.6,0.1835325870964494,0.09375,0.028676966733820225,3.0,0.17,0.1341640786499874,0.0265625,0.02096313728906053,0.85,combo_mean_popularity_watching,"mean, popularity, watching",3,20,False,0.40687277196386595
14,5,0.5900000000000001,0.2100125309544522,0.0921875,0.03281445796163315,2.95,0.17,0.1341640786499874,0.0265625,0.02096313728906053,0.85,combo_mean_popularity_watching_dropped,"mean, popularity, watching, dropped",4,20,False,0.40687277196386595
14,5,0.56,0.2112618729145617,0.0875,0.03300966764290027,2.8,0.17,0.1341640786499874,0.0265625,0.02096313728906053,0.85,combo_mean_popularity_dropped,"mean, popularity, dropped",3,20,False,0.40687277196386595
14,5,0.54,0.19574419397183715,0.084375,0.03058503030809956,2.7,0.17,0.1341640786499874,0.0265625,0.02096313728906053,0.85,combo_mean_popularity_on_hold,"mean, popularity, on_hold",3,20,False,0.40687277196386595
14,5,0.54,0.19574419397183718,0.084375,0.030585030308099562,2.7,0.17,0.1341640786499874,0.0265625,0.02096313728906053,0.85,combo_mean_popularity_watching_on_hold,"mean, popularity, watching, on_hold",4,20,False,0.40687277196386595
14,5,0.53,0.19761738683361685,0.0828125,0.030877716692752636,2.65,0.17,0.1341640786499874,0.0265625,0.02096313728906053,0.85,combo_mean_popularity_on_hold_dropped,"mean, popularity, on_hold, dropped",4,20,False,0.40687277196386595
14,5,0.52,0.21908902300206642,0.08125,0.03423265984407288,2.6,0.17,0.1341640786499874,0.0265625,0.02096313728906053,0.85,combo_mean_watching,"mean, watching",2,20,False,0.40687277196386595
14,5,0.51,0.21001253095445216,0.0796875,0.032814457961633146,2.55,0.17,0.1341640786499874,0.0265625,0.02096313728906053,0.85,combo_mean_popularity_watching_completed,"mean, popularity, watching, completed",4,20,False,0.40687277196386595
14,5,0.51,0.21001253095445216,0.0796875,0.03281445796163315,2.55,0.17,0.1341640786499874,0.0265625,0.02096313728906053,0.85,combo_mean_popularity_watching_completed_dropped,"mean, popularity, watching, completed, dropped",5,20,False,0.40687277196386595
14,5,0.51,0.17740824166460337,0.0796875,0.027720037760094282,2.55,0.17,0.1341640786499874,0.0265625,0.02096313728906053,0.85,combo_mean_popularity_watching_on_hold_dropped,"mean, popularity, watching, on_hold, dropped",5,20,False,0.40687277196386595
14,5,0.49000000000000005,0.199736668746891,0.0765625,0.03120885449170172,2.45,0.17,0.1341640786499874,0.0265625,0.02096313728906053,0.85,combo_mean_popularity_statistics_num_list_users_watching,"mean, popularity, statistics_num_list_users, watching",4,20,False,0.40687277196386595
14,5,0.49000000000000005,0.2291862033139728,0.0765625,0.035810344267808256,2.45,0.17,0.1341640786499874,0.0265625,0.02096313728906053,0.85,combo_mean_popularity_statistics_num_list_users_completed,"mean, popularity, statistics_num_list_users, completed",4,20,False,0.40687277196386595
14,5,0.49000000000000005,0.23819496658255215,0.0765625,0.03721796352852378,2.45,0.17,0.1341640786499874,0.0265625,0.02096313728906053,0.85,combo_mean_popularity_statistics_num_list_users_on_hold,"mean, popularity, statistics_num_list_users, on_hold",4,20,False,0.40687277196386595
14,5,0.49000000000000005,0.2291862033139728,0.0765625,0.03581034426780825,2.45,0.17,0.1341640786499874,0.0265625,0.02096313728906053,0.85,combo_mean_popularity_completed_on_hold,"mean, popularity, completed, on_hold",4,20,False,0.40687277196386595
14,5,0.49000000000000005,0.21001253095445216,0.0765625,0.03281445796163315,2.45,0.17,0.1341640786499874,0.0265625,0.02096313728906053,0.85,combo_mean_popularity_statistics_num_list_users_watching_completed,"mean, popularity, statistics_num_list_users, watching, completed",5,20,False,0.40687277196386595
14,5,0.49000000000000005,0.199736668746891,0.0765625,0.031208854491701715,2.45,0.17,0.1341640786499874,0.0265625,0.02096313728906053,0.85,combo_mean_popularity_statistics_num_list_users_watching_dropped,"mean, popularity, statistics_num_list_users, watching, dropped",5,20,False,0.40687277196386595
14,5,0.49000000000000005,0.2291862033139728,0.0765625,0.03581034426780825,2.45,0.17,0.1341640786499874,0.0265625,0.02096313728906053,0.85,combo_mean_popularity_statistics_num_list_users_completed_dropped,"mean, popularity, statistics_num_list_users, completed, dropped",5,20,False,0.40687277196386595
14,5,0.49000000000000005,0.2291862033139728,0.0765625,0.035810344267808256,2.45,0.17,0.1341640786499874,0.0265625,0.02096313728906053,0.85,combo_mean_popularity_statistics_num_list_users_on_hold_dropped,"mean, popularity, statistics_num_list_users, on_hold, dropped",5,20,False,0.40687277196386595
14,5,0.49000000000000005,0.199736668746891,0.0765625,0.031208854491701715,2.45,0.17,0.1341640786499874,0.0265625,0.02096313728906053,0.85,combo_mean_popularity_statistics_num_list_users_watching_completed_dropped,"mean, popularity, statistics_num_list_users, watching, completed, dropped",6,20,False,0.40687277196386595
14,5,0.48,0.1880649383926509,0.075,0.029385146623851704,2.4,0.17,0.1341640786499874,0.0265625,0.02096313728906053,0.85,combo_mean_popularity_on_hold_plan_to_watch,"mean, popularity, on_hold, plan_to_watch",4,20,False,0.40687277196386595
14,5,0.48,0.17651599003161753,0.075,0.027580623442440243,2.4,0.17,0.1341640786499874,0.0265625,0.02096313728906053,0.85,combo_mean_popularity_statistics_num_list_users_watching_completed_on_hold,"mean, popularity, statistics_num_list_users, watching, completed, on_hold",6,20,False,0.40687277196386595
14,5,0.47000000000000003,0.16254554017744982,0.0734375,0.025397740652726524,2.35,,,,,,combo_popularity_on_hold_dropped,"popularity, on_hold, dropped",3,20,False,0.40687277196386595
14,5,0.47000000000000003,0.21788456625132102,0.0734375,0.03404446347676892,2.35,0.17,0.1341640786499874,0.0265625,0.02096313728906053,0.85,combo_mean_popularity_statistics_num_list_users_dropped,"mean, popularity, statistics_num_list_users, dropped",4,20,False,0.40687277196386595
14,5,0.47000000000000003,0.1750187959830841,0.0734375,0.027346686872356894,2.35,0.17,0.1341640786499874,0.0265625,0.02096313728906053,0.85,combo_mean_popularity_statistics_num_list_users_watching_on_hold,"mean, popularity, statistics_num_list_users, watching, on_hold",5,20,False,0.40687277196386595
14,5,0.47000000000000003,0.19761738683361685,0.0734375,0.030877716692752636,2.35,0.17,0.1341640786499874,0.0265625,0.02096313728906053,0.85,combo_mean_popularity_statistics_num_list_users_completed_on_hold,"mean, popularity, statistics_num_list_users, completed, on_hold",5,20,False,0.40687277196386595
14,5,0.47000000000000003,0.20799797569865153,0.0734375,0.032499683702914305,2.35,0.17,0.1341640786499874,0.0265625,0.02096313728906053,0.85,combo_mean_popularity_statistics_num_list_users_completed_plan_to_watch,"mean, popularity, statistics_num_list_users, completed, plan_to_watch",5,20,False,0.40687277196386595
14,5,0.47000000000000003,0.1866604008973459,0.0734375,0.0291656876402103,2.35,0.17,0.1341640786499874,0.0265625,0.02096313728906053,0.85,combo_mean_popularity_watching_completed_on_hold,"mean, popularity, watching, completed, on_hold",5,20,False,0.40687277196386595
14,5,0.4600000000000001,0.19574419397183718,0.071875,0.030585030308099552,2.3,0.17,0.1341640786499874,0.0265625,0.02096313728906053,0.85,combo_mean_popularity_completed,"mean, popularity, completed",3,20,False,0.40687277196386595
14,5,0.4600000000000001,0.21618705350983242,0.071875,0.033779227110911324,2.3,0.17,0.1341640786499874,0.0265625,0.02096313728906053,0.85,combo_mean_popularity_completed_dropped,"mean, popularity, completed, dropped",4,20,False,0.40687277196386595
14,5,0.45999999999999996,0.1729009451741235,0.071875,0.027015772683456795,2.3,0.17,0.1341640786499874,0.0265625,0.02096313728906053,0.85,combo_mean_popularity_statistics_num_list_users,"mean, popularity, statistics_num_list_users",3,20,False,0.40687277196386595
14,5,0.45999999999999996,0.16026294183720635,0.071875,0.025041084662063492,2.3,0.17,0.1341640786499874,0.0265625,0.02096313728906053,0.85,combo_mean_popularity_plan_to_watch,"mean, popularity, plan_to_watch",3,20,False,0.40687277196386595
14,5,0.45999999999999996,0.18467610337532772,0.071875,0.02885564115239496,2.3,0.17,0.1341640786499874,0.0265625,0.02096313728906053,0.85,combo_mean_popularity_dropped_plan_to_watch,"mean, popularity, dropped, plan_to_watch",4,20,False,0.40687277196386595
14,5,0.45999999999999996,0.1729009451741235,0.071875,0.0270157726834568,2.3,0.17,0.1341640786499874,0.0265625,0.02096313728906053,0.85,combo_mean_popularity_watching_completed_on_hold_dropped,"mean, popularity, watching, completed, on_hold, dropped",6,20,False,0.40687277196386595
14,5,0.45,0.1933091333916522,0.0703125,0.030204552092445654,2.25,0.17,0.1341640786499874,0.0265625,0.02096313728906053,0.85,combo_mean_watching_dropped,"mean, watching, dropped",3,20,False,0.40687277196386595
14,5,0.45,0.19330913339165215,0.0703125,0.030204552092445658,2.25,0.17,0.1341640786499874,0.0265625,0.02096313728906053,0.85,combo_mean_popularity_statistics_num_list_users_plan_to_watch,"mean, popularity, statistics_num_list_users, plan_to_watch",4,20,False,0.40687277196386595
14,5,0.45,0.19330913339165215,0.0703125,0.030204552092445658,2.25,0.17,0.1341640786499874,0.0265625,0.02096313728906053,0.85,combo_mean_popularity_completed_plan_to_watch,"mean, popularity, completed, plan_to_watch",4,20,False,0.40687277196386595
14,5,0.45,0.19330913339165218,0.0703125,0.030204552092445654,2.25,0.17,0.1341640786499874,0.0265625,0.02096313728906053,0.85,combo_mean_popularity_completed_on_hold_dropped,"mean, popularity, completed, on_hold, dropped",5,20,False,0.40687277196386595
14,5,0.45,0.1933091333916522,0.0703125,0.030204552092445654,2.25,0.17,0.1341640786499874,0.0265625,0.02096313728906053,0.85,combo_mean_popularity_on_hold_dropped_plan_to_watch,"mean, popularity, on_hold, dropped, plan_to_watch",5,20,False,0.40687277196386595
14,5,0.45,0.19330913339165218,0.0703125,0.030204552092445654,2.25,0.17,0.1341640786499874,0.0265625,0.02096313728906053,0.85,combo_mean_popularity_statistics_num_list_users_completed_on_hold_dropped,"mean, popularity, statistics_num_list_users, completed, on_hold, dropped",6,20,False,0.40687277196386595
14,5,0.43,0.18666040089734592,0.0671875,0.029165687640210304,2.15,0.17,0.1341640786499874,0.0265625,0.02096313728906053,0.85,combo_mean_popularity_statistics_num_list_users_on_hold_plan_to_watch,"mean, popularity, statistics_num_list_users, on_hold, plan_to_watch",5,20,False,0.40687277196386595
14,5,0.42000000000000004,0.17044832524535808,0.065625,0.026632550819587198,2.1,,,,,,combo_popularity_watching_dropped,"popularity, watching, dropped",3,20,False,0.40687277196386595
14,5,0.42000000000000004,0.17044832524535808,0.065625,0.026632550819587198,2.1,0.17,0.1341640786499874,0.0265625,0.02096313728906053,0.85,combo_mean_popularity_watching_plan_to_watch,"mean, popularity, watching, plan_to_watch",4,20,False,0.40687277196386595
14,5,0.42000000000000004,0.15761378513048246,0.065625,0.024627153926637883,2.1,,,,,,combo_popularity_statistics_num_list_users_completed_dropped,"popularity, statistics_num_list_users, completed, dropped",4,20,False,0.40687277196386595
14,5,0.42000000000000004,0.15761378513048246,0.065625,0.024627153926637887,2.1,,,,,,combo_popularity_statistics_num_list_users_on_hold_dropped,"popularity, statistics_num_list_users, on_hold, dropped",4,20,False,0.40687277196386595
14,5,0.42000000000000004,0.19358120830939743,0.065625,0.030247063798343344,2.1,,,,,,combo_popularity_completed_on_hold_dropped,"popularity, completed, on_hold, dropped",4,20,False,0.40687277196386595
14,5,0.42000000000000004,0.15761378513048246,0.065625,0.024627153926637887,2.1,0.17,0.1341640786499874,0.0265625,0.02096313728906053,0.85,combo_mean_popularity_statistics_num_list_users_watching_completed_on_hold_dropped,"mean, popularity, statistics_num_list_users, watching, completed, on_hold, dropped",7,20,False,0.40687277196386595
14,5,0.41,0.16511558949637928,0.0640625,0.025799310858809266,2.05,,,,,,combo_popularity_watching_on_hold_dropped,"popularity, watching, on_hold, dropped",4,20,False,0.40687277196386595
14,5,0.41,0.199736668746891,0.0640625,0.03120885449170172,2.05,0.17,0.1341640786499874,0.0265625,0.02096313728906053,0.85,combo_mean_popularity_completed_on_hold_plan_to_watch,"mean, popularity, completed, on_hold, plan_to_watch",5,20,False,0.40687277196386595
14,5,0.41,0.1651155894963793,0.0640625,0.025799310858809266,2.05,,,,,,combo_popularity_statistics_num_list_users_completed_on_hold_dropped,"popularity, statistics_num_list_users, completed, on_hold, dropped",5,20,False,0.40687277196386595
14,5,0.41,0.15183093090324964,0.0640625,0.02372358295363276,2.05,0.17,0.1341640786499874,0.0265625,0.02096313728906053,0.85,combo_mean_popularity_statistics_num_list_users_watching_on_hold_dropped,"mean, popularity, statistics_num_list_users, watching, on_hold, dropped",6,20,False,0.40687277196386595
14,5,0.41,0.199736668746891,0.0640625,0.03120885449170172,2.05,0.17,0.1341640786499874,0.0265625,0.02096313728906053,0.85,combo_mean_popularity_statistics_num_list_users_completed_on_hold_plan_to_watch,"mean, popularity, statistics_num_list_users, completed, on_hold, plan_to_watch",6,20,False,0.40687277196386595
14,5,0.4,0.19466570535691505,0.0625,0.030416516462017977,2.0,0.17,0.1341640786499874,0.0265625,0.02096313728906053,0.85,combo_mean_popularity_statistics_num_list_users_dropped_plan_to_watch,"mean, popularity, statistics_num_list_users, dropped, plan_to_watch",5,20,False,0.40687277196386595
14,5,0.4,0.20519567041703082,0.0625,0.03206182350266107,2.0,0.17,0.1341640786499874,0.0265625,0.02096313728906053,0.85,combo_mean_popularity_statistics_num_list_users_completed_dropped_plan_to_watch,"mean, popularity, statistics_num_list_users, completed, dropped, plan_to_watch",6,20,False,0.40687277196386595
14,5,0.39,0.17740824166460337,0.0609375,0.02772003776009428,1.95,,,,,,combo_popularity,popularity,1,20,False,0.40687277196386595
14,5,0.39,0.1889026482776665,0.0609375,0.029516038793385397,1.95,0.17,0.1341640786499874,0.0265625,0.02096313728906053,0.85,combo_mean_statistics_num_list_users_completed,"mean, statistics_num_list_users, completed",3,20,False,0.40687277196386595
14,5,0.39,0.16511558949637928,0.0609375,0.025799310858809266,1.95,0.17,0.1341640786499874,0.0265625,0.02096313728906053,0.85,combo_mean_popularity_statistics_num_list_users_watching_plan_to_watch,"mean, popularity, statistics_num_list_users, watching, plan_to_watch",5,20,False,0.40687277196386595
14,5,0.39,0.17740824166460337,0.0609375,0.02772003776009428,1.95,0.17,0.1341640786499874,0.0265625,0.02096313728906053,0.85,combo_mean_popularity_watching_on_hold_plan_to_watch,"mean, popularity, watching, on_hold, plan_to_watch",5,20,False,0.40687277196386595
14,5,0.38,0.19358120830939743,0.059375,0.030247063798343347,1.9,0.17,0.1341640786499874,0.0265625,0.02096313728906053,0.85,combo_mean_statistics_num_list_users_completed_dropped,"mean, statistics_num_list_users, completed, dropped",4,20,False,0.40687277196386595
14,5,0.38,0.15761378513048246,0.059375,0.024627153926637887,1.9,0.17,0.1341640786499874,0.0265625,0.02096313728906053,0.85,combo_mean_popularity_watching_completed_plan_to_watch,"mean, popularity, watching, completed, plan_to_watch",5,20,False,0.40687277196386595
14,5,0.38,0.17044832524535808,0.059375,0.026632550819587198,1.9,0.17,0.1341640786499874,0.0265625,0.02096313728906053,0.85,combo_mean_popularity_watching_dropped_plan_to_watch,"mean, popularity, watching, dropped, plan_to_watch",5,20,False,0.40687277196386595
14,5,0.38,0.15761378513048246,0.059375,0.024627153926637887,1.9,0.17,0.1341640786499874,0.0265625,0.02096313728906053,0.85,combo_mean_popularity_statistics_num_list_users_watching_completed_plan_to_watch,"mean, popularity, statistics_num_list_users, watching, completed, plan_to_watch",6,20,False,0.40687277196386595
14,5,0.38,0.18238190122579828,0.059375,0.028497172066530983,1.9,0.17,0.1341640786499874,0.0265625,0.02096313728906053,0.85,combo_mean_popularity_statistics_num_list_users_on_hold_dropped_plan_to_watch,"mean, popularity, statistics_num_list_users, on_hold, dropped, plan_to_watch",6,20,False,0.40687277196386595
14,5,0.37,0.1750187959830841,0.0578125,0.027346686872356887,1.85,0.17,0.1341640786499874,0.0265625,0.02096313728906053,0.85,combo_mean_popularity,"mean, popularity",2,20,False,0.40687277196386595
14,5,0.37,0.1625455401774498,0.0578125,0.02539774065272653,1.85,,,,,,combo_popularity_statistics_num_list_users_dropped,"popularity, statistics_num_list_users, dropped",3,20,False,0.40687277196386595
14,5,0.36,0.2112618729145617,0.05625,0.03300966764290027,1.8,,,,,,combo_popularity_completed,"popularity, completed",2,20,False,0.40687277196386595
14,5,0.36,0.1788854381999832,0.05625,0.02795084971874737,1.8,,,,,,combo_popularity_dropped,"popularity, dropped",2,20,False,0.40687277196386595
14,5,0.36,0.16670175069329815,0.05625,0.02604714854582783,1.8,0.17,0.1341640786499874,0.0265625,0.02096313728906053,0.85,combo_mean_popularity_completed_dropped_plan_to_watch,"mean, popularity, completed, dropped, plan_to_watch",5,20,False,0.40687277196386595
14,5,0.35,0.1820930936000652,0.0546875,0.028452045875010188,1.75,0.17,0.1341640786499874,0.0265625,0.02096313728906053,0.85,combo_mean_dropped,"mean, dropped",2,20,False,0.40687277196386595
14,5,0.35,0.17013926184468012,0.0546875,0.02658425966323127,1.75,,,,,,combo_popularity_completed_dropped,"popularity, completed, dropped",3,20,False,0.40687277196386595
14,5,0.34,0.16026294183720638,0.053125,0.025041084662063492,1.7,,,,,,combo_popularity_watching,"popularity, watching",2,20,False,0.40687277196386595
14,5,0.34,0.19574419397183718,0.053125,0.030585030308099555,1.7,0.17,0.1341640786499874,0.0265625,0.02096313728906053,0.85,combo_mean_statistics_num_list_users_dropped,"mean, statistics_num_list_users, dropped",3,20,False,0.40687277196386595
14,5,0.34,0.21618705350983244,0.053125,0.033779227110911324,1.7,0.17,0.1341640786499874,0.0265625,0.02096313728906053,0.85,combo_mean_watching_on_hold,"mean, watching, on_hold",3,20,False,0.40687277196386595
14,5,0.34,0.19574419397183718,0.053125,0.030585030308099555,1.7,0.17,0.1341640786499874,0.0265625,0.02096313728906053,0.85,combo_mean_completed_dropped,"mean, completed, dropped",3,20,False,0.40687277196386595
14,5,0.34,0.1465390194130093,0.053125,0.022896721783282704,1.7,,,,,,combo_popularity_statistics_num_list_users_watching_completed_dropped,"popularity, statistics_num_list_users, watching, completed, dropped",5,20,False,0.40687277196386595
14,5,0.34,0.16026294183720635,0.053125,0.025041084662063492,1.7,0.17,0.1341640786499874,0.0265625,0.02096313728906053,0.85,combo_mean_popularity_completed_on_hold_dropped_plan_to_watch,"mean, popularity, completed, on_hold, dropped, plan_to_watch",6,20,False,0.40687277196386595
14,5,0.33999999999999997,0.1729009451741235,0.053125,0.0270157726834568,1.7,0.17,0.1341640786499874,0.0265625,0.02096313728906053,0.85,combo_mean_popularity_watching_on_hold_dropped_plan_to_watch,"mean, popularity, watching, on_hold, dropped, plan_to_watch",6,20,False,0.40687277196386595
14,5,0.32999999999999996,0.1976173868336169,0.0515625,0.030877716692752633,1.65,,,,,,combo_popularity_statistics_num_list_users,"popularity, statistics_num_list_users",2,20,False,0.40687277196386595
14,5,0.32999999999999996,0.1625455401774498,0.0515625,0.02539774065272653,1.65,0.17,0.1341640786499874,0.0265625,0.02096313728906053,0.85,combo_mean_on_hold_dropped,"mean, on_hold, dropped",3,20,False,0.40687277196386595
14,5,0.32999999999999996,0.19761738683361688,0.0515625,0.030877716692752633,1.65,,,,,,combo_popularity_statistics_num_list_users_completed,"popularity, statistics_num_list_users, completed",3,20,False,0.40687277196386595
14,5,0.32999999999999996,0.1490319640741189,0.0515625,0.02328624438658108,1.65,0.17,0.1341640786499874,0.0265625,0.02096313728906053,0.85,combo_mean_watching_completed_dropped,"mean, watching, completed, dropped",4,20,False,0.40687277196386595
14,5,0.32,0.17651599003161755,0.05,0.027580623442440243,1.6,0.17,0.1341640786499874,0.0265625,0.02096313728906053,0.85,combo_mean_statistics_num_list_users,"mean, statistics_num_list_users",2,20,False,0.40687277196386595
14,5,0.32,0.1880649383926509,0.05,0.029385146623851704,1.6,0.17,0.1341640786499874,0.0265625,0.02096313728906053,0.85,combo_mean_completed,"mean, completed",2,20,False,0.40687277196386595
14,5,0.32,0.11964860832322376,0.05,0.018695095050503714,1.6,0.17,0.1341640786499874,0.0265625,0.02096313728906053,0.85,combo_mean_watching_completed,"mean, watching, completed",3,20,False,0.40687277196386595
14,5,0.32,0.1361114094757441,0.05,0.021267407730585015,1.6,,,,,,combo_popularity_statistics_num_list_users_watching_on_hold_dropped,"popularity, statistics_num_list_users, watching, on_hold, dropped",5,20,False,0.40687277196386595
14,5,0.31,0.18890264827766653,0.0484375,0.029516038793385393,1.55,0.17,0.1341640786499874,0.0265625,0.02096313728906053,0.85,combo_mean_on_hold,"mean, on_hold",2,20,False,0.40687277196386595
14,5,0.31,0.1651155894963793,0.0484375,0.025799310858809262,1.55,0.17,0.1341640786499874,0.0265625,0.02096313728906053,0.85,combo_mean_statistics_num_list_users_on_hold,"mean, statistics_num_list_users, on_hold",3,20,False,0.40687277196386595
14,5,0.31,0.15183093090324964,0.0484375,0.023723582953632756,1.55,0.17,0.1341640786499874,0.0265625,0.02096313728906053,0.85,combo_mean_statistics_num_list_users_on_hold_dropped,"mean, statistics_num_list_users, on_hold, dropped",4,20,False,0.40687277196386595
14,5,0.31,0.18890264827766653,0.0484375,0.029516038793385393,1.55,0.17,0.1341640786499874,0.0265625,0.02096313728906053,0.85,combo_mean_watching_on_hold_dropped,"mean, watching, on_hold, dropped",4,20,False,0.40687277196386595
14,5,0.31,0.13726654823065193,0.0484375,0.021447898161039362,1.55,,,,,,combo_popularity_statistics_num_list_users_watching_dropped,"popularity, statistics_num_list_users, watching, dropped",4,20,False,0.40687277196386595
14,5,0.31,0.15183093090324964,0.0484375,0.023723582953632756,1.55,0.17,0.1341640786499874,0.0265625,0.02096313728906053,0.85,combo_mean_statistics_num_list_users_completed_on_hold_dropped,"mean, statistics_num_list_users, completed, on_hold, dropped",5,20,False,0.40687277196386595
14,5,0.31,0.16511558949637928,0.0484375,0.025799310858809266,1.55,0.17,0.1341640786499874,0.0265625,0.02096313728906053,0.85,combo_mean_popularity_statistics_num_list_users_watching_on_hold_plan_to_watch,"mean, popularity, statistics_num_list_users, watching, on_hold, plan_to_watch",6,20,False,0.40687277196386595
14,5,0.31,0.16511558949637928,0.0484375,0.025799310858809266,1.55,0.17,0.1341640786499874,0.0265625,0.02096313728906053,0.85,combo_mean_popularity_watching_completed_on_hold_plan_to_watch,"mean, popularity, watching, completed, on_hold, plan_to_watch",6,20,False,0.40687277196386595
14,5,0.31,0.16511558949637928,0.0484375,0.025799310858809266,1.55,0.17,0.1341640786499874,0.0265625,0.02096313728906053,0.85,combo_mean_popularity_statistics_num_list_users_watching_completed_on_hold_plan_to_watch,"mean, popularity, statistics_num_list_users, watching, completed, on_hold, plan_to_watch",7,20,False,0.40687277196386595
14,5,0.3,0.15217718205053643,0.046875,0.023777684695396314,1.5,,,,,,combo_popularity_on_hold,"popularity, on_hold",2,20,False,0.40687277196386595
14,5,0.3,0.10259783520851541,0.046875,0.01603091175133053,1.5,0.17,0.1341640786499874,0.0265625,0.02096313728906053,0.85,combo_mean_statistics_num_list_users_watching,"mean, statistics_num_list_users, watching",3,20,False,0.40687277196386595
14,5,0.3,0.17770466332772772,0.046875,0.027766353644957453,1.5,0.17,0.1341640786499874,0.0265625,0.02096313728906053,0.85,combo_mean_completed_on_hold,"mean, completed, on_hold",3,20,False,0.40687277196386595
14,5,0.3,0.10259783520851541,0.046875,0.01603091175133053,1.5,0.17,0.1341640786499874,0.0265625,0.02096313728906053,0.85,combo_mean_statistics_num_list_users_watching_completed,"mean, statistics_num_list_users, watching, completed",4,20,False,0.40687277196386595
14,5,0.3,0.15217718205053643,0.046875,0.023777684695396314,1.5,0.17,0.1341640786499874,0.0265625,0.02096313728906053,0.85,combo_mean_completed_on_hold_dropped,"mean, completed, on_hold, dropped",4,20,False,0.40687277196386595
14,5,0.3,0.1521771820505364,0.046875,0.023777684695396317,1.5,,,,,,combo_popularity_statistics_num_list_users_watching_completed_on_hold_dropped,"popularity, statistics_num_list_users, watching, completed, on_hold, dropped",6,20,False,0.40687277196386595
14,5,0.3,0.15217718205053643,0.046875,0.023777684695396314,1.5,0.17,0.1341640786499874,0.0265625,0.02096313728906053,0.85,combo_mean_popularity_statistics_num_list_users_completed_on_hold_dropped_plan_to_watch,"mean, popularity, statistics_num_list_users, completed, on_hold, dropped, plan_to_watch",7,20,False,0.40687277196386595
14,5,0.29000000000000004,0.13726654823065193,0.0453125,0.021447898161039362,1.45,0.17,0.1341640786499874,0.0265625,0.02096313728906053,0.85,combo_mean,mean,1,20,False,0.40687277196386595
14,5,0.29000000000000004,0.15183093090324964,0.0453125,0.023723582953632756,1.45,,,,,,combo_popularity_statistics_num_list_users_completed_on_hold,"popularity, statistics_num_list_users, completed, on_hold",4,20,False,0.40687277196386595
14,5,0.29000000000000004,0.13726654823065193,0.0453125,0.021447898161039366,1.45,,,,,,combo_popularity_watching_completed_dropped,"popularity, watching, completed, dropped",4,20,False,0.40687277196386595
14,5,0.28,0.16415653633362465,0.04375,0.02564945880212885,1.4,,,,,,combo_popularity_statistics_num_list_users_on_hold,"popularity, statistics_num_list_users, on_hold",3,20,False,0.40687277196386595
14,5,0.28,0.16415653633362465,0.04375,0.02564945880212885,1.4,,,,,,combo_popularity_completed_on_hold,"popularity, completed, on_hold",3,20,False,0.40687277196386595
14,5,0.28,0.10052493799000695,0.04375,0.015707021560938582,1.4,,,,,,combo_popularity_statistics_num_list_users_completed_plan_to_watch,"popularity, statistics_num_list_users, completed, plan_to_watch",4,20,False,0.40687277196386595
14,5,0.28,0.16415653633362465,0.04375,0.02564945880212885,1.4,0.17,0.1341640786499874,0.0265625,0.02096313728906053,0.85,combo_mean_popularity_statistics_num_list_users_watching_dropped_plan_to_watch,"mean, popularity, statistics_num_list_users, watching, dropped, plan_to_watch",6,20,False,0.40687277196386595
14,5,0.27999999999999997,0.1507874069850104,0.04375,0.023560532341407873,1.4,0.17,0.1341640786499874,0.0265625,0.02096313728906053,0.85,combo_mean_statistics_num_list_users_completed_on_hold,"mean, statistics_num_list_users, completed, on_hold",4,20,False,0.40687277196386595
14,5,0.27,0.09787209698591859,0.0421875,0.015292515154049774,1.35,0.17,0.1341640786499874,0.0265625,0.02096313728906053,0.85,combo_mean_statistics_num_list_users_watching_dropped,"mean, statistics_num_list_users, watching, dropped",4,20,False,0.40687277196386595
14,5,0.27,0.16254554017744982,0.0421875,0.025397740652726528,1.35,0.17,0.1341640786499874,0.0265625,0.02096313728906053,0.85,combo_mean_popularity_watching_completed_dropped_plan_to_watch,"mean, popularity, watching, completed, dropped, plan_to_watch",6,20,False,0.40687277196386595
14,5,0.27,0.16254554017744982,0.0421875,0.025397740652726528,1.35,0.17,0.1341640786499874,0.0265625,0.02096313728906053,0.85,combo_mean_popularity_statistics_num_list_users_watching_completed_dropped_plan_to_watch,"mean, popularity, statistics_num_list_users, watching, completed, dropped, plan_to_watch",7,20,False,0.40687277196386595
14,5,0.26,0.1729009451741235,0.040625,0.027015772683456795,1.3,,,,,,combo_on_hold_dropped,"on_hold, dropped",2,20,False,0.40687277196386595
14,5,0.26,0.1465390194130093,0.040625,0.0228967217832827,1.3,,,,,,combo_statistics_num_list_users_completed_dropped,"statistics_num_list_users, completed, dropped",3,20,False,0.40687277196386595
14,5,0.26,0.09403246919632546,0.040625,0.01469257331192585,1.3,0.17,0.1341640786499874,0.0265625,0.02096313728906053,0.85,combo_mean_statistics_num_list_users_watching_completed_dropped,"mean, statistics_num_list_users, watching, completed, dropped",5,20,False,0.40687277196386595
14,5,0.26,0.13138933706635728,0.040625,0.02052958391661832,1.3,,,,,,combo_popularity_watching_completed_on_hold_dropped,"popularity, watching, completed, on_hold, dropped",5,20,False,0.40687277196386595
14,5,0.25,0.17013926184468012,0.0390625,0.026584259663231267,1.25,,,,,,combo_on_hold,on_hold,1,20,False,0.40687277196386595
14,5,0.24000000000000005,0.1535543791899829,0.0375,0.023992871748434827,1.2,0.17,0.1341640786499874,0.0265625,0.02096313728906053,0.85,combo_mean_popularity_statistics_num_list_users_watching_on_hold_dropped_plan_to_watch,"mean, popularity, statistics_num_list_users, watching, on_hold, dropped, plan_to_watch",7,20,False,0.40687277196386595
14,5,0.24000000000000005,0.1535543791899829,0.0375,0.023992871748434827,1.2,0.17,0.1341640786499874,0.0265625,0.02096313728906053,0.85,combo_mean_popularity_watching_completed_on_hold_dropped_plan_to_watch,"mean, popularity, watching, completed, on_hold, dropped, plan_to_watch",7,20,False,0.40687277196386595
14,5,0.24000000000000005,0.1535543791899829,0.0375,0.023992871748434827,1.2,0.17,0.1341640786499874,0.0265625,0.02096313728906053,0.85,combo_mean_popularity_statistics_num_list_users_watching_completed_on_hold_dropped_plan_to_watch,"mean, popularity, statistics_num_list_users, watching, completed, on_hold, dropped, plan_to_watch",8,20,False,0.40687277196386595
14,5,0.24,0.1535543791899829,0.0375,0.02399287174843483,1.2,0.17,0.1341640786499874,0.0265625,0.02096313728906053,0.85,combo_mean_plan_to_watch,"mean, plan_to_watch",2,20,False,0.40687277196386595
14,5,0.24,0.1788854381999832,0.0375,0.027950849718747367,1.2,0.17,0.1341640786499874,0.0265625,0.02096313728906053,0.85,combo_mean_statistics_num_list_users_completed_plan_to_watch,"mean, statistics_num_list_users, completed, plan_to_watch",4,20,False,0.40687277196386595
14,5,0.23000000000000004,0.14903196407411892,0.0359375,0.023286244386581084,1.15,,,,,,combo_popularity_plan_to_watch,"popularity, plan_to_watch",2,20,False,0.40687277196386595
14,5,0.23000000000000004,0.13416407864998736,0.0359375,0.02096313728906053,1.15,,,,,,combo_popularity_dropped_plan_to_watch,"popularity, dropped, plan_to_watch",3,20,False,0.40687277196386595
14,5,0.23000000000000004,0.14903196407411892,0.0359375,0.023286244386581077,1.15,,,,,,combo_statistics_num_list_users_completed_on_hold_dropped,"statistics_num_list_users, completed, on_hold, dropped",4,20,False,0.40687277196386595
14,5,0.23000000000000004,0.14903196407411892,0.0359375,0.023286244386581077,1.15,,,,,,combo_popularity_completed_on_hold_dropped_plan_to_watch,"popularity, completed, on_hold, dropped, plan_to_watch",5,20,False,0.40687277196386595
14,5,0.22000000000000003,0.15761378513048246,0.034375,0.024627153926637883,1.1,0.17,0.1341640786499874,0.0265625,0.02096313728906053,0.85,combo_mean_completed_plan_to_watch,"mean, completed, plan_to_watch",3,20,False,0.40687277196386595
14,5,0.22000000000000003,0.15761378513048246,0.034375,0.024627153926637883,1.1,,,,,,combo_statistics_num_list_users_on_hold_dropped,"statistics_num_list_users, on_hold, dropped",3,20,False,0.40687277196386595
14,5,0.22000000000000003,0.14363696929192157,0.034375,0.022443276451862747,1.1,,,,,,combo_popularity_statistics_num_list_users_on_hold_dropped_plan_to_watch,"popularity, statistics_num_list_users, on_hold, dropped, plan_to_watch",5,20,False,0.40687277196386595
14,5,0.22000000000000003,0.14363696929192157,0.034375,0.022443276451862747,1.1,,,,,,combo_popularity_statistics_num_list_users_completed_on_hold_dropped_plan_to_watch,"popularity, statistics_num_list_users, completed, on_hold, dropped, plan_to_watch",6,20,False,0.40687277196386595
14,5,0.21000000000000002,0.13726654823065196,0.0328125,0.021447898161039366,1.05,,,,,,combo_statistics_num_list_users_completed,"statistics_num_list_users, completed",2,20,False,0.40687277196386595
14,5,0.21000000000000002,0.15183093090324964,0.0328125,0.023723582953632756,1.05,,,,,,combo_popularity_statistics_num_list_users_watching,"popularity, statistics_num_list_users, watching",3,20,False,0.40687277196386595
14,5,0.21000000000000002,0.15183093090324964,0.0328125,0.023723582953632756,1.05,,,,,,combo_popularity_watching_completed,"popularity, watching, completed",3,20,False,0.40687277196386595
14,5,0.21000000000000002,0.13726654823065193,0.0328125,0.021447898161039366,1.05,,,,,,combo_popularity_completed_plan_to_watch,"popularity, completed, plan_to_watch",3,20,False,0.40687277196386595
14,5,0.21000000000000002,0.1651155894963793,0.0328125,0.025799310858809266,1.05,,,,,,combo_watching_on_hold_dropped,"watching, on_hold, dropped",3,20,False,0.40687277196386595
14,5,0.21000000000000002,0.1209610637658599,0.0328125,0.018900166213415608,1.05,,,,,,combo_popularity_watching_dropped_plan_to_watch,"popularity, watching, dropped, plan_to_watch",4,20,False,0.40687277196386595
14,5,0.2,0.1835325870964494,0.03125,0.02867696673382022,1.0,,,,,,combo_watching_dropped,"watching, dropped",2,20,False,0.40687277196386595
14,5,0.2,0.15894388284780525,0.03125,0.024834981694969567,1.0,0.17,0.1341640786499874,0.0265625,0.02096313728906053,0.85,combo_mean_statistics_num_list_users_plan_to_watch,"mean, statistics_num_list_users, plan_to_watch",3,20,False,0.40687277196386595
14,5,0.2,0.14509525002200233,0.03125,0.022671132815937863,1.0,,,,,,combo_completed_on_hold_dropped,"completed, on_hold, dropped",3,20,False,0.40687277196386595
14,5,0.2,0.12977713690461,0.03125,0.020277677641345318,1.0,,,,,,combo_popularity_statistics_num_list_users_dropped_plan_to_watch,"popularity, statistics_num_list_users, dropped, plan_to_watch",4,20,False,0.40687277196386595
14,5,0.2,0.14509525002200233,0.03125,0.022671132815937863,1.0,,,,,,combo_popularity_completed_dropped_plan_to_watch,"popularity, completed, dropped, plan_to_watch",4,20,False,0.40687277196386595
14,5,0.2,0.14509525002200235,0.03125,0.022671132815937863,1.0,,,,,,combo_popularity_on_hold_dropped_plan_to_watch,"popularity, on_hold, dropped, plan_to_watch",4,20,False,0.40687277196386595
14,5,0.2,0.14509525002200233,0.03125,0.022671132815937863,1.0,,,,,,combo_popularity_statistics_num_list_users_completed_dropped_plan_to_watch,"popularity, statistics_num_list_users, completed, dropped, plan_to_watch",5,20,False,0.40687277196386595
14,5,0.19,0.13726654823065193,0.0296875,0.021447898161039366,0.95,0.17,0.1341640786499874,0.0265625,0.02096313728906053,0.85,combo_mean_watching_plan_to_watch,"mean, watching, plan_to_watch",3,20,False,0.40687277196386595
14,5,0.19,0.16511558949637933,0.0296875,0.025799310858809266,0.95,0.17,0.1341640786499874,0.0265625,0.02096313728906053,0.85,combo_mean_watching_completed_on_hold,"mean, watching, completed, on_hold",4,20,False,0.40687277196386595
14,5,0.19,0.1209610637658599,0.0296875,0.018900166213415608,0.95,,,,,,combo_popularity_watching_on_hold_dropped_plan_to_watch,"popularity, watching, on_hold, dropped, plan_to_watch",5,20,False,0.40687277196386595
14,5,0.18,0.14363696929192157,0.028125,0.02244327645186275,0.9,,,,,,combo_popularity_statistics_num_list_users_plan_to_watch,"popularity, statistics_num_list_users, plan_to_watch",3,20,False,0.40687277196386595
14,5,0.18,0.15761378513048246,0.028125,0.02462715392663788,0.9,,,,,,combo_statistics_num_list_users_dropped_plan_to_watch,"statistics_num_list_users, dropped, plan_to_watch",3,20,False,0.40687277196386595
14,5,0.18,0.15761378513048246,0.028125,0.02462715392663788,0.9,,,,,,combo_completed_dropped_plan_to_watch,"completed, dropped, plan_to_watch",3,20,False,0.40687277196386595
14,5,0.18,0.14363696929192157,0.028125,0.022443276451862747,0.9,,,,,,combo_popularity_statistics_num_list_users_watching_completed,"popularity, statistics_num_list_users, watching, completed",4,20,False,0.40687277196386595
14,5,0.18,0.15761378513048246,0.028125,0.02462715392663788,0.9,,,,,,combo_statistics_num_list_users_completed_dropped_plan_to_watch,"statistics_num_list_users, completed, dropped, plan_to_watch",4,20,False,0.40687277196386595
14,5,0.18,0.15761378513048246,0.028125,0.02462715392663788,0.9,,,,,,combo_statistics_num_list_users_on_hold_dropped_plan_to_watch,"statistics_num_list_users, on_hold, dropped, plan_to_watch",4,20,False,0.40687277196386595
14,5,0.18,0.15761378513048246,0.028125,0.02462715392663788,0.9,,,,,,combo_completed_on_hold_dropped_plan_to_watch,"completed, on_hold, dropped, plan_to_watch",4,20,False,0.40687277196386595
14,5,0.18,0.15761378513048246,0.028125,0.02462715392663788,0.9,,,,,,combo_statistics_num_list_users_completed_on_hold_dropped_plan_to_watch,"statistics_num_list_users, completed, on_hold, dropped, plan_to_watch",5,20,False,0.40687277196386595
14,5,0.17,0.1341640786499874,0.0265625,0.020963137289060525,0.85,,,,,,combo_watching,watching,1,20,False,0.40687277196386595
14,5,0.17,0.14903196407411892,0.0265625,0.02328624438658108,0.85,,,,,,combo_popularity_watching_on_hold,"popularity, watching, on_hold",3,20,False,0.40687277196386595
14,5,0.17,0.1625455401774498,0.0265625,0.025397740652726535,0.85,,,,,,combo_on_hold_dropped_plan_to_watch,"on_hold, dropped, plan_to_watch",3,20,False,0.40687277196386595
14,5,0.17,0.1625455401774498,0.0265625,0.02539774065272653,0.85,,,,,,combo_popularity_completed_on_hold_plan_to_watch,"popularity, completed, on_hold, plan_to_watch",4,20,False,0.40687277196386595
14,5,0.17,0.14903196407411892,0.0265625,0.023286244386581084,0.85,,,,,,combo_popularity_statistics_num_list_users_watching_completed_on_hold_dropped_plan_to_watch,"popularity, statistics_num_list_users, watching, completed, on_hold, dropped, plan_to_watch",7,20,False,0.40687277196386595
14,5,0.16999999999999998,0.1750187959830841,0.0265625,0.027346686872356897,0.85,,,,,,combo_popularity_on_hold_plan_to_watch,"popularity, on_hold, plan_to_watch",3,20,False,0.40687277196386595
14,5,0.16,0.13917047478769187,0.025,0.021745386685576858,0.8,,,,,,combo_statistics_num_list_users_on_hold,"statistics_num_list_users, on_hold",2,20,False,0.40687277196386595
14,5,0.16,0.13917047478769187,0.025,0.021745386685576854,0.8,,,,,,combo_watching_on_hold,"watching, on_hold",2,20,False,0.40687277196386595
14,5,0.16,0.13917047478769187,0.025,0.021745386685576858,0.8,,,,,,combo_completed_on_hold,"completed, on_hold",2,20,False,0.40687277196386595
14,5,0.16,0.13917047478769187,0.025,0.021745386685576854,0.8,,,,,,combo_popularity_watching_plan_to_watch,"popularity, watching, plan_to_watch",3,20,False,0.40687277196386595
14,5,0.16,0.1391704747876919,0.025,0.021745386685576854,0.8,,,,,,combo_statistics_num_list_users_completed_on_hold,"statistics_num_list_users, completed, on_hold",3,20,False,0.40687277196386595
14,5,0.16,0.13917047478769187,0.025,0.021745386685576858,0.8,0.17,0.1341640786499874,0.0265625,0.02096313728906053,0.85,combo_mean_statistics_num_list_users_watching_on_hold_dropped,"mean, statistics_num_list_users, watching, on_hold, dropped",5,20,False,0.40687277196386595
14,5,0.16,0.1535543791899829,0.025,0.023992871748434823,0.8,,,,,,combo_popularity_statistics_num_list_users_watching_on_hold_dropped_plan_to_watch,"popularity, statistics_num_list_users, watching, on_hold, dropped, plan_to_watch",6,20,False,0.40687277196386595
14,5,0.16,0.1535543791899829,0.025,0.023992871748434823,0.8,,,,,,combo_popularity_watching_completed_on_hold_dropped_plan_to_watch,"popularity, watching, completed, on_hold, dropped, plan_to_watch",6,20,False,0.40687277196386595
14,5,0.15,0.12773327473170104,0.0234375,0.019958324176828284,0.75,,,,,,combo_statistics_num_list_users_dropped,"statistics_num_list_users, dropped",2,20,False,0.40687277196386595
14,5,0.15,0.12773327473170104,0.0234375,0.019958324176828284,0.75,0.17,0.1341640786499874,0.0265625,0.02096313728906053,0.85,combo_mean_statistics_num_list_users_watching_on_hold,"mean, statistics_num_list_users, watching, on_hold",4,20,False,0.40687277196386595
14,5,0.15,0.15727950313140984,0.0234375,0.024574922364282787,0.75,,,,,,combo_popularity_statistics_num_list_users_on_hold_plan_to_watch,"popularity, statistics_num_list_users, on_hold, plan_to_watch",4,20,False,0.40687277196386595
14,5,0.15,0.1432700798822758,0.0234375,0.02238594998160559,0.75,0.17,0.1341640786499874,0.0265625,0.02096313728906053,0.85,combo_mean_watching_completed_on_hold_dropped,"mean, watching, completed, on_hold, dropped",5,20,False,0.40687277196386595
14,5,0.15,0.15727950313140984,0.0234375,0.024574922364282787,0.75,,,,,,combo_popularity_statistics_num_list_users_completed_on_hold_plan_to_watch,"popularity, statistics_num_list_users, completed, on_hold, plan_to_watch",5,20,False,0.40687277196386595
14,5,0.15,0.15727950313140987,0.0234375,0.024574922364282787,0.75,,,,,,combo_statistics_num_list_users_watching_on_hold_dropped_plan_to_watch,"statistics_num_list_users, watching, on_hold, dropped, plan_to_watch",5,20,False,0.40687277196386595
14,5,0.15,0.14327007988227577,0.0234375,0.02238594998160559,0.75,,,,,,combo_watching_completed_on_hold_dropped_plan_to_watch,"watching, completed, on_hold, dropped, plan_to_watch",5,20,False,0.40687277196386595
14,5,0.15,0.12773327473170104,0.0234375,0.019958324176828284,0.75,0.17,0.1341640786499874,0.0265625,0.02096313728906053,0.85,combo_mean_statistics_num_list_users_watching_completed_on_hold_dropped,"mean, statistics_num_list_users, watching, completed, on_hold, dropped",6,20,False,0.40687277196386595
14,5,0.15,0.14327007988227577,0.0234375,0.02238594998160559,0.75,,,,,,combo_statistics_num_list_users_watching_completed_on_hold_dropped_plan_to_watch,"statistics_num_list_users, watching, completed, on_hold, dropped, plan_to_watch",6,20,False,0.40687277196386595
14,5,0.14,0.13138933706635728,0.021875,0.02052958391661832,0.7,,,,,,combo_dropped_plan_to_watch,"dropped, plan_to_watch",2,20,False,0.40687277196386595
14,5,0.14,0.1465390194130093,0.021875,0.022896721783282704,0.7,0.17,0.1341640786499874,0.0265625,0.02096313728906053,0.85,combo_mean_dropped_plan_to_watch,"mean, dropped, plan_to_watch",3,20,False,0.40687277196386595
14,5,0.14,0.1465390194130093,0.021875,0.022896721783282704,0.7,,,,,,combo_completed_on_hold_plan_to_watch,"completed, on_hold, plan_to_watch",3,20,False,0.40687277196386595
14,5,0.14,0.09403246919632545,0.021875,0.01469257331192585,0.7,0.17,0.1341640786499874,0.0265625,0.02096313728906053,0.85,combo_mean_statistics_num_list_users_watching_plan_to_watch,"mean, statistics_num_list_users, watching, plan_to_watch",4,20,False,0.40687277196386595
14,5,0.14,0.09403246919632545,0.021875,0.01469257331192585,0.7,0.17,0.1341640786499874,0.0265625,0.02096313728906053,0.85,combo_mean_watching_completed_plan_to_watch,"mean, watching, completed, plan_to_watch",4,20,False,0.40687277196386595
14,5,0.14,0.11424811411549587,0.021875,0.01785126783054623,0.7,0.17,0.1341640786499874,0.0265625,0.02096313728906053,0.85,combo_mean_watching_dropped_plan_to_watch,"mean, watching, dropped, plan_to_watch",4,20,False,0.40687277196386595
14,5,0.14,0.1465390194130093,0.021875,0.022896721783282704,0.7,,,,,,combo_statistics_num_list_users_completed_on_hold_plan_to_watch,"statistics_num_list_users, completed, on_hold, plan_to_watch",4,20,False,0.40687277196386595
14,5,0.14,0.13138933706635728,0.021875,0.02052958391661832,0.7,0.17,0.1341640786499874,0.0265625,0.02096313728906053,0.85,combo_mean_statistics_num_list_users_watching_completed_on_hold,"mean, statistics_num_list_users, watching, completed, on_hold",5,20,False,0.40687277196386595
14,5,0.14,0.09403246919632545,0.021875,0.01469257331192585,0.7,0.17,0.1341640786499874,0.0265625,0.02096313728906053,0.85,combo_mean_statistics_num_list_users_watching_completed_plan_to_watch,"mean, statistics_num_list_users, watching, completed, plan_to_watch",5,20,False,0.40687277196386595
14,5,0.14,0.13138933706635728,0.021875,0.02052958391661832,0.7,,,,,,combo_popularity_statistics_num_list_users_watching_dropped_plan_to_watch,"popularity, statistics_num_list_users, watching, dropped, plan_to_watch",5,20,False,0.40687277196386595
14,5,0.14,0.13138933706635728,0.021875,0.02052958391661832,0.7,,,,,,combo_popularity_watching_completed_dropped_plan_to_watch,"popularity, watching, completed, dropped, plan_to_watch",5,20,False,0.40687277196386595
14,5,0.14,0.13138933706635728,0.021875,0.02052958391661832,0.7,,,,,,combo_popularity_statistics_num_list_users_watching_completed_dropped_plan_to_watch,"popularity, statistics_num_list_users, watching, completed, dropped, plan_to_watch",6,20,False,0.40687277196386595
14,5,0.13,0.1341640786499874,0.0203125,0.02096313728906053,0.65,,,,,,combo_statistics_num_list_users,statistics_num_list_users,1,20,False,0.40687277196386595
14,5,0.13,0.1341640786499874,0.0203125,0.02096313728906053,0.65,0.17,0.1341640786499874,0.0265625,0.02096313728906053,0.85,combo_mean_statistics_num_list_users_on_hold_plan_to_watch,"mean, statistics_num_list_users, on_hold, plan_to_watch",4,20,False,0.40687277196386595
14,5,0.13,0.11742858972247995,0.0203125,0.018348217144137494,0.65,0.17,0.1341640786499874,0.0265625,0.02096313728906053,0.85,combo_mean_statistics_num_list_users_dropped_plan_to_watch,"mean, statistics_num_list_users, dropped, plan_to_watch",4,20,False,0.40687277196386595
14,5,0.13,0.11742858972247995,0.0203125,0.018348217144137494,0.65,0.17,0.1341640786499874,0.0265625,0.02096313728906053,0.85,combo_mean_completed_dropped_plan_to_watch,"mean, completed, dropped, plan_to_watch",4,20,False,0.40687277196386595
14,5,0.13,0.14903196407411895,0.0203125,0.02328624438658108,0.65,,,,,,combo_watching_completed_on_hold_dropped,"watching, completed, on_hold, dropped",4,20,False,0.40687277196386595
14,5,0.13,0.11742858972247995,0.0203125,0.018348217144137494,0.65,0.17,0.1341640786499874,0.0265625,0.02096313728906053,0.85,combo_mean_statistics_num_list_users_completed_dropped_plan_to_watch,"mean, statistics_num_list_users, completed, dropped, plan_to_watch",5,20,False,0.40687277196386595
14,5,0.13,0.1341640786499874,0.0203125,0.02096313728906053,0.65,0.17,0.1341640786499874,0.0265625,0.02096313728906053,0.85,combo_mean_completed_on_hold_dropped_plan_to_watch,"mean, completed, on_hold, dropped, plan_to_watch",5,20,False,0.40687277196386595
14,5,0.13,0.14903196407411892,0.0203125,0.02328624438658108,0.65,,,,,,combo_statistics_num_list_users_watching_completed_dropped_plan_to_watch,"statistics_num_list_users, watching, completed, dropped, plan_to_watch",5,20,False,0.40687277196386595
14,5,0.13,0.1341640786499874,0.0203125,0.02096313728906053,0.65,0.17,0.1341640786499874,0.0265625,0.02096313728906053,0.85,combo_mean_statistics_num_list_users_completed_on_hold_dropped_plan_to_watch,"mean, statistics_num_list_users, completed, on_hold, dropped, plan_to_watch",6,20,False,0.40687277196386595
14,5,0.12000000000000002,0.15078740698501042,0.01875,0.023560532341407873,0.6,,,,,,combo_completed,completed,1,20,False,0.40687277196386595
14,5,0.12000000000000002,0.13611140947574413,0.01875,0.021267407730585018,0.6,,,,,,combo_watching_completed,"watching, completed",2,20,False,0.40687277196386595
14,5,0.12000000000000002,0.10052493799000692,0.01875,0.015707021560938582,0.6,,,,,,combo_watching_plan_to_watch,"watching, plan_to_watch",2,20,False,0.40687277196386595
14,5,0.12000000000000002,0.11964860832322377,0.01875,0.018695095050503714,0.6,0.17,0.1341640786499874,0.0265625,0.02096313728906053,0.85,combo_mean_on_hold_plan_to_watch,"mean, on_hold, plan_to_watch",3,20,False,0.40687277196386595
14,5,0.12000000000000002,0.11964860832322377,0.01875,0.01869509505050371,0.6,,,,,,combo_statistics_num_list_users_completed_plan_to_watch,"statistics_num_list_users, completed, plan_to_watch",3,20,False,0.40687277196386595
14,5,0.12000000000000002,0.13611140947574413,0.01875,0.021267407730585018,0.6,,,,,,combo_statistics_num_list_users_on_hold_plan_to_watch,"statistics_num_list_users, on_hold, plan_to_watch",3,20,False,0.40687277196386595
14,5,0.12000000000000002,0.13611140947574416,0.01875,0.021267407730585018,0.6,0.17,0.1341640786499874,0.0265625,0.02096313728906053,0.85,combo_mean_watching_on_hold_plan_to_watch,"mean, watching, on_hold, plan_to_watch",4,20,False,0.40687277196386595
14,5,0.12000000000000002,0.11964860832322377,0.01875,0.018695095050503714,0.6,0.17,0.1341640786499874,0.0265625,0.02096313728906053,0.85,combo_mean_completed_on_hold_plan_to_watch,"mean, completed, on_hold, plan_to_watch",4,20,False,0.40687277196386595
14,5,0.12000000000000002,0.11964860832322377,0.01875,0.018695095050503714,0.6,,,,,,combo_popularity_watching_completed_on_hold,"popularity, watching, completed, on_hold",4,20,False,0.40687277196386595
14,5,0.12000000000000002,0.1507874069850104,0.01875,0.023560532341407873,0.6,,,,,,combo_statistics_num_list_users_watching_dropped_plan_to_watch,"statistics_num_list_users, watching, dropped, plan_to_watch",4,20,False,0.40687277196386595
14,5,0.12000000000000002,0.1507874069850104,0.01875,0.023560532341407873,0.6,,,,,,combo_watching_completed_dropped_plan_to_watch,"watching, completed, dropped, plan_to_watch",4,20,False,0.40687277196386595
14,5,0.12000000000000002,0.11964860832322377,0.01875,0.018695095050503714,0.6,,,,,,combo_watching_on_hold_dropped_plan_to_watch,"watching, on_hold, dropped, plan_to_watch",4,20,False,0.40687277196386595
14,5,0.12000000000000002,0.11964860832322377,0.01875,0.018695095050503714,0.6,0.17,0.1341640786499874,0.0265625,0.02096313728906053,0.85,combo_mean_statistics_num_list_users_completed_on_hold_plan_to_watch,"mean, statistics_num_list_users, completed, on_hold, plan_to_watch",5,20,False,0.40687277196386595
14,5,0.12000000000000002,0.11964860832322376,0.01875,0.018695095050503714,0.6,0.17,0.1341640786499874,0.0265625,0.02096313728906053,0.85,combo_mean_statistics_num_list_users_on_hold_dropped_plan_to_watch,"mean, statistics_num_list_users, on_hold, dropped, plan_to_watch",5,20,False,0.40687277196386595
14,5,0.12000000000000002,0.13611140947574413,0.01875,0.021267407730585018,0.6,0.17,0.1341640786499874,0.0265625,0.02096313728906053,0.85,combo_mean_watching_on_hold_dropped_plan_to_watch,"mean, watching, on_hold, dropped, plan_to_watch",5,20,False,0.40687277196386595
14,5,0.12000000000000002,0.11964860832322377,0.01875,0.018695095050503714,0.6,,,,,,combo_popularity_statistics_num_list_users_watching_completed_on_hold,"popularity, statistics_num_list_users, watching, completed, on_hold",5,20,False,0.40687277196386595
14,5,0.12000000000000002,0.13611140947574413,0.01875,0.021267407730585018,0.6,,,,,,combo_popularity_statistics_num_list_users_watching_on_hold_plan_to_watch,"popularity, statistics_num_list_users, watching, on_hold, plan_to_watch",5,20,False,0.40687277196386595
14,5,0.12000000000000002,0.13611140947574413,0.01875,0.021267407730585018,0.6,,,,,,combo_popularity_watching_completed_on_hold_plan_to_watch,"popularity, watching, completed, on_hold, plan_to_watch",5,20,False,0.40687277196386595
14,5,0.12000000000000002,0.13611140947574413,0.01875,0.021267407730585018,0.6,,,,,,combo_popularity_statistics_num_list_users_watching_completed_on_hold_plan_to_watch,"popularity, statistics_num_list_users, watching, completed, on_hold, plan_to_watch",6,20,False,0.40687277196386595
14,5,0.11000000000000001,0.1209610637658599,0.0171875,0.018900166213415608,0.55,0.17,0.1341640786499874,0.0265625,0.02096313728906053,0.85,combo_mean_on_hold_dropped_plan_to_watch,"mean, on_hold, dropped, plan_to_watch",4,20,False,0.40687277196386595
14,5,0.11000000000000001,0.1209610637658599,0.0171875,0.018900166213415608,0.55,,,,,,combo_popularity_statistics_num_list_users_watching_on_hold,"popularity, statistics_num_list_users, watching, on_hold",4,20,False,0.40687277196386595
14,5,0.11000000000000001,0.12096106376585988,0.0171875,0.018900166213415608,0.55,,,,,,combo_popularity_statistics_num_list_users_watching_plan_to_watch,"popularity, statistics_num_list_users, watching, plan_to_watch",4,20,False,0.40687277196386595
14,5,0.11000000000000001,0.12096106376585988,0.0171875,0.018900166213415608,0.55,,,,,,combo_popularity_watching_completed_plan_to_watch,"popularity, watching, completed, plan_to_watch",4,20,False,0.40687277196386595
14,5,0.11000000000000001,0.1020835571068081,0.0171875,0.015950555797938765,0.55,0.17,0.1341640786499874,0.0265625,0.02096313728906053,0.85,combo_mean_statistics_num_list_users_watching_dropped_plan_to_watch,"mean, statistics_num_list_users, watching, dropped, plan_to_watch",5,20,False,0.40687277196386595
14,5,0.11000000000000001,0.1020835571068081,0.0171875,0.015950555797938765,0.55,0.17,0.1341640786499874,0.0265625,0.02096313728906053,0.85,combo_mean_watching_completed_dropped_plan_to_watch,"mean, watching, completed, dropped, plan_to_watch",5,20,False,0.40687277196386595
14,5,0.11000000000000001,0.12096106376585988,0.0171875,0.018900166213415608,0.55,,,,,,combo_popularity_statistics_num_list_users_watching_completed_plan_to_watch,"popularity, statistics_num_list_users, watching, completed, plan_to_watch",5,20,False,0.40687277196386595
14,5,0.11000000000000001,0.1020835571068081,0.0171875,0.015950555797938765,0.55,0.17,0.1341640786499874,0.0265625,0.02096313728906053,0.85,combo_mean_statistics_num_list_users_watching_completed_dropped_plan_to_watch,"mean, statistics_num_list_users, watching, completed, dropped, plan_to_watch",6,20,False,0.40687277196386595
14,5,0.1,0.10259783520851543,0.015625,0.01603091175133053,0.5,,,,,,combo_dropped,dropped,1,20,False,0.40687277196386595
14,5,0.1,0.12139539573337679,0.015625,0.018968030583340123,0.5,,,,,,combo_on_hold_plan_to_watch,"on_hold, plan_to_watch",2,20,False,0.40687277196386595
14,5,0.1,0.12139539573337679,0.015625,0.018968030583340123,0.5,,,,,,combo_statistics_num_list_users_watching_plan_to_watch,"statistics_num_list_users, watching, plan_to_watch",3,20,False,0.40687277196386595
14,5,0.1,0.12139539573337682,0.015625,0.018968030583340123,0.5,,,,,,combo_watching_completed_dropped,"watching, completed, dropped",3,20,False,0.40687277196386595
14,5,0.1,0.12139539573337679,0.015625,0.018968030583340123,0.5,,,,,,combo_popularity_watching_on_hold_plan_to_watch,"popularity, watching, on_hold, plan_to_watch",4,20,False,0.40687277196386595
14,5,0.1,0.12139539573337679,0.015625,0.018968030583340123,0.5,,,,,,combo_statistics_num_list_users_watching_completed_plan_to_watch,"statistics_num_list_users, watching, completed, plan_to_watch",4,20,False,0.40687277196386595
14,5,0.1,0.12139539573337679,0.015625,0.018968030583340123,0.5,,,,,,combo_statistics_num_list_users_watching_on_hold_dropped,"statistics_num_list_users, watching, on_hold, dropped",4,20,False,0.40687277196386595
14,5,0.1,0.12139539573337679,0.015625,0.018968030583340123,0.5,,,,,,combo_statistics_num_list_users_watching_on_hold_plan_to_watch,"statistics_num_list_users, watching, on_hold, plan_to_watch",4,20,False,0.40687277196386595
14,5,0.1,0.12139539573337679,0.015625,0.018968030583340123,0.5,,,,,,combo_watching_completed_on_hold_plan_to_watch,"watching, completed, on_hold, plan_to_watch",4,20,False,0.40687277196386595
14,5,0.1,0.10259783520851541,0.015625,0.01603091175133053,0.5,0.17,0.1341640786499874,0.0265625,0.02096313728906053,0.85,combo_mean_statistics_num_list_users_watching_on_hold_plan_to_watch,"mean, statistics_num_list_users, watching, on_hold, plan_to_watch",5,20,False,0.40687277196386595
14,5,0.1,0.10259783520851541,0.015625,0.01603091175133053,0.5,0.17,0.1341640786499874,0.0265625,0.02096313728906053,0.85,combo_mean_watching_completed_on_hold_plan_to_watch,"mean, watching, completed, on_hold, plan_to_watch",5,20,False,0.40687277196386595
14,5,0.1,0.12139539573337679,0.015625,0.018968030583340123,0.5,,,,,,combo_statistics_num_list_users_watching_completed_on_hold_plan_to_watch,"statistics_num_list_users, watching, completed, on_hold, plan_to_watch",5,20,False,0.40687277196386595
14,5,0.1,0.10259783520851541,0.015625,0.01603091175133053,0.5,0.17,0.1341640786499874,0.0265625,0.02096313728906053,0.85,combo_mean_statistics_num_list_users_watching_completed_on_hold_plan_to_watch,"mean, statistics_num_list_users, watching, completed, on_hold, plan_to_watch",6,20,False,0.40687277196386595
14,5,0.09,0.1209610637658599,0.0140625,0.018900166213415608,0.45,,,,,,combo_completed_plan_to_watch,"completed, plan_to_watch",2,20,False,0.40687277196386595
14,5,0.09,0.1209610637658599,0.0140625,0.018900166213415608,0.45,,,,,,combo_watching_completed_on_hold,"watching, completed, on_hold",3,20,False,0.40687277196386595
14,5,0.09,0.1020835571068081,0.0140625,0.015950555797938762,0.45,,,,,,combo_watching_completed_plan_to_watch,"watching, completed, plan_to_watch",3,20,False,0.40687277196386595
14,5,0.09,0.12096106376585991,0.0140625,0.018900166213415608,0.45,,,,,,combo_statistics_num_list_users_watching_completed_on_hold_dropped,"statistics_num_list_users, watching, completed, on_hold, dropped",5,20,False,0.40687277196386595
14,5,0.09,0.1020835571068081,0.0140625,0.015950555797938765,0.45,0.17,0.1341640786499874,0.0265625,0.02096313728906053,0.85,combo_mean_statistics_num_list_users_watching_on_hold_dropped_plan_to_watch,"mean, statistics_num_list_users, watching, on_hold, dropped, plan_to_watch",6,20,False,0.40687277196386595
14,5,0.09,0.1020835571068081,0.0140625,0.015950555797938765,0.45,0.17,0.1341640786499874,0.0265625,0.02096313728906053,0.85,combo_mean_watching_completed_on_hold_dropped_plan_to_watch,"mean, watching, completed, on_hold, dropped, plan_to_watch",6,20,False,0.40687277196386595
14,5,0.09,0.1020835571068081,0.0140625,0.015950555797938765,0.45,0.17,0.1341640786499874,0.0265625,0.02096313728906053,0.85,combo_mean_statistics_num_list_users_watching_completed_on_hold_dropped_plan_to_watch,"mean, statistics_num_list_users, watching, completed, on_hold, dropped, plan_to_watch",7,20,False,0.40687277196386595
14,5,0.08,0.11964860832322377,0.0125,0.018695095050503714,0.4,,,,,,combo_statistics_num_list_users_plan_to_watch,"statistics_num_list_users, plan_to_watch",2,20,False,0.40687277196386595
14,5,0.08,0.10052493799000692,0.0125,0.015707021560938582,0.4,,,,,,combo_watching_dropped_plan_to_watch,"watching, dropped, plan_to_watch",3,20,False,0.40687277196386595
14,5,0.07,0.11742858972247996,0.0109375,0.018348217144137494,0.35,,,,,,combo_completed_dropped,"completed, dropped",2,20,False,0.40687277196386595
14,5,0.07,0.09787209698591859,0.0109375,0.015292515154049778,0.35,,,,,,combo_watching_on_hold_plan_to_watch,"watching, on_hold, plan_to_watch",3,20,False,0.40687277196386595
14,5,0.06000000000000001,0.09403246919632546,0.009375,0.014692573311925854,0.3,,,,,,combo_statistics_num_list_users_watching,"statistics_num_list_users, watching",2,20,False,0.40687277196386595
14,5,0.06000000000000001,0.09403246919632545,0.009375,0.014692573311925852,0.3,,,,,,combo_statistics_num_list_users_watching_dropped,"statistics_num_list_users, watching, dropped",3,20,False,0.40687277196386595
14,5,0.06000000000000001,0.09403246919632545,0.009375,0.014692573311925852,0.3,,,,,,combo_statistics_num_list_users_watching_completed_dropped,"statistics_num_list_users, watching, completed, dropped",4,20,False,0.40687277196386595
14,5,0.05,0.08885233166386386,0.0078125,0.013883176822478728,0.25,,,,,,combo_statistics_num_list_users_watching_completed,"statistics_num_list_users, watching, completed",3,20,False,0.40687277196386595
14,5,0.05,0.11002392084403619,0.0078125,0.017191237631880654,0.25,,,,,,combo_statistics_num_list_users_watching_on_hold,"statistics_num_list_users, watching, on_hold",3,20,False,0.40687277196386595
14,5,0.05,0.11002392084403619,0.0078125,0.017191237631880654,0.25,,,,,,combo_statistics_num_list_users_watching_completed_on_hold,"statistics_num_list_users, watching, completed, on_hold",4,20,False,0.40687277196386595
14,5,0.02,0.06155870112510924,0.003125,0.009618547050798319,0.1,,,,,,combo_plan_to_watch,plan_to_watch,1,20,False,0.40687277196386595
14,10,0.41500000000000004,0.11367080817685316,0.1296875,0.03552212755526661,4.15,,,,,,combo_popularity_watching_on_hold_dropped,"popularity, watching, on_hold, dropped",4,20,False,0.40687277196386595
14,10,0.4,0.1486783883350056,0.125,0.046461996354689256,4.0,,,,,,combo_popularity_statistics_num_list_users_completed_dropped,"popularity, statistics_num_list_users, completed, dropped",4,20,False,0.40687277196386595
14,10,0.395,0.11459310165698641,0.1234375,0.035810344267808256,3.95,,,,,,combo_popularity_statistics_num_list_users_completed_on_hold_dropped,"popularity, statistics_num_list_users, completed, on_hold, dropped",5,20,False,0.40687277196386595
14,10,0.38,0.10563093645728086,0.11875,0.03300966764290027,3.8,0.085,0.0670820393249937,0.0265625,0.02096313728906053,0.85,combo_mean_popularity_watching,"mean, popularity, watching",3,20,False,0.40687277196386595
14,10,0.38,0.1361114094757441,0.11875,0.042534815461170036,3.8,,,,,,combo_popularity_completed_on_hold_dropped,"popularity, completed, on_hold, dropped",4,20,False,0.40687277196386595
14,10,0.375,0.14095538674570612,0.1171875,0.04404855835803317,3.75,0.085,0.0670820393249937,0.0265625,0.02096313728906053,0.85,combo_mean_watching,"mean, watching",2,20,False,0.40687277196386595
14,10,0.375,0.1292692009559488,0.1171875,0.040396625298733994,3.75,,,,,,combo_popularity_statistics_num_list_users_on_hold_dropped,"popularity, statistics_num_list_users, on_hold, dropped",4,20,False,0.40687277196386595
14,10,0.37,0.11285761872936696,0.115625,0.03526800585292718,3.7,0.085,0.0670820393249937,0.0265625,0.02096313728906053,0.85,combo_mean_popularity_watching_dropped,"mean, popularity, watching, dropped",4,20,False,0.40687277196386595
14,10,0.365,0.13088765773505315,0.1140625,0.04090239304220411,3.65,0.085,0.0670820393249937,0.0265625,0.02096313728906053,0.85,combo_mean_popularity_on_hold,"mean, popularity, on_hold",3,20,False,0.40687277196386595
14,10,0.365,0.14244112357114616,0.1140625,0.04451285111598317,3.65,,,,,,combo_popularity_on_hold_dropped,"popularity, on_hold, dropped",3,20,False,0.40687277196386595
14,10,0.36,0.14653901941300929,0.1125,0.04579344356656541,3.6,0.085,0.0670820393249937,0.0265625,0.02096313728906053,0.85,combo_mean_popularity_dropped,"mean, popularity, dropped",3,20,False,0.40687277196386595
14,10,0.36,0.1429022485182754,0.1125,0.04465695266196106,3.6,,,,,,combo_popularity_statistics_num_list_users_dropped,"popularity, statistics_num_list_users, dropped",3,20,False,0.40687277196386595
14,10,0.36,0.11876558069531228,0.1125,0.03711424396728509,3.6,0.085,0.0670820393249937,0.0265625,0.02096313728906053,0.85,combo_mean_popularity_watching_on_hold,"mean, popularity, watching, on_hold",4,20,False,0.40687277196386595
14,10,0.36,0.1353358395757909,0.1125,0.042292449867434655,3.6,0.085,0.0670820393249937,0.0265625,0.02096313728906053,0.85,combo_mean_popularity_statistics_num_list_users_completed_on_hold_dropped,"mean, popularity, statistics_num_list_users, completed, on_hold, dropped",6,20,False,0.40687277196386595
14,10,0.35500000000000004,0.12763022245616643,0.1109375,0.039884444517552006,3.55,0.085,0.0670820393249937,0.0265625,0.02096313728906053,0.85,combo_mean_popularity_statistics_num_list_users_on_hold_dropped,"mean, popularity, statistics_num_list_users, on_hold, dropped",5,20,False,0.40687277196386595
14,10,0.35,0.10513149660756935,0.109375,0.03285359268986542,3.5,0.085,0.0670820393249937,0.0265625,0.02096313728906053,0.85,combo_mean_popularity_watching_on_hold_dropped,"mean, popularity, watching, on_hold, dropped",5,20,False,0.40687277196386595
14,10,0.34500000000000003,0.1050062654772261,0.1078125,0.03281445796163315,3.45,,,,,,combo_popularity_watching_dropped,"popularity, watching, dropped",3,20,False,0.40687277196386595
14,10,0.34500000000000003,0.12763022245616643,0.1078125,0.039884444517552006,3.45,0.085,0.0670820393249937,0.0265625,0.02096313728906053,0.85,combo_mean_popularity_statistics_num_list_users_completed,"mean, popularity, statistics_num_list_users, completed",4,20,False,0.40687277196386595
14,10,0.34500000000000003,0.13168942730211067,0.1078125,0.04115294603190959,3.45,0.085,0.0670820393249937,0.0265625,0.02096313728906053,0.85,combo_mean_popularity_on_hold_dropped,"mean, popularity, on_hold, dropped",4,20,False,0.40687277196386595
14,10,0.34500000000000003,0.12763022245616643,0.1078125,0.039884444517552006,3.45,0.085,0.0670820393249937,0.0265625,0.02096313728906053,0.85,combo_mean_popularity_statistics_num_list_users_completed_dropped,"mean, popularity, statistics_num_list_users, completed, dropped",5,20,False,0.40687277196386595
14,10,0.34500000000000003,0.11459310165698641,0.1078125,0.035810344267808256,3.45,0.085,0.0670820393249937,0.0265625,0.02096313728906053,0.85,combo_mean_popularity_completed_on_hold_dropped,"mean, popularity, completed, on_hold, dropped",5,20,False,0.40687277196386595
14,10,0.34500000000000003,0.11459310165698643,0.1078125,0.03581034426780825,3.45,0.085,0.0670820393249937,0.0265625,0.02096313728906053,0.85,combo_mean_popularity_watching_completed_on_hold_dropped,"mean, popularity, watching, completed, on_hold, dropped",6,20,False,0.40687277196386595
14,10,0.33999999999999997,0.13138933706635725,0.10625,0.04105916783323664,3.4,0.085,0.0670820393249937,0.0265625,0.02096313728906053,0.85,combo_mean_statistics_num_list_users_completed,"mean, statistics_num_list_users, completed",3,20,False,0.40687277196386595
14,10,0.33999999999999997,0.1231174022502185,0.10625,0.038474188203193274,3.4,0.085,0.0670820393249937,0.0265625,0.02096313728906053,0.85,combo_mean_watching_dropped,"mean, watching, dropped",3,20,False,0.40687277196386595
14,10,0.33999999999999997,0.1500876936643164,0.10625,0.04690240427009889,3.4,0.085,0.0670820393249937,0.0265625,0.02096313728906053,0.85,combo_mean_popularity_statistics_num_list_users_dropped,"mean, popularity, statistics_num_list_users, dropped",4,20,False,0.40687277196386595
14,10,0.335,0.1268027892769755,0.1046875,0.039625871649054845,3.35,,,,,,combo_popularity_statistics_num_list_users_completed,"popularity, statistics_num_list_users, completed",3,20,False,0.40687277196386595
14,10,0.335,0.12258187382102495,0.1046875,0.0383068355690703,3.35,0.085,0.0670820393249937,0.0265625,0.02096313728906053,0.85,combo_mean_popularity_completed_on_hold,"mean, popularity, completed, on_hold",4,20,False,0.40687277196386595
14,10,0.335,0.10894228312566054,0.1046875,0.03404446347676891,3.35,0.085,0.0670820393249937,0.0265625,0.02096313728906053,0.85,combo_mean_popularity_on_hold_plan_to_watch,"mean, popularity, on_hold, plan_to_watch",4,20,False,0.40687277196386595
14,10,0.33,0.10809352675491622,0.103125,0.03377922711091132,3.3,,,,,,combo_popularity_watching_completed_on_hold_dropped,"popularity, watching, completed, on_hold, dropped",5,20,False,0.40687277196386595
14,10,0.32999999999999996,0.1341640786499874,0.103125,0.04192627457812106,3.3,0.085,0.0670820393249937,0.0265625,0.02096313728906053,0.85,combo_mean_popularity_statistics_num_list_users_on_hold,"mean, popularity, statistics_num_list_users, on_hold",4,20,False,0.40687277196386595
14,10,0.32999999999999996,0.12182817926554551,0.103125,0.038071306020482976,3.3,,,,,,combo_popularity_watching_completed_dropped,"popularity, watching, completed, dropped",4,20,False,0.40687277196386595
14,10,0.32999999999999996,0.13018205875255096,0.103125,0.04068189336017218,3.3,0.085,0.0670820393249937,0.0265625,0.02096313728906053,0.85,combo_mean_popularity_statistics_num_list_users_completed_on_hold,"mean, popularity, statistics_num_list_users, completed, on_hold",5,20,False,0.40687277196386595
14,10,0.32999999999999996,0.10809352675491622,0.103125,0.033779227110911324,3.3,0.085,0.0670820393249937,0.0265625,0.02096313728906053,0.85,combo_mean_popularity_on_hold_dropped_plan_to_watch,"mean, popularity, on_hold, dropped, plan_to_watch",5,20,False,0.40687277196386595
14,10,0.325,0.13717065820970684,0.1015625,0.04286583069053339,3.25,,,,,,combo_popularity_watching,"popularity, watching",2,20,False,0.40687277196386595
14,10,0.325,0.11180339887498947,0.1015625,0.034938562148434216,3.25,0.085,0.0670820393249937,0.0265625,0.02096313728906053,0.85,combo_mean_watching_on_hold,"mean, watching, on_hold",3,20,False,0.40687277196386595
14,10,0.325,0.12085223687584246,0.1015625,0.03776632402370077,3.25,0.085,0.0670820393249937,0.0265625,0.02096313728906053,0.85,combo_mean_popularity_dropped_plan_to_watch,"mean, popularity, dropped, plan_to_watch",4,20,False,0.40687277196386595
14,10,0.325,0.0910465468000326,0.1015625,0.028452045875010185,3.25,0.085,0.0670820393249937,0.0265625,0.02096313728906053,0.85,combo_mean_popularity_watching_completed_dropped,"mean, popularity, watching, completed, dropped",5,20,False,0.40687277196386595
14,10,0.325,0.09665456669582609,0.1015625,0.030204552092445654,3.25,,,,,,combo_popularity_statistics_num_list_users_watching_completed_dropped,"popularity, statistics_num_list_users, watching, completed, dropped",5,20,False,0.40687277196386595
14,10,0.325,0.09104654680003259,0.1015625,0.028452045875010185,3.25,,,,,,combo_popularity_statistics_num_list_users_watching_on_hold_dropped,"popularity, statistics_num_list_users, watching, on_hold, dropped",5,20,False,0.40687277196386595
14,10,0.32,0.12396943596157715,0.1,0.038740448737992865,3.2,0.085,0.0670820393249937,0.0265625,0.02096313728906053,0.85,combo_mean_popularity_statistics_num_list_users_watching,"mean, popularity, statistics_num_list_users, watching",4,20,False,0.40687277196386595
14,10,0.32,0.1399247918291146,0.1,0.04372649744659831,3.2,0.085,0.0670820393249937,0.0265625,0.02096313728906053,0.85,combo_mean_popularity_completed_dropped,"mean, popularity, completed, dropped",4,20,False,0.40687277196386595
14,10,0.32,0.10563093645728085,0.1,0.03300966764290026,3.2,0.085,0.0670820393249937,0.0265625,0.02096313728906053,0.85,combo_mean_watching_on_hold_dropped,"mean, watching, on_hold, dropped",4,20,False,0.40687277196386595
14,10,0.32,0.10563093645728086,0.1,0.03300966764290027,3.2,,,,,,combo_popularity_statistics_num_list_users_watching_dropped,"popularity, statistics_num_list_users, watching, dropped",4,20,False,0.40687277196386595
14,10,0.32,0.1151657843924872,0.1,0.03598930762265224,3.2,,,,,,combo_popularity_statistics_num_list_users_on_hold_dropped_plan_to_watch,"popularity, statistics_num_list_users, on_hold, dropped, plan_to_watch",5,20,False,0.40687277196386595
14,10,0.32,0.10563093645728085,0.1,0.03300966764290026,3.2,0.085,0.0670820393249937,0.0265625,0.02096313728906053,0.85,combo_mean_popularity_statistics_num_list_users_watching_completed_dropped,"mean, popularity, statistics_num_list_users, watching, completed, dropped",6,20,False,0.40687277196386595
14,10,0.32,0.11516578439248716,0.1,0.03598930762265224,3.2,0.085,0.0670820393249937,0.0265625,0.02096313728906053,0.85,combo_mean_popularity_statistics_num_list_users_watching_on_hold_dropped,"mean, popularity, statistics_num_list_users, watching, on_hold, dropped",6,20,False,0.40687277196386595
14,10,0.32,0.11516578439248716,0.1,0.03598930762265224,3.2,0.085,0.0670820393249937,0.0265625,0.02096313728906053,0.85,combo_mean_popularity_statistics_num_list_users_watching_completed_on_hold_dropped,"mean, popularity, statistics_num_list_users, watching, completed, on_hold, dropped",7,20,False,0.40687277196386595
14,10,0.31500000000000006,0.09880869341680842,0.0984375,0.030877716692752636,3.15,0.085,0.0670820393249937,0.0265625,0.02096313728906053,0.85,combo_mean_popularity_watching_plan_to_watch,"mean, popularity, watching, plan_to_watch",4,20,False,0.40687277196386595
14,10,0.315,0.10894228312566051,0.0984375,0.03404446347676891,3.15,,,,,,combo_popularity_on_hold,"popularity, on_hold",2,20,False,0.40687277196386595
14,10,0.315,0.11821033884786183,0.0984375,0.036940730889956835,3.15,0.085,0.0670820393249937,0.0265625,0.02096313728906053,0.85,combo_mean_popularity_statistics_num_list_users_watching_completed,"mean, popularity, statistics_num_list_users, watching, completed",5,20,False,0.40687277196386595
14,10,0.315,0.10894228312566052,0.0984375,0.03404446347676892,3.15,0.085,0.0670820393249937,0.0265625,0.02096313728906053,0.85,combo_mean_popularity_statistics_num_list_users_watching_on_hold,"mean, popularity, statistics_num_list_users, watching, on_hold",5,20,False,0.40687277196386595
14,10,0.315,0.09880869341680842,0.0984375,0.03087771669275263,3.15,0.085,0.0670820393249937,0.0265625,0.02096313728906053,0.85,combo_mean_popularity_statistics_num_list_users_watching_dropped,"mean, popularity, statistics_num_list_users, watching, dropped",5,20,False,0.40687277196386595
14,10,0.315,0.10894228312566052,0.0984375,0.03404446347676892,3.15,0.085,0.0670820393249937,0.0265625,0.02096313728906053,0.85,combo_mean_popularity_watching_completed_on_hold,"mean, popularity, watching, completed, on_hold",5,20,False,0.40687277196386595
14,10,0.315,0.10894228312566052,0.0984375,0.03404446347676892,3.15,0.085,0.0670820393249937,0.0265625,0.02096313728906053,0.85,combo_mean_popularity_statistics_num_list_users_watching_completed_on_hold,"mean, popularity, statistics_num_list_users, watching, completed, on_hold",6,20,False,0.40687277196386595
14,10,0.31,0.13726654823065193,0.096875,0.04289579632207873,3.1,0.085,0.0670820393249937,0.0265625,0.02096313728906053,0.85,combo_mean_popularity_statistics_num_list_users,"mean, popularity, statistics_num_list_users",3,20,False,0.40687277196386595
14,10,0.31,0.13726654823065193,0.096875,0.04289579632207873,3.1,0.085,0.0670820393249937,0.0265625,0.02096313728906053,0.85,combo_mean_popularity_plan_to_watch,"mean, popularity, plan_to_watch",3,20,False,0.40687277196386595
14,10,0.31,0.11192102478745306,0.096875,0.034975320246079085,3.1,0.085,0.0670820393249937,0.0265625,0.02096313728906053,0.85,combo_mean_popularity_watching_completed,"mean, popularity, watching, completed",4,20,False,0.40687277196386595
14,10,0.31,0.11192102478745307,0.096875,0.034975320246079085,3.1,0.085,0.0670820393249937,0.0265625,0.02096313728906053,0.85,combo_mean_popularity_statistics_num_list_users_on_hold_plan_to_watch,"mean, popularity, statistics_num_list_users, on_hold, plan_to_watch",5,20,False,0.40687277196386595
14,10,0.31,0.10208355710680811,0.096875,0.03190111159587753,3.1,,,,,,combo_popularity_statistics_num_list_users_completed_dropped_plan_to_watch,"popularity, statistics_num_list_users, completed, dropped, plan_to_watch",5,20,False,0.40687277196386595
14,10,0.31,0.10711528467275955,0.096875,0.03347352646023736,3.1,0.085,0.0670820393249937,0.0265625,0.02096313728906053,0.85,combo_mean_popularity_statistics_num_list_users_on_hold_dropped_plan_to_watch,"mean, popularity, statistics_num_list_users, on_hold, dropped, plan_to_watch",6,20,False,0.40687277196386595
14,10,0.31,0.09119095061289915,0.096875,0.028497172066530987,3.1,,,,,,combo_popularity_statistics_num_list_users_watching_completed_on_hold_dropped,"popularity, statistics_num_list_users, watching, completed, on_hold, dropped",6,20,False,0.40687277196386595
14,10,0.31,0.13337718577107002,0.096875,0.04168037055345939,3.1,,,,,,combo_popularity_statistics_num_list_users_completed_on_hold_dropped_plan_to_watch,"popularity, statistics_num_list_users, completed, on_hold, dropped, plan_to_watch",6,20,False,0.40687277196386595
14,10,0.30500000000000005,0.1050062654772261,0.0953125,0.032814457961633146,3.05,0.085,0.0670820393249937,0.0265625,0.02096313728906053,0.85,combo_mean_popularity_watching_dropped_plan_to_watch,"mean, popularity, watching, dropped, plan_to_watch",5,20,False,0.40687277196386595
14,10,0.30500000000000005,0.11459310165698641,0.0953125,0.035810344267808256,3.05,0.085,0.0670820393249937,0.0265625,0.02096313728906053,0.85,combo_mean_popularity_completed_on_hold_plan_to_watch,"mean, popularity, completed, on_hold, plan_to_watch",5,20,False,0.40687277196386595
14,10,0.30500000000000005,0.12763022245616643,0.0953125,0.039884444517552006,3.05,,,,,,combo_popularity_completed_on_hold_dropped_plan_to_watch,"popularity, completed, on_hold, dropped, plan_to_watch",5,20,False,0.40687277196386595
14,10,0.30500000000000005,0.0998683343734455,0.0953125,0.03120885449170172,3.05,0.085,0.0670820393249937,0.0265625,0.02096313728906053,0.85,combo_mean_popularity_completed_on_hold_dropped_plan_to_watch,"mean, popularity, completed, on_hold, dropped, plan_to_watch",6,20,False,0.40687277196386595
14,10,0.305,0.1050062654772261,0.0953125,0.03281445796163316,3.05,0.085,0.0670820393249937,0.0265625,0.02096313728906053,0.85,combo_mean_statistics_num_list_users_dropped,"mean, statistics_num_list_users, dropped",3,20,False,0.40687277196386595
14,10,0.305,0.09445132413883325,0.0953125,0.029516038793385393,3.05,0.085,0.0670820393249937,0.0265625,0.02096313728906053,0.85,combo_mean_statistics_num_list_users_completed_dropped,"mean, statistics_num_list_users, completed, dropped",4,20,False,0.40687277196386595
14,10,0.305,0.1145931016569864,0.0953125,0.03581034426780825,3.05,0.085,0.0670820393249937,0.0265625,0.02096313728906053,0.85,combo_mean_popularity_statistics_num_list_users_completed_plan_to_watch,"mean, popularity, statistics_num_list_users, completed, plan_to_watch",5,20,False,0.40687277196386595
14,10,0.305,0.12343760409722458,0.0953125,0.03857425128038269,3.05,0.085,0.0670820393249937,0.0265625,0.02096313728906053,0.85,combo_mean_popularity_statistics_num_list_users_completed_dropped_plan_to_watch,"mean, popularity, statistics_num_list_users, completed, dropped, plan_to_watch",6,20,False,0.40687277196386595
14,10,0.3,0.15894388284780525,0.09375,0.04966996338993914,3.0,,,,,,combo_popularity_completed,"popularity, completed",2,20,False,0.40687277196386595
14,10,0.3,0.11239029738980329,0.09375,0.035121967934313526,3.0,0.085,0.0670820393249937,0.0265625,0.02096313728906053,0.85,combo_mean_watching_completed,"mean, watching, completed",3,20,False,0.40687277196386595
14,10,0.3,0.11697953037312037,0.09375,0.036556103241600114,3.0,0.085,0.0670820393249937,0.0265625,0.02096313728906053,0.85,combo_mean_completed_dropped,"mean, completed, dropped",3,20,False,0.40687277196386595
14,10,0.3,0.11239029738980329,0.09375,0.03512196793431352,3.0,,,,,,combo_popularity_completed_dropped,"popularity, completed, dropped",3,20,False,0.40687277196386595
14,10,0.3,0.12977713690461,0.09375,0.04055535528269063,3.0,0.085,0.0670820393249937,0.0265625,0.02096313728906053,0.85,combo_mean_popularity_statistics_num_list_users_plan_to_watch,"mean, popularity, statistics_num_list_users, plan_to_watch",4,20,False,0.40687277196386595
14,10,0.3,0.12977713690461004,0.09375,0.04055535528269064,3.0,,,,,,combo_popularity_statistics_num_list_users_completed_on_hold,"popularity, statistics_num_list_users, completed, on_hold",4,20,False,0.40687277196386595
14,10,0.3,0.09733285267845752,0.09375,0.030416516462017974,3.0,,,,,,combo_popularity_statistics_num_list_users_dropped_plan_to_watch,"popularity, statistics_num_list_users, dropped, plan_to_watch",4,20,False,0.40687277196386595
14,10,0.3,0.12139539573337679,0.09375,0.037936061166680246,3.0,0.085,0.0670820393249937,0.0265625,0.02096313728906053,0.85,combo_mean_popularity_completed_dropped_plan_to_watch,"mean, popularity, completed, dropped, plan_to_watch",5,20,False,0.40687277196386595
14,10,0.29500000000000004,0.13562719801759993,0.0921875,0.04238349938049998,2.95,0.085,0.0670820393249937,0.0265625,0.02096313728906053,0.85,combo_mean_popularity,"mean, popularity",2,20,False,0.40687277196386595
14,10,0.29500000000000004,0.11909748329127612,0.0921875,0.03721796352852378,2.95,0.085,0.0670820393249937,0.0265625,0.02096313728906053,0.85,combo_mean_dropped,"mean, dropped",2,20,False,0.40687277196386595
14,10,0.29500000000000004,0.14317821063276354,0.0921875,0.0447431908227386,2.95,0.085,0.0670820393249937,0.0265625,0.02096313728906053,0.85,combo_mean_popularity_completed,"mean, popularity, completed",3,20,False,0.40687277196386595
14,10,0.29500000000000004,0.09986833437344553,0.0921875,0.031208854491701722,2.95,0.085,0.0670820393249937,0.0265625,0.02096313728906053,0.85,combo_mean_statistics_num_list_users_watching,"mean, statistics_num_list_users, watching",3,20,False,0.40687277196386595
14,10,0.29500000000000004,0.09445132413883325,0.0921875,0.0295160387933854,2.95,0.085,0.0670820393249937,0.0265625,0.02096313728906053,0.85,combo_mean_popularity_watching_on_hold_plan_to_watch,"mean, popularity, watching, on_hold, plan_to_watch",5,20,False,0.40687277196386595
14,10,0.29500000000000004,0.10990426455975698,0.0921875,0.03434508267492405,2.95,0.085,0.0670820393249937,0.0265625,0.02096313728906053,0.85,combo_mean_popularity_statistics_num_list_users_completed_on_hold_plan_to_watch,"mean, popularity, statistics_num_list_users, completed, on_hold, plan_to_watch",6,20,False,0.40687277196386595
14,10,0.29,0.10208355710680808,0.090625,0.03190111159587753,2.9,0.085,0.0670820393249937,0.0265625,0.02096313728906053,0.85,combo_mean_statistics_num_list_users,"mean, statistics_num_list_users",2,20,False,0.40687277196386595
14,10,0.29,0.11192102478745307,0.090625,0.034975320246079085,2.9,0.085,0.0670820393249937,0.0265625,0.02096313728906053,0.85,combo_mean_statistics_num_list_users_on_hold,"mean, statistics_num_list_users, on_hold",3,20,False,0.40687277196386595
14,10,0.29,0.11192102478745307,0.090625,0.034975320246079085,2.9,0.085,0.0670820393249937,0.0265625,0.02096313728906053,0.85,combo_mean_watching_completed_dropped,"mean, watching, completed, dropped",4,20,False,0.40687277196386595
14,10,0.29,0.10208355710680808,0.090625,0.031901111595877524,2.9,,,,,,combo_popularity_completed_dropped_plan_to_watch,"popularity, completed, dropped, plan_to_watch",4,20,False,0.40687277196386595
14,10,0.29,0.12937094768634558,0.090625,0.04042842115198298,2.9,0.085,0.0670820393249937,0.0265625,0.02096313728906053,0.85,combo_mean_popularity_statistics_num_list_users_dropped_plan_to_watch,"mean, popularity, statistics_num_list_users, dropped, plan_to_watch",5,20,False,0.40687277196386595
14,10,0.29,0.0967906041546987,0.090625,0.030247063798343347,2.9,0.085,0.0670820393249937,0.0265625,0.02096313728906053,0.85,combo_mean_popularity_statistics_num_list_users_completed_on_hold_dropped_plan_to_watch,"mean, popularity, statistics_num_list_users, completed, on_hold, dropped, plan_to_watch",7,20,False,0.40687277196386595
14,10,0.28500000000000003,0.09333020044867293,0.0890625,0.029165687640210297,2.85,,,,,,combo_popularity,popularity,1,20,False,0.40687277196386595
14,10,0.28500000000000003,0.09333020044867296,0.0890625,0.029165687640210297,2.85,0.085,0.0670820393249937,0.0265625,0.02096313728906053,0.85,combo_mean_on_hold,"mean, on_hold",2,20,False,0.40687277196386595
14,10,0.28500000000000003,0.10894228312566052,0.0890625,0.03404446347676892,2.85,0.085,0.0670820393249937,0.0265625,0.02096313728906053,0.85,combo_mean_completed_on_hold,"mean, completed, on_hold",3,20,False,0.40687277196386595
14,10,0.28500000000000003,0.09880869341680842,0.0890625,0.030877716692752636,2.85,0.085,0.0670820393249937,0.0265625,0.02096313728906053,0.85,combo_mean_popularity_statistics_num_list_users_watching_plan_to_watch,"mean, popularity, statistics_num_list_users, watching, plan_to_watch",5,20,False,0.40687277196386595
14,10,0.28500000000000003,0.08750939799154207,0.0890625,0.027346686872356894,2.85,0.085,0.0670820393249937,0.0265625,0.02096313728906053,0.85,combo_mean_popularity_watching_on_hold_dropped_plan_to_watch,"mean, popularity, watching, on_hold, dropped, plan_to_watch",6,20,False,0.40687277196386595
14,10,0.28,0.11516578439248717,0.0875,0.03598930762265224,2.8,0.085,0.0670820393249937,0.0265625,0.02096313728906053,0.85,combo_mean_statistics_num_list_users_completed_on_hold,"mean, statistics_num_list_users, completed, on_hold",4,20,False,0.40687277196386595
14,10,0.27999999999999997,0.13218806379747877,0.0875,0.04130876993671211,2.8,0.085,0.0670820393249937,0.0265625,0.02096313728906053,0.85,combo_mean_popularity_completed_plan_to_watch,"mean, popularity, completed, plan_to_watch",4,20,False,0.40687277196386595
14,10,0.27999999999999997,0.10563093645728085,0.0875,0.03300966764290027,2.8,0.085,0.0670820393249937,0.0265625,0.02096313728906053,0.85,combo_mean_statistics_num_list_users_on_hold_dropped,"mean, statistics_num_list_users, on_hold, dropped",4,20,False,0.40687277196386595
14,10,0.275,0.125131509768092,0.0859375,0.039103596802528756,2.75,,,,,,combo_popularity_statistics_num_list_users_on_hold,"popularity, statistics_num_list_users, on_hold",3,20,False,0.40687277196386595
14,10,0.275,0.06386663736585049,0.0859375,0.019958324176828284,2.75,,,,,,combo_popularity_watching_completed,"popularity, watching, completed",3,20,False,0.40687277196386595
14,10,0.275,0.125131509768092,0.0859375,0.03910359680252875,2.75,,,,,,combo_popularity_completed_on_hold,"popularity, completed, on_hold",3,20,False,0.40687277196386595
14,10,0.275,0.0966545666958261,0.0859375,0.03020455209244565,2.75,0.085,0.0670820393249937,0.0265625,0.02096313728906053,0.85,combo_mean_statistics_num_list_users_watching_completed,"mean, statistics_num_list_users, watching, completed",4,20,False,0.40687277196386595
14,10,0.275,0.1019545822516343,0.0859375,0.031860806953635724,2.75,0.085,0.0670820393249937,0.0265625,0.02096313728906053,0.85,combo_mean_statistics_num_list_users_watching_dropped,"mean, statistics_num_list_users, watching, dropped",4,20,False,0.40687277196386595
14,10,0.275,0.12085223687584246,0.0859375,0.03776632402370077,2.75,,,,,,combo_popularity_on_hold_dropped_plan_to_watch,"popularity, on_hold, dropped, plan_to_watch",4,20,False,0.40687277196386595
14,10,0.275,0.09104654680003259,0.0859375,0.028452045875010185,2.75,0.085,0.0670820393249937,0.0265625,0.02096313728906053,0.85,combo_mean_popularity_watching_completed_plan_to_watch,"mean, popularity, watching, completed, plan_to_watch",5,20,False,0.40687277196386595
14,10,0.275,0.12085223687584247,0.0859375,0.03776632402370076,2.75,,,,,,combo_popularity_watching_on_hold_dropped_plan_to_watch,"popularity, watching, on_hold, dropped, plan_to_watch",5,20,False,0.40687277196386595
14,10,0.275,0.09104654680003259,0.0859375,0.028452045875010185,2.75,0.085,0.0670820393249937,0.0265625,0.02096313728906053,0.85,combo_mean_popularity_statistics_num_list_users_watching_completed_plan_to_watch,"mean, popularity, statistics_num_list_users, watching, completed, plan_to_watch",6,20,False,0.40687277196386595
14,10,0.27,0.12182817926554551,0.084375,0.03807130602048297,2.7,0.085,0.0670820393249937,0.0265625,0.02096313728906053,0.85,combo_mean_completed,"mean, completed",2,20,False,0.40687277196386595
14,10,0.27,0.09787209698591859,0.084375,0.030585030308099555,2.7,0.085,0.0670820393249937,0.0265625,0.02096313728906053,0.85,combo_mean_on_hold_dropped,"mean, on_hold, dropped",3,20,False,0.40687277196386595
14,10,0.265,0.11367080817685317,0.0828125,0.03552212755526662,2.65,,,,,,combo_popularity_watching_dropped_plan_to_watch,"popularity, watching, dropped, plan_to_watch",4,20,False,0.40687277196386595
14,10,0.26,0.1142481141154959,0.08125,0.03570253566109246,2.6,0.085,0.0670820393249937,0.0265625,0.02096313728906053,0.85,combo_mean,mean,1,20,False,0.40687277196386595
14,10,0.26,0.09947229183096801,0.08125,0.0310850911971775,2.6,,,,,,combo_popularity_dropped,"popularity, dropped",2,20,False,0.40687277196386595
14,10,0.26,0.11876558069531229,0.08125,0.03711424396728509,2.6,0.085,0.0670820393249937,0.0265625,0.02096313728906053,0.85,combo_mean_watching_completed_on_hold,"mean, watching, completed, on_hold",4,20,False,0.40687277196386595
14,10,0.26,0.1046296727561194,0.08125,0.032696772736287315,2.6,0.085,0.0670820393249937,0.0265625,0.02096313728906053,0.85,combo_mean_completed_on_hold_dropped,"mean, completed, on_hold, dropped",4,20,False,0.40687277196386595
14,10,0.26,0.06805570473787205,0.08125,0.02126740773058502,2.6,,,,,,combo_popularity_statistics_num_list_users_watching_completed,"popularity, statistics_num_list_users, watching, completed",4,20,False,0.40687277196386595
14,10,0.26,0.1046296727561194,0.08125,0.03269677273628731,2.6,0.085,0.0670820393249937,0.0265625,0.02096313728906053,0.85,combo_mean_statistics_num_list_users_completed_on_hold_dropped,"mean, statistics_num_list_users, completed, on_hold, dropped",5,20,False,0.40687277196386595
14,10,0.255,0.10990426455975699,0.0796875,0.034345082674924046,2.55,,,,,,combo_popularity_statistics_num_list_users,"popularity, statistics_num_list_users",2,20,False,0.40687277196386595
14,10,0.255,0.08255779474818965,0.0796875,0.02579931085880926,2.55,,,,,,combo_popularity_statistics_num_list_users_watching,"popularity, statistics_num_list_users, watching",3,20,False,0.40687277196386595
14,10,0.255,0.0998683343734455,0.0796875,0.03120885449170172,2.55,,,,,,combo_popularity_dropped_plan_to_watch,"popularity, dropped, plan_to_watch",3,20,False,0.40687277196386595
14,10,0.255,0.09445132413883325,0.0796875,0.029516038793385393,2.55,0.085,0.0670820393249937,0.0265625,0.02096313728906053,0.85,combo_mean_statistics_num_list_users_watching_completed_dropped,"mean, statistics_num_list_users, watching, completed, dropped",5,20,False,0.40687277196386595
14,10,0.255,0.10990426455975698,0.0796875,0.03434508267492405,2.55,0.085,0.0670820393249937,0.0265625,0.02096313728906053,0.85,combo_mean_popularity_watching_completed_dropped_plan_to_watch,"mean, popularity, watching, completed, dropped, plan_to_watch",6,20,False,0.40687277196386595
14,10,0.255,0.1050062654772261,0.0796875,0.03281445796163315,2.55,0.085,0.0670820393249937,0.0265625,0.02096313728906053,0.85,combo_mean_popularity_statistics_num_list_users_watching_on_hold_dropped_plan_to_watch,"mean, popularity, statistics_num_list_users, watching, on_hold, dropped, plan_to_watch",7,20,False,0.40687277196386595
14,10,0.25,0.09459053029269174,0.078125,0.029559540716466166,2.5,0.085,0.0670820393249937,0.0265625,0.02096313728906053,0.85,combo_mean_popularity_statistics_num_list_users_watching_on_hold_plan_to_watch,"mean, popularity, statistics_num_list_users, watching, on_hold, plan_to_watch",6,20,False,0.40687277196386595
14,10,0.25,0.11002392084403619,0.078125,0.0343824752637613,2.5,0.085,0.0670820393249937,0.0265625,0.02096313728906053,0.85,combo_mean_popularity_statistics_num_list_users_watching_dropped_plan_to_watch,"mean, popularity, statistics_num_list_users, watching, dropped, plan_to_watch",6,20,False,0.40687277196386595
14,10,0.25,0.09459053029269174,0.078125,0.029559540716466166,2.5,0.085,0.0670820393249937,0.0265625,0.02096313728906053,0.85,combo_mean_popularity_watching_completed_on_hold_plan_to_watch,"mean, popularity, watching, completed, on_hold, plan_to_watch",6,20,False,0.40687277196386595
14,10,0.25,0.09459053029269174,0.078125,0.029559540716466166,2.5,0.085,0.0670820393249937,0.0265625,0.02096313728906053,0.85,combo_mean_popularity_statistics_num_list_users_watching_completed_on_hold_plan_to_watch,"mean, popularity, statistics_num_list_users, watching, completed, on_hold, plan_to_watch",7,20,False,0.40687277196386595
14,10,0.25,0.1147078669352809,0.078125,0.035846208417275274,2.5,0.085,0.0670820393249937,0.0265625,0.02096313728906053,0.85,combo_mean_popularity_statistics_num_list_users_watching_completed_dropped_plan_to_watch,"mean, popularity, statistics_num_list_users, watching, completed, dropped, plan_to_watch",7,20,False,0.40687277196386595
14,10,0.25,0.10513149660756936,0.078125,0.03285359268986543,2.5,0.085,0.0670820393249937,0.0265625,0.02096313728906053,0.85,combo_mean_popularity_watching_completed_on_hold_dropped_plan_to_watch,"mean, popularity, watching, completed, on_hold, dropped, plan_to_watch",7,20,False,0.40687277196386595
14,10,0.24500000000000002,0.10990426455975696,0.0765625,0.03434508267492405,2.45,0.085,0.0670820393249937,0.0265625,0.02096313728906053,0.85,combo_mean_statistics_num_list_users_completed_plan_to_watch,"mean, statistics_num_list_users, completed, plan_to_watch",4,20,False,0.40687277196386595
14,10,0.24500000000000002,0.10990426455975695,0.0765625,0.03434508267492405,2.45,0.085,0.0670820393249937,0.0265625,0.02096313728906053,0.85,combo_mean_popularity_statistics_num_list_users_watching_completed_on_hold_dropped_plan_to_watch,"mean, popularity, statistics_num_list_users, watching, completed, on_hold, dropped, plan_to_watch",8,20,False,0.40687277196386595
14,10,0.24,0.09403246919632546,0.075,0.029385146623851704,2.4,,,,,,combo_popularity_watching_on_hold,"popularity, watching, on_hold",3,20,False,0.40687277196386595
14,10,0.23500000000000001,0.12258187382102494,0.0734375,0.0383068355690703,2.35,0.085,0.0670820393249937,0.0265625,0.02096313728906053,0.85,combo_mean_statistics_num_list_users_watching_on_hold,"mean, statistics_num_list_users, watching, on_hold",4,20,False,0.40687277196386595
14,10,0.22999999999999998,0.09787209698591857,0.071875,0.030585030308099555,2.3,0.085,0.0670820393249937,0.0265625,0.02096313728906053,0.85,combo_mean_watching_plan_to_watch,"mean, watching, plan_to_watch",3,20,False,0.40687277196386595
14,10,0.22999999999999998,0.09233805168766386,0.071875,0.028855641152394956,2.3,0.085,0.0670820393249937,0.0265625,0.02096313728906053,0.85,combo_mean_watching_dropped_plan_to_watch,"mean, watching, dropped, plan_to_watch",4,20,False,0.40687277196386595
14,10,0.225,0.09104654680003259,0.0703125,0.028452045875010188,2.25,,,,,,combo_popularity_statistics_num_list_users_completed_plan_to_watch,"popularity, statistics_num_list_users, completed, plan_to_watch",4,20,False,0.40687277196386595
14,10,0.22000000000000003,0.11964860832322377,0.06875,0.03739019010100743,2.2,0.085,0.0670820393249937,0.0265625,0.02096313728906053,0.85,combo_mean_statistics_num_list_users_watching_completed_on_hold,"mean, statistics_num_list_users, watching, completed, on_hold",5,20,False,0.40687277196386595
14,10,0.22000000000000003,0.11964860832322377,0.06875,0.03739019010100743,2.2,0.085,0.0670820393249937,0.0265625,0.02096313728906053,0.85,combo_mean_statistics_num_list_users_watching_on_hold_dropped,"mean, statistics_num_list_users, watching, on_hold, dropped",5,20,False,0.40687277196386595
14,10,0.215,0.09880869341680842,0.0671875,0.03087771669275264,2.15,0.085,0.0670820393249937,0.0265625,0.02096313728906053,0.85,combo_mean_statistics_num_list_users_watching_plan_to_watch,"mean, statistics_num_list_users, watching, plan_to_watch",4,20,False,0.40687277196386595
14,10,0.215,0.10399898784932576,0.0671875,0.032499683702914305,2.15,0.085,0.0670820393249937,0.0265625,0.02096313728906053,0.85,combo_mean_watching_completed_on_hold_dropped,"mean, watching, completed, on_hold, dropped",5,20,False,0.40687277196386595
14,10,0.21000000000000002,0.1209610637658599,0.065625,0.037800332426831215,2.1,0.085,0.0670820393249937,0.0265625,0.02096313728906053,0.85,combo_mean_completed_plan_to_watch,"mean, completed, plan_to_watch",3,20,False,0.40687277196386595
14,10,0.21000000000000002,0.09119095061289915,0.065625,0.028497172066530983,2.1,0.085,0.0670820393249937,0.0265625,0.02096313728906053,0.85,combo_mean_watching_completed_plan_to_watch,"mean, watching, completed, plan_to_watch",4,20,False,0.40687277196386595
14,10,0.21000000000000002,0.09119095061289915,0.065625,0.028497172066530983,2.1,0.085,0.0670820393249937,0.0265625,0.02096313728906053,0.85,combo_mean_statistics_num_list_users_watching_completed_plan_to_watch,"mean, statistics_num_list_users, watching, completed, plan_to_watch",5,20,False,0.40687277196386595
14,10,0.21000000000000002,0.12096106376585988,0.065625,0.037800332426831215,2.1,0.085,0.0670820393249937,0.0265625,0.02096313728906053,0.85,combo_mean_statistics_num_list_users_watching_completed_on_hold_dropped,"mean, statistics_num_list_users, watching, completed, on_hold, dropped",6,20,False,0.40687277196386595
14,10,0.20500000000000002,0.0998683343734455,0.0640625,0.03120885449170172,2.05,0.085,0.0670820393249937,0.0265625,0.02096313728906053,0.85,combo_mean_statistics_num_list_users_plan_to_watch,"mean, statistics_num_list_users, plan_to_watch",3,20,False,0.40687277196386595
14,10,0.20500000000000002,0.10990426455975699,0.0640625,0.03434508267492406,2.05,0.085,0.0670820393249937,0.0265625,0.02096313728906053,0.85,combo_mean_watching_on_hold_plan_to_watch,"mean, watching, on_hold, plan_to_watch",4,20,False,0.40687277196386595
14,10,0.20500000000000002,0.10990426455975698,0.0640625,0.03434508267492406,2.05,0.085,0.0670820393249937,0.0265625,0.02096313728906053,0.85,combo_mean_watching_completed_on_hold_plan_to_watch,"mean, watching, completed, on_hold, plan_to_watch",5,20,False,0.40687277196386595
14,10,0.20500000000000002,0.10990426455975698,0.0640625,0.03434508267492406,2.05,0.085,0.0670820393249937,0.0265625,0.02096313728906053,0.85,combo_mean_statistics_num_list_users_watching_completed_on_hold_plan_to_watch,"mean, statistics_num_list_users, watching, completed, on_hold, plan_to_watch",6,20,False,0.40687277196386595
14,10,0.205,0.10990426455975696,0.0640625,0.03434508267492405,2.05,,,,,,combo_popularity_on_hold_plan_to_watch,"popularity, on_hold, plan_to_watch",3,20,False,0.40687277196386595
14,10,0.205,0.08870412083230168,0.0640625,0.027720037760094282,2.05,0.085,0.0670820393249937,0.0265625,0.02096313728906053,0.85,combo_mean_watching_on_hold_dropped_plan_to_watch,"mean, watching, on_hold, dropped, plan_to_watch",5,20,False,0.40687277196386595
14,10,0.205,0.08255779474818964,0.0640625,0.02579931085880927,2.05,0.085,0.0670820393249937,0.0265625,0.02096313728906053,0.85,combo_mean_statistics_num_list_users_watching_completed_dropped_plan_to_watch,"mean, statistics_num_list_users, watching, completed, dropped, plan_to_watch",6,20,False,0.40687277196386595
14,10,0.2,0.12565617248750865,0.0625,0.03926755390234645,2.0,0.085,0.0670820393249937,0.0265625,0.02096313728906053,0.85,combo_mean_statistics_num_list_users_on_hold_plan_to_watch,"mean, statistics_num_list_users, on_hold, plan_to_watch",4,20,False,0.40687277196386595
14,10,0.2,0.09733285267845752,0.0625,0.030416516462017977,2.0,,,,,,combo_popularity_watching_completed_on_hold,"popularity, watching, completed, on_hold",4,20,False,0.40687277196386595
14,10,0.2,0.0858395075278952,0.0625,0.026824846102467253,2.0,0.085,0.0670820393249937,0.0265625,0.02096313728906053,0.85,combo_mean_statistics_num_list_users_watching_dropped_plan_to_watch,"mean, statistics_num_list_users, watching, dropped, plan_to_watch",5,20,False,0.40687277196386595
14,10,0.2,0.12565617248750865,0.0625,0.03926755390234645,2.0,0.085,0.0670820393249937,0.0265625,0.02096313728906053,0.85,combo_mean_statistics_num_list_users_completed_on_hold_plan_to_watch,"mean, statistics_num_list_users, completed, on_hold, plan_to_watch",5,20,False,0.40687277196386595
14,10,0.2,0.0858395075278952,0.0625,0.026824846102467253,2.0,0.085,0.0670820393249937,0.0265625,0.02096313728906053,0.85,combo_mean_watching_completed_dropped_plan_to_watch,"mean, watching, completed, dropped, plan_to_watch",5,20,False,0.40687277196386595
14,10,0.2,0.12977713690461004,0.0625,0.040555355282690636,2.0,,,,,,combo_popularity_statistics_num_list_users_watching_on_hold_dropped_plan_to_watch,"popularity, statistics_num_list_users, watching, on_hold, dropped, plan_to_watch",6,20,False,0.40687277196386595
14,10,0.195,0.10990426455975696,0.0609375,0.03434508267492405,1.95,0.085,0.0670820393249937,0.0265625,0.02096313728906053,0.85,combo_mean_statistics_num_list_users_watching_on_hold_plan_to_watch,"mean, statistics_num_list_users, watching, on_hold, plan_to_watch",5,20,False,0.40687277196386595
14,10,0.195,0.1316894273021107,0.0609375,0.04115294603190959,1.95,,,,,,combo_popularity_watching_completed_on_hold_dropped_plan_to_watch,"popularity, watching, completed, on_hold, dropped, plan_to_watch",6,20,False,0.40687277196386595
14,10,0.19,0.10711528467275955,0.059375,0.03347352646023736,1.9,,,,,,combo_watching,watching,1,20,False,0.40687277196386595
14,10,0.19,0.07181848464596079,0.059375,0.022443276451862747,1.9,,,,,,combo_popularity_statistics_num_list_users_plan_to_watch,"popularity, statistics_num_list_users, plan_to_watch",3,20,False,0.40687277196386595
14,10,0.19,0.11192102478745307,0.059375,0.034975320246079085,1.9,0.085,0.0670820393249937,0.0265625,0.02096313728906053,0.85,combo_mean_completed_on_hold_plan_to_watch,"mean, completed, on_hold, plan_to_watch",4,20,False,0.40687277196386595
14,10,0.19,0.10711528467275955,0.059375,0.03347352646023736,1.9,,,,,,combo_popularity_statistics_num_list_users_watching_dropped_plan_to_watch,"popularity, statistics_num_list_users, watching, dropped, plan_to_watch",5,20,False,0.40687277196386595
14,10,0.19,0.11192102478745307,0.059375,0.034975320246079085,1.9,,,,,,combo_popularity_watching_completed_dropped_plan_to_watch,"popularity, watching, completed, dropped, plan_to_watch",5,20,False,0.40687277196386595
14,10,0.19,0.09679060415469871,0.059375,0.030247063798343344,1.9,0.085,0.0670820393249937,0.0265625,0.02096313728906053,0.85,combo_mean_statistics_num_list_users_completed_on_hold_dropped_plan_to_watch,"mean, statistics_num_list_users, completed, on_hold, dropped, plan_to_watch",6,20,False,0.40687277196386595
14,10,0.19,0.11192102478745307,0.059375,0.034975320246079085,1.9,,,,,,combo_popularity_statistics_num_list_users_watching_completed_dropped_plan_to_watch,"popularity, statistics_num_list_users, watching, completed, dropped, plan_to_watch",6,20,False,0.40687277196386595
14,10,0.19,0.1252366181526625,0.059375,0.03913644317270702,1.9,,,,,,combo_popularity_statistics_num_list_users_watching_completed_on_hold_dropped_plan_to_watch,"popularity, statistics_num_list_users, watching, completed, on_hold, dropped, plan_to_watch",7,20,False,0.40687277196386595
14,10,0.185,0.09333020044867293,0.0578125,0.029165687640210304,1.85,0.085,0.0670820393249937,0.0265625,0.02096313728906053,0.85,combo_mean_plan_to_watch,"mean, plan_to_watch",2,20,False,0.40687277196386595
14,10,0.185,0.07451598203705946,0.0578125,0.023286244386581084,1.85,,,,,,combo_popularity_completed_plan_to_watch,"popularity, completed, plan_to_watch",3,20,False,0.40687277196386595
14,10,0.185,0.10399898784932576,0.0578125,0.032499683702914305,1.85,,,,,,combo_popularity_watching_on_hold_plan_to_watch,"popularity, watching, on_hold, plan_to_watch",4,20,False,0.40687277196386595
14,10,0.185,0.10399898784932576,0.0578125,0.032499683702914305,1.85,0.085,0.0670820393249937,0.0265625,0.02096313728906053,0.85,combo_mean_statistics_num_list_users_on_hold_dropped_plan_to_watch,"mean, statistics_num_list_users, on_hold, dropped, plan_to_watch",5,20,False,0.40687277196386595
14,10,0.185,0.08750939799154206,0.0578125,0.027346686872356897,1.85,0.085,0.0670820393249937,0.0265625,0.02096313728906053,0.85,combo_mean_statistics_num_list_users_watching_on_hold_dropped_plan_to_watch,"mean, statistics_num_list_users, watching, on_hold, dropped, plan_to_watch",6,20,False,0.40687277196386595
14,10,0.185,0.08750939799154206,0.0578125,0.027346686872356897,1.85,0.085,0.0670820393249937,0.0265625,0.02096313728906053,0.85,combo_mean_watching_completed_on_hold_dropped_plan_to_watch,"mean, watching, completed, on_hold, dropped, plan_to_watch",6,20,False,0.40687277196386595
14,10,0.185,0.08750939799154206,0.0578125,0.027346686872356897,1.85,0.085,0.0670820393249937,0.0265625,0.02096313728906053,0.85,combo_mean_statistics_num_list_users_watching_completed_on_hold_dropped_plan_to_watch,"mean, statistics_num_list_users, watching, completed, on_hold, dropped, plan_to_watch",7,20,False,0.40687277196386595
14,10,0.18,0.10563093645728085,0.05625,0.03300966764290027,1.8,,,,,,combo_popularity_watching_plan_to_watch,"popularity, watching, plan_to_watch",3,20,False,0.40687277196386595
14,10,0.18,0.07677718959499143,0.05625,0.023992871748434827,1.8,0.085,0.0670820393249937,0.0265625,0.02096313728906053,0.85,combo_mean_statistics_num_list_users_dropped_plan_to_watch,"mean, statistics_num_list_users, dropped, plan_to_watch",4,20,False,0.40687277196386595
14,10,0.18,0.07677718959499143,0.05625,0.023992871748434827,1.8,0.085,0.0670820393249937,0.0265625,0.02096313728906053,0.85,combo_mean_statistics_num_list_users_completed_dropped_plan_to_watch,"mean, statistics_num_list_users, completed, dropped, plan_to_watch",5,20,False,0.40687277196386595
14,10,0.18,0.10052493799000695,0.05625,0.031414043121877164,1.8,0.085,0.0670820393249937,0.0265625,0.02096313728906053,0.85,combo_mean_completed_on_hold_dropped_plan_to_watch,"mean, completed, on_hold, dropped, plan_to_watch",5,20,False,0.40687277196386595
14,10,0.18,0.08944271909999157,0.05625,0.027950849718747374,1.8,,,,,,combo_popularity_statistics_num_list_users_watching_completed_on_hold,"popularity, statistics_num_list_users, watching, completed, on_hold",5,20,False,0.40687277196386595
14,10,0.18,0.10052493799000692,0.05625,0.031414043121877164,1.8,,,,,,combo_popularity_statistics_num_list_users_completed_on_hold_plan_to_watch,"popularity, statistics_num_list_users, completed, on_hold, plan_to_watch",5,20,False,0.40687277196386595
14,10,0.175,0.0638666373658505,0.0546875,0.019958324176828284,1.75,,,,,,combo_popularity_plan_to_watch,"popularity, plan_to_watch",2,20,False,0.40687277196386595
14,10,0.175,0.10699237552766379,0.0546875,0.03343511735239494,1.75,,,,,,combo_popularity_statistics_num_list_users_watching_on_hold,"popularity, statistics_num_list_users, watching, on_hold",4,20,False,0.40687277196386595
14,10,0.175,0.1069923755276638,0.0546875,0.03343511735239494,1.75,,,,,,combo_popularity_statistics_num_list_users_on_hold_plan_to_watch,"popularity, statistics_num_list_users, on_hold, plan_to_watch",4,20,False,0.40687277196386595
14,10,0.175,0.10699237552766379,0.0546875,0.03343511735239493,1.75,,,,,,combo_statistics_num_list_users_completed_on_hold_dropped,"statistics_num_list_users, completed, on_hold, dropped",4,20,False,0.40687277196386595
14,10,0.16999999999999998,0.08013147091860318,0.053125,0.025041084662063496,1.7,0.085,0.0670820393249937,0.0265625,0.02096313728906053,0.85,combo_mean_completed_dropped_plan_to_watch,"mean, completed, dropped, plan_to_watch",4,20,False,0.40687277196386595
14,10,0.16999999999999998,0.10809352675491622,0.053125,0.033779227110911324,1.7,,,,,,combo_popularity_completed_on_hold_plan_to_watch,"popularity, completed, on_hold, plan_to_watch",4,20,False,0.40687277196386595
14,10,0.165,0.10399898784932576,0.0515625,0.032499683702914305,1.65,0.085,0.0670820393249937,0.0265625,0.02096313728906053,0.85,combo_mean_dropped_plan_to_watch,"mean, dropped, plan_to_watch",3,20,False,0.40687277196386595
14,10,0.16499999999999998,0.08750939799154205,0.0515625,0.02734668687235689,1.65,,,,,,combo_statistics_num_list_users_completed_dropped,"statistics_num_list_users, completed, dropped",3,20,False,0.40687277196386595
14,10,0.16,0.09403246919632544,0.05,0.0293851466238517,1.6,0.085,0.0670820393249937,0.0265625,0.02096313728906053,0.85,combo_mean_on_hold_plan_to_watch,"mean, on_hold, plan_to_watch",3,20,False,0.40687277196386595
14,10,0.16,0.09947229183096801,0.05,0.031085091197177502,1.6,,,,,,combo_statistics_num_list_users_on_hold_dropped,"statistics_num_list_users, on_hold, dropped",3,20,False,0.40687277196386595
14,10,0.155,0.09445132413883327,0.0484375,0.029516038793385397,1.55,,,,,,combo_watching_on_hold_dropped,"watching, on_hold, dropped",3,20,False,0.40687277196386595
14,10,0.155,0.0998683343734455,0.0484375,0.03120885449170172,1.55,0.085,0.0670820393249937,0.0265625,0.02096313728906053,0.85,combo_mean_on_hold_dropped_plan_to_watch,"mean, on_hold, dropped, plan_to_watch",4,20,False,0.40687277196386595
14,10,0.15,0.1,0.046875,0.03125,1.5,,,,,,combo_watching_on_hold,"watching, on_hold",2,20,False,0.40687277196386595
14,10,0.15,0.0827170191868511,0.046875,0.025849068495890977,1.5,,,,,,combo_popularity_watching_completed_plan_to_watch,"popularity, watching, completed, plan_to_watch",4,20,False,0.40687277196386595
14,10,0.15,0.0827170191868511,0.046875,0.025849068495890977,1.5,,,,,,combo_popularity_statistics_num_list_users_watching_completed_plan_to_watch,"popularity, statistics_num_list_users, watching, completed, plan_to_watch",5,20,False,0.40687277196386595
14,10,0.14500000000000002,0.07591546545162482,0.0453125,0.023723582953632756,1.45,,,,,,combo_statistics_num_list_users_completed,"statistics_num_list_users, completed",2,20,False,0.40687277196386595
14,10,0.14,0.08207826816681232,0.04375,0.025649458802128853,1.4,,,,,,combo_popularity_statistics_num_list_users_watching_plan_to_watch,"popularity, statistics_num_list_users, watching, plan_to_watch",4,20,False,0.40687277196386595
14,10,0.135,0.08750939799154206,0.0421875,0.027346686872356894,1.35,,,,,,combo_on_hold_dropped,"on_hold, dropped",2,20,False,0.40687277196386595
14,10,0.13,0.08645047258706175,0.040625,0.027015772683456795,1.3,,,,,,combo_statistics_num_list_users,statistics_num_list_users,1,20,False,0.40687277196386595
14,10,0.13,0.08645047258706175,0.040625,0.027015772683456795,1.3,,,,,,combo_on_hold,on_hold,1,20,False,0.40687277196386595
14,10,0.13,0.09233805168766387,0.040625,0.028855641152394956,1.3,,,,,,combo_watching_dropped,"watching, dropped",2,20,False,0.40687277196386595
14,10,0.13,0.09233805168766386,0.040625,0.02885564115239496,1.3,,,,,,combo_completed_on_hold_dropped,"completed, on_hold, dropped",3,20,False,0.40687277196386595
14,10,0.11500000000000002,0.0812727700887249,0.0359375,0.02539774065272653,1.15,,,,,,combo_popularity_statistics_num_list_users_watching_on_hold_plan_to_watch,"popularity, statistics_num_list_users, watching, on_hold, plan_to_watch",5,20,False,0.40687277196386595
14,10,0.11500000000000002,0.08127277008872491,0.0359375,0.02539774065272653,1.15,,,,,,combo_popularity_watching_completed_on_hold_plan_to_watch,"popularity, watching, completed, on_hold, plan_to_watch",5,20,False,0.40687277196386595
14,10,0.11500000000000002,0.08127277008872491,0.0359375,0.02539774065272653,1.15,,,,,,combo_popularity_statistics_num_list_users_watching_completed_on_hold_plan_to_watch,"popularity, statistics_num_list_users, watching, completed, on_hold, plan_to_watch",6,20,False,0.40687277196386595
14,10,0.10500000000000001,0.06863327411532597,0.0328125,0.021447898161039366,1.05,,,,,,combo_statistics_num_list_users_completed_plan_to_watch,"statistics_num_list_users, completed, plan_to_watch",3,20,False,0.40687277196386595
14,10,0.1,0.08583950752789522,0.03125,0.026824846102467253,1.0,,,,,,combo_statistics_num_list_users_dropped,"statistics_num_list_users, dropped",2,20,False,0.40687277196386595
14,10,0.1,0.08583950752789522,0.03125,0.026824846102467253,1.0,,,,,,combo_watching_on_hold_dropped_plan_to_watch,"watching, on_hold, dropped, plan_to_watch",4,20,False,0.40687277196386595
14,10,0.095,0.07591546545162482,0.0296875,0.023723582953632756,0.95,,,,,,combo_statistics_num_list_users_on_hold,"statistics_num_list_users, on_hold",2,20,False,0.40687277196386595
14,10,0.095,0.07591546545162482,0.0296875,0.023723582953632756,0.95,,,,,,combo_on_hold_plan_to_watch,"on_hold, plan_to_watch",2,20,False,0.40687277196386595
14,10,0.095,0.07591546545162482,0.0296875,0.023723582953632756,0.95,,,,,,combo_statistics_num_list_users_on_hold_plan_to_watch,"statistics_num_list_users, on_hold, plan_to_watch",3,20,False,0.40687277196386595
14,10,0.095,0.07591546545162482,0.0296875,0.023723582953632756,0.95,,,,,,combo_statistics_num_list_users_dropped_plan_to_watch,"statistics_num_list_users, dropped, plan_to_watch",3,20,False,0.40687277196386595
14,10,0.095,0.07591546545162482,0.0296875,0.023723582953632756,0.95,,,,,,combo_completed_on_hold_plan_to_watch,"completed, on_hold, plan_to_watch",3,20,False,0.40687277196386595
14,10,0.095,0.07591546545162482,0.0296875,0.023723582953632756,0.95,,,,,,combo_on_hold_dropped_plan_to_watch,"on_hold, dropped, plan_to_watch",3,20,False,0.40687277196386595
14,10,0.095,0.07591546545162482,0.0296875,0.023723582953632756,0.95,,,,,,combo_statistics_num_list_users_completed_on_hold_plan_to_watch,"statistics_num_list_users, completed, on_hold, plan_to_watch",4,20,False,0.40687277196386595
14,10,0.09,0.08522416262267904,0.028125,0.026632550819587195,0.9,,,,,,combo_watching_completed,"watching, completed",2,20,False,0.40687277196386595
14,10,0.09,0.06407232755171874,0.028125,0.020022602359912108,0.9,,,,,,combo_watching_plan_to_watch,"watching, plan_to_watch",2,20,False,0.40687277196386595
14,10,0.09,0.07181848464596079,0.028125,0.022443276451862747,0.9,,,,,,combo_completed_on_hold,"completed, on_hold",2,20,False,0.40687277196386595
14,10,0.09,0.07181848464596079,0.028125,0.022443276451862747,0.9,,,,,,combo_completed_plan_to_watch,"completed, plan_to_watch",2,20,False,0.40687277196386595
14,10,0.09,0.07880689256524123,0.028125,0.02462715392663788,0.9,,,,,,combo_dropped_plan_to_watch,"dropped, plan_to_watch",2,20,False,0.40687277196386595
14,10,0.09,0.07181848464596079,0.028125,0.022443276451862743,0.9,,,,,,combo_statistics_num_list_users_completed_on_hold,"statistics_num_list_users, completed, on_hold",3,20,False,0.40687277196386595
14,10,0.09,0.07880689256524123,0.028125,0.024627153926637887,0.9,,,,,,combo_watching_dropped_plan_to_watch,"watching, dropped, plan_to_watch",3,20,False,0.40687277196386595
14,10,0.09,0.07880689256524123,0.028125,0.02462715392663788,0.9,,,,,,combo_completed_dropped_plan_to_watch,"completed, dropped, plan_to_watch",3,20,False,0.40687277196386595
14,10,0.09,0.08522416262267904,0.028125,0.026632550819587195,0.9,,,,,,combo_statistics_num_list_users_watching_dropped_plan_to_watch,"statistics_num_list_users, watching, dropped, plan_to_watch",4,20,False,0.40687277196386595
14,10,0.09,0.07880689256524123,0.028125,0.02462715392663788,0.9,,,,,,combo_statistics_num_list_users_completed_dropped_plan_to_watch,"statistics_num_list_users, completed, dropped, plan_to_watch",4,20,False,0.40687277196386595
14,10,0.09,0.07880689256524123,0.028125,0.02462715392663788,0.9,,,,,,combo_statistics_num_list_users_on_hold_dropped_plan_to_watch,"statistics_num_list_users, on_hold, dropped, plan_to_watch",4,20,False,0.40687277196386595
14,10,0.09,0.07880689256524125,0.028125,0.024627153926637887,0.9,,,,,,combo_watching_completed_on_hold_dropped,"watching, completed, on_hold, dropped",4,20,False,0.40687277196386595
14,10,0.09,0.08522416262267904,0.028125,0.026632550819587195,0.9,,,,,,combo_watching_completed_dropped_plan_to_watch,"watching, completed, dropped, plan_to_watch",4,20,False,0.40687277196386595
14,10,0.09,0.07880689256524123,0.028125,0.02462715392663788,0.9,,,,,,combo_completed_on_hold_dropped_plan_to_watch,"completed, on_hold, dropped, plan_to_watch",4,20,False,0.40687277196386595
14,10,0.09,0.08522416262267904,0.028125,0.026632550819587195,0.9,,,,,,combo_statistics_num_list_users_watching_completed_dropped_plan_to_watch,"statistics_num_list_users, watching, completed, dropped, plan_to_watch",5,20,False,0.40687277196386595
14,10,0.09,0.07880689256524123,0.028125,0.02462715392663788,0.9,,,,,,combo_statistics_num_list_users_watching_on_hold_dropped_plan_to_watch,"statistics_num_list_users, watching, on_hold, dropped, plan_to_watch",5,20,False,0.40687277196386595
14,10,0.09,0.07880689256524123,0.028125,0.02462715392663788,0.9,,,,,,combo_statistics_num_list_users_completed_on_hold_dropped_plan_to_watch,"statistics_num_list_users, completed, on_hold, dropped, plan_to_watch",5,20,False,0.40687277196386595
14,10,0.09,0.07880689256524123,0.028125,0.02462715392663788,0.9,,,,,,combo_watching_completed_on_hold_dropped_plan_to_watch,"watching, completed, on_hold, dropped, plan_to_watch",5,20,False,0.40687277196386595
14,10,0.09,0.07880689256524123,0.028125,0.02462715392663788,0.9,,,,,,combo_statistics_num_list_users_watching_completed_on_hold_dropped_plan_to_watch,"statistics_num_list_users, watching, completed, on_hold, dropped, plan_to_watch",6,20,False,0.40687277196386595
14,10,0.085,0.07451598203705946,0.0265625,0.023286244386581084,0.85,,,,,,combo_statistics_num_list_users_plan_to_watch,"statistics_num_list_users, plan_to_watch",2,20,False,0.40687277196386595
14,10,0.08,0.07677718959499145,0.025,0.02399287174843483,0.8,,,,,,combo_statistics_num_list_users_watching,"statistics_num_list_users, watching",2,20,False,0.40687277196386595
14,10,0.075,0.08506963092234007,0.0234375,0.02658425966323127,0.75,,,,,,combo_completed,completed,1,20,False,0.40687277196386595
14,10,0.075,0.08506963092234007,0.0234375,0.02658425966323127,0.75,,,,,,combo_statistics_num_list_users_watching_on_hold_dropped,"statistics_num_list_users, watching, on_hold, dropped",4,20,False,0.40687277196386595
14,10,0.075,0.08506963092234007,0.0234375,0.02658425966323127,0.75,,,,,,combo_statistics_num_list_users_watching_completed_on_hold_dropped,"statistics_num_list_users, watching, completed, on_hold, dropped",5,20,False,0.40687277196386595
14,10,0.07,0.05712405705774794,0.021875,0.01785126783054623,0.7,,,,,,combo_plan_to_watch,plan_to_watch,1,20,False,0.40687277196386595
14,10,0.065,0.05871429486123998,0.0203125,0.018348217144137494,0.65,,,,,,combo_dropped,dropped,1,20,False,0.40687277196386595
14,10,0.065,0.07451598203705947,0.0203125,0.023286244386581084,0.65,,,,,,combo_statistics_num_list_users_watching_completed,"statistics_num_list_users, watching, completed",3,20,False,0.40687277196386595
14,10,0.065,0.07451598203705946,0.0203125,0.02328624438658108,0.65,,,,,,combo_watching_completed_on_hold,"watching, completed, on_hold",3,20,False,0.40687277196386595
14,10,0.065,0.05871429486123998,0.0203125,0.018348217144137494,0.65,,,,,,combo_watching_completed_dropped,"watching, completed, dropped",3,20,False,0.40687277196386595
14,10,0.06000000000000001,0.07539370349250518,0.01875,0.023560532341407873,0.6,,,,,,combo_statistics_num_list_users_watching_on_hold,"statistics_num_list_users, watching, on_hold",3,20,False,0.40687277196386595
14,10,0.06000000000000001,0.059824304161611885,0.01875,0.018695095050503714,0.6,,,,,,combo_statistics_num_list_users_watching_plan_to_watch,"statistics_num_list_users, watching, plan_to_watch",3,20,False,0.40687277196386595
14,10,0.06000000000000001,0.059824304161611885,0.01875,0.018695095050503714,0.6,,,,,,combo_watching_completed_plan_to_watch,"watching, completed, plan_to_watch",3,20,False,0.40687277196386595
14,10,0.06000000000000001,0.06805570473787205,0.01875,0.021267407730585018,0.6,,,,,,combo_watching_on_hold_plan_to_watch,"watching, on_hold, plan_to_watch",3,20,False,0.40687277196386595
14,10,0.06000000000000001,0.059824304161611885,0.01875,0.018695095050503714,0.6,,,,,,combo_statistics_num_list_users_watching_completed_plan_to_watch,"statistics_num_list_users, watching, completed, plan_to_watch",4,20,False,0.40687277196386595
14,10,0.06000000000000001,0.06805570473787206,0.01875,0.021267407730585018,0.6,,,,,,combo_statistics_num_list_users_watching_on_hold_plan_to_watch,"statistics_num_list_users, watching, on_hold, plan_to_watch",4,20,False,0.40687277196386595
14,10,0.06000000000000001,0.06805570473787206,0.01875,0.021267407730585018,0.6,,,,,,combo_watching_completed_on_hold_plan_to_watch,"watching, completed, on_hold, plan_to_watch",4,20,False,0.40687277196386595
14,10,0.06000000000000001,0.06805570473787206,0.01875,0.021267407730585018,0.6,,,,,,combo_statistics_num_list_users_watching_completed_on_hold_plan_to_watch,"statistics_num_list_users, watching, completed, on_hold, plan_to_watch",5,20,False,0.40687277196386595
14,10,0.05,0.0606976978666884,0.015625,0.018968030583340127,0.5,,,,,,combo_statistics_num_list_users_watching_dropped,"statistics_num_list_users, watching, dropped",3,20,False,0.40687277196386595
14,10,0.05,0.06882472016116853,0.015625,0.021507725050365165,0.5,,,,,,combo_statistics_num_list_users_watching_completed_on_hold,"statistics_num_list_users, watching, completed, on_hold",4,20,False,0.40687277196386595
14,10,0.045,0.06863327411532598,0.0140625,0.02144789816103937,0.45,,,,,,combo_completed_dropped,"completed, dropped",2,20,False,0.40687277196386595
14,10,0.04,0.059824304161611885,0.0125,0.018695095050503714,0.4,,,,,,combo_statistics_num_list_users_watching_completed_dropped,"statistics_num_list_users, watching, completed, dropped",4,20,False,0.40687277196386595
